# Blender 5.0.1
# www.blender.org
mtllib titleFont.mtl
o テキスト
v -3.480448 -1.062428 -0.279999
v -3.487759 -1.168898 -0.279999
v -3.502611 -1.265864 -0.279999
v -3.524558 -1.353191 -0.279999
v -3.553154 -1.430745 -0.279999
v -3.587952 -1.498394 -0.279999
v -3.628507 -1.556002 -0.279999
v -3.674372 -1.603436 -0.279999
v -3.725101 -1.640562 -0.279999
v -3.780247 -1.667247 -0.279999
v -3.839365 -1.683356 -0.279999
v -3.902008 -1.688755 -0.279999
v -3.955729 -1.686648 -0.279999
v -4.007542 -1.680202 -0.279999
v -4.057280 -1.669227 -0.279999
v -4.104775 -1.653533 -0.279999
v -4.149861 -1.632930 -0.279999
v -4.192370 -1.607229 -0.279999
v -4.232135 -1.576240 -0.279999
v -4.268988 -1.539774 -0.279999
v -4.302762 -1.497641 -0.279999
v -4.333289 -1.449651 -0.279999
v -4.360403 -1.395614 -0.279999
v -4.383936 -1.335341 -0.279999
v -4.387861 -1.325314 -0.279999
v -4.393113 -1.316169 -0.279999
v -4.399548 -1.307982 -0.279999
v -4.407021 -1.300833 -0.279999
v -4.415386 -1.294800 -0.279999
v -4.424498 -1.289960 -0.279999
v -4.434213 -1.286392 -0.279999
v -4.444385 -1.284174 -0.279999
v -4.454870 -1.283384 -0.279999
v -4.465522 -1.284099 -0.279999
v -4.476196 -1.286399 -0.279999
v -4.486747 -1.290362 -0.279999
v -4.496037 -1.294896 -0.279999
v -4.504581 -1.300402 -0.279999
v -4.512299 -1.306777 -0.279998
v -4.519114 -1.313923 -0.279998
v -4.524946 -1.321737 -0.279998
v -4.529719 -1.330121 -0.279998
v -4.533354 -1.338973 -0.279998
v -4.535773 -1.348193 -0.279998
v -4.536898 -1.357681 -0.279998
v -4.536650 -1.367336 -0.279998
v -4.534953 -1.377058 -0.279998
v -4.531727 -1.386747 -0.279998
v -4.499580 -1.468742 -0.279998
v -4.461431 -1.541499 -0.279999
v -4.417972 -1.605422 -0.279999
v -4.369895 -1.660910 -0.279999
v -4.317890 -1.708367 -0.279999
v -4.262650 -1.748193 -0.279999
v -4.204867 -1.780790 -0.279999
v -4.145233 -1.806560 -0.279999
v -4.084438 -1.825904 -0.279999
v -4.023174 -1.839224 -0.279999
v -3.962134 -1.846921 -0.279999
v -3.902008 -1.849398 -0.279999
v -3.760206 -1.841916 -0.279999
v -3.631846 -1.820065 -0.279999
v -3.516717 -1.784739 -0.279999
v -3.414607 -1.736829 -0.279999
v -3.325303 -1.677228 -0.279999
v -3.248595 -1.606827 -0.279999
v -3.184269 -1.526521 -0.279999
v -3.132114 -1.437201 -0.279999
v -3.091918 -1.339759 -0.279999
v -3.063469 -1.235089 -0.279999
v -3.046555 -1.124082 -0.279999
v -3.040964 -1.007631 -0.279999
v -3.048749 -0.877681 -0.279999
v -3.071382 -0.757861 -0.279999
v -3.107781 -0.648394 -0.279999
v -3.156865 -0.549502 -0.279999
v -3.217550 -0.461409 -0.279999
v -3.288755 -0.384338 -0.279999
v -3.369398 -0.318511 -0.279999
v -3.458397 -0.264153 -0.279999
v -3.554669 -0.221486 -0.279999
v -3.657132 -0.190733 -0.279999
v -3.764705 -0.172118 -0.279999
v -3.876305 -0.165864 -0.279999
v -3.975844 -0.170978 -0.279999
v -4.068601 -0.186435 -0.279999
v -4.154217 -0.212400 -0.279999
v -4.232337 -0.249041 -0.279999
v -4.302603 -0.296525 -0.279999
v -4.364659 -0.355020 -0.279999
v -4.418147 -0.424693 -0.279999
v -4.462710 -0.505712 -0.279999
v -4.497992 -0.598243 -0.279999
v -4.523635 -0.702454 -0.279999
v -4.539283 -0.818513 -0.279999
v -4.544579 -0.946586 -0.279999
v -3.481125 -0.946586 -0.279999
v -4.033735 -0.785944 -0.279999
v -4.052018 -0.785025 -0.279999
v -4.068348 -0.782344 -0.279999
v -4.082782 -0.778012 -0.279999
v -4.095375 -0.772141 -0.279999
v -4.106183 -0.764841 -0.279999
v -4.115262 -0.756225 -0.279999
v -4.122667 -0.746404 -0.279999
v -4.128455 -0.735490 -0.279999
v -4.132681 -0.723594 -0.279999
v -4.135401 -0.710829 -0.279999
v -4.136671 -0.697304 -0.279999
v -4.136546 -0.683133 -0.279999
v -4.130629 -0.632246 -0.279999
v -4.122402 -0.584204 -0.279999
v -4.111698 -0.539307 -0.279999
v -4.098350 -0.497858 -0.279999
v -4.082191 -0.460157 -0.279999
v -4.063053 -0.426506 -0.279999
v -4.040769 -0.397206 -0.279999
v -4.015172 -0.372557 -0.279999
v -3.986095 -0.352862 -0.279999
v -3.953369 -0.338420 -0.279999
v -3.916829 -0.329535 -0.279999
v -3.876305 -0.326506 -0.279999
v -3.825773 -0.330392 -0.279999
v -3.778611 -0.341797 -0.279999
v -3.734839 -0.360342 -0.279999
v -3.694482 -0.385646 -0.279999
v -3.657560 -0.417332 -0.279999
v -3.624096 -0.455020 -0.279999
v -3.594114 -0.498331 -0.279999
v -3.567634 -0.546884 -0.279999
v -3.544679 -0.600301 -0.279999
v -3.525272 -0.658203 -0.279999
v -3.509434 -0.720211 -0.279999
v -3.497189 -0.785944 -0.279999
v -1.871486 0.312851 -0.279999
v -1.870250 0.336914 -0.279999
v -1.866682 0.357831 -0.279999
v -1.860994 0.375803 -0.279999
v -1.853399 0.391031 -0.279999
v -1.844108 0.403715 -0.279999
v -1.833333 0.414056 -0.279999
v -1.821287 0.422256 -0.279999
v -1.808181 0.428514 -0.279999
v -1.794227 0.433032 -0.279999
v -1.779637 0.436011 -0.279999
v -1.764624 0.437651 -0.279999
v -1.749398 0.438153 -0.279999
v -1.739107 0.438811 -0.279999
v -1.729184 0.440741 -0.279999
v -1.719729 0.443875 -0.279999
v -1.710844 0.448148 -0.279999
v -1.702627 0.453492 -0.279999
v -1.695181 0.459839 -0.279999
v -1.688605 0.467124 -0.279999
v -1.682999 0.475279 -0.279999
v -1.678464 0.484237 -0.279999
v -1.675101 0.493931 -0.279999
v -1.673009 0.504295 -0.279999
v -1.672289 0.515261 -0.279999
v -1.673074 0.526288 -0.279999
v -1.675354 0.536814 -0.279999
v -1.679016 0.546737 -0.279999
v -1.683951 0.555957 -0.279999
v -1.690046 0.564374 -0.279999
v -1.697189 0.571887 -0.279999
v -1.705269 0.578397 -0.279999
v -1.714175 0.583802 -0.279999
v -1.723795 0.588002 -0.279999
v -1.734018 0.590897 -0.279999
v -1.744731 0.592386 -0.279999
v -1.755823 0.592369 -0.279999
v -1.773935 0.590711 -0.279999
v -1.791477 0.589008 -0.279999
v -1.808685 0.587349 -0.279999
v -1.825792 0.585825 -0.279999
v -1.843033 0.584523 -0.279999
v -1.860643 0.583534 -0.279999
v -1.878854 0.582947 -0.279999
v -1.897903 0.582850 -0.279999
v -1.918022 0.583333 -0.279999
v -1.939447 0.584486 -0.279999
v -1.962411 0.586397 -0.279999
v -1.987149 0.589157 -0.279999
v -2.010091 0.592509 -0.279999
v -2.030924 0.596162 -0.279999
v -2.049950 0.600150 -0.279999
v -2.067470 0.604507 -0.279999
v -2.083786 0.609265 -0.279999
v -2.099197 0.614458 -0.279999
v -2.114006 0.620119 -0.279999
v -2.128514 0.626283 -0.279999
v -2.143022 0.632982 -0.279999
v -2.157831 0.640250 -0.279999
v -2.173243 0.648120 -0.279999
v -2.189558 0.656626 -0.279999
v -2.199438 0.661392 -0.279999
v -2.209698 0.664495 -0.279999
v -2.220181 0.666014 -0.279999
v -2.230730 0.666027 -0.279999
v -2.241191 0.664612 -0.279999
v -2.251406 0.661847 -0.279999
v -2.261219 0.657811 -0.279999
v -2.270474 0.652580 -0.279999
v -2.279016 0.646235 -0.279999
v -2.286687 0.638852 -0.279999
v -2.293333 0.630509 -0.279999
v -2.298795 0.621285 -0.279999
v -2.300881 0.614255 -0.279999
v -2.302365 0.607616 -0.279999
v -2.303313 0.601355 -0.279999
v -2.303793 0.595463 -0.279999
v -2.303871 0.589928 -0.279999
v -2.303615 0.584739 -0.279999
v -2.303090 0.579884 -0.279999
v -2.302365 0.575353 -0.279999
v -2.301506 0.571134 -0.279999
v -2.300580 0.567217 -0.279999
v -2.299654 0.563589 -0.279999
v -2.298795 0.560241 -0.279999
v -2.295653 0.550760 -0.279999
v -2.292667 0.541425 -0.279999
v -2.289860 0.531978 -0.279999
v -2.287253 0.522163 -0.279999
v -2.284869 0.511723 -0.279999
v -2.282731 0.500401 -0.279999
v -2.280861 0.487942 -0.279999
v -2.279280 0.474089 -0.279999
v -2.278012 0.458584 -0.279999
v -2.277079 0.441172 -0.279999
v -2.276502 0.421596 -0.279999
v -2.276305 0.399598 -0.279999
v -2.276305 -1.492771 -0.279999
v -2.277417 -1.523435 -0.279999
v -2.280648 -1.551198 -0.279999
v -2.285843 -1.576105 -0.279999
v -2.292845 -1.598200 -0.279999
v -2.301499 -1.617530 -0.279999
v -2.311647 -1.634137 -0.279999
v -2.323133 -1.648067 -0.279999
v -2.335803 -1.659364 -0.279999
v -2.349498 -1.668072 -0.279999
v -2.364064 -1.674238 -0.279999
v -2.379343 -1.677904 -0.279999
v -2.395181 -1.679117 -0.279999
v -2.405472 -1.679836 -0.279999
v -2.415395 -1.681928 -0.279999
v -2.424850 -1.685291 -0.279999
v -2.433735 -1.689826 -0.279999
v -2.441951 -1.695432 -0.279999
v -2.449398 -1.702008 -0.279999
v -2.455974 -1.709455 -0.279999
v -2.461580 -1.717671 -0.279999
v -2.466115 -1.726556 -0.279999
v -2.469478 -1.736011 -0.279999
v -2.471570 -1.745934 -0.279999
v -2.472289 -1.756225 -0.279999
v -2.471506 -1.767252 -0.279999
v -2.469239 -1.777778 -0.279999
v -2.465612 -1.787701 -0.279999
v -2.460746 -1.796921 -0.279999
v -2.454765 -1.805338 -0.279999
v -2.447791 -1.812852 -0.279999
v -2.439947 -1.819361 -0.279999
v -2.431355 -1.824766 -0.279999
v -2.422138 -1.828966 -0.279999
v -2.412420 -1.831861 -0.279999
v -2.402322 -1.833350 -0.279999
v -2.391968 -1.833333 -0.279999
v -2.371843 -1.832469 -0.279999
v -2.350111 -1.831504 -0.279999
v -2.326907 -1.830472 -0.279999
v -2.302365 -1.829407 -0.279999
v -2.276617 -1.828341 -0.279999
v -2.249799 -1.827309 -0.279999
v -2.222044 -1.826344 -0.279999
v -2.193485 -1.825480 -0.279999
v -2.164257 -1.824749 -0.279999
v -2.134493 -1.824186 -0.279999
v -2.104328 -1.823823 -0.279999
v -2.073896 -1.823695 -0.279999
v -2.043401 -1.823823 -0.279999
v -2.013075 -1.824186 -0.279999
v -1.983083 -1.824749 -0.279999
v -1.953592 -1.825480 -0.279999
v -1.924772 -1.826344 -0.279999
v -1.896787 -1.827309 -0.279999
v -1.869807 -1.828341 -0.279999
v -1.843998 -1.829407 -0.279999
v -1.819528 -1.830472 -0.279999
v -1.796564 -1.831504 -0.279999
v -1.775274 -1.832469 -0.279999
v -1.755823 -1.833333 -0.279999
v -1.744731 -1.833350 -0.279999
v -1.734018 -1.831861 -0.279999
v -1.723795 -1.828966 -0.279999
v -1.714175 -1.824766 -0.279999
v -1.705269 -1.819361 -0.279999
v -1.697189 -1.812852 -0.279999
v -1.690046 -1.805338 -0.279999
v -1.683951 -1.796921 -0.279999
v -1.679016 -1.787701 -0.279999
v -1.675354 -1.777778 -0.279999
v -1.673074 -1.767253 -0.279999
v -1.672289 -1.756225 -0.279999
v -1.673009 -1.745934 -0.279999
v -1.675101 -1.736011 -0.279999
v -1.678464 -1.726556 -0.279999
v -1.682999 -1.717671 -0.279999
v -1.688605 -1.709455 -0.279999
v -1.695181 -1.702008 -0.279999
v -1.702627 -1.695432 -0.279999
v -1.710844 -1.689826 -0.279999
v -1.719729 -1.685291 -0.279999
v -1.729184 -1.681928 -0.279999
v -1.739107 -1.679836 -0.279999
v -1.749398 -1.679117 -0.279999
v -1.765299 -1.677904 -0.279999
v -1.780753 -1.674238 -0.279999
v -1.795583 -1.668072 -0.279999
v -1.809609 -1.659364 -0.279999
v -1.822654 -1.648067 -0.279999
v -1.834539 -1.634137 -0.279999
v -1.845084 -1.617530 -0.279999
v -1.854113 -1.598200 -0.279999
v -1.861446 -1.576105 -0.279999
v -1.866905 -1.551198 -0.279999
v -1.870311 -1.523435 -0.279999
v -1.871486 -1.492771 -0.279999
v 0.179657 -0.195532 -0.280000
v 0.111959 -0.187417 -0.280000
v 0.046737 -0.172540 -0.280000
v -0.015172 -0.149799 -0.280000
v -0.072931 -0.118089 -0.280000
v -0.125703 -0.076305 -0.280000
v -0.172652 -0.023344 -0.280000
v -0.212941 0.041901 -0.280000
v -0.245733 0.120532 -0.280000
v -0.270192 0.213655 -0.280000
v -0.285481 0.322373 -0.280000
v -0.290763 0.447791 -0.280000
v -0.291546 0.458820 -0.280000
v -0.293812 0.469359 -0.280000
v -0.297440 0.479317 -0.280000
v -0.302306 0.488606 -0.280000
v -0.308287 0.497137 -0.280000
v -0.315261 0.504819 -0.280000
v -0.323106 0.511565 -0.280000
v -0.331697 0.517284 -0.280000
v -0.340914 0.521887 -0.280000
v -0.350632 0.525286 -0.280000
v -0.360730 0.527391 -0.280000
v -0.371084 0.528112 -0.280000
v -0.382114 0.527391 -0.280000
v -0.392652 0.525286 -0.280000
v -0.402611 0.521888 -0.280000
v -0.411900 0.517284 -0.280000
v -0.420430 0.511565 -0.280000
v -0.428113 0.504819 -0.280000
v -0.434858 0.497137 -0.280000
v -0.440577 0.488606 -0.280000
v -0.445181 0.479317 -0.280000
v -0.448580 0.469359 -0.280000
v -0.450684 0.458820 -0.280000
v -0.451406 0.447791 -0.280000
v -0.451406 -0.197992 -0.280000
v -0.926908 -0.197992 -0.280000
v -0.937937 -0.198713 -0.280000
v -0.948475 -0.200818 -0.280000
v -0.958434 -0.204217 -0.280000
v -0.967723 -0.208821 -0.280000
v -0.976253 -0.214540 -0.280000
v -0.983936 -0.221285 -0.280000
v -0.990681 -0.228968 -0.280000
v -0.996400 -0.237498 -0.280000
v -1.001004 -0.246787 -0.280000
v -1.004403 -0.256746 -0.280000
v -1.006508 -0.267284 -0.280000
v -1.007229 -0.278313 -0.280000
v -1.006508 -0.289343 -0.280000
v -1.004403 -0.299881 -0.280000
v -1.001004 -0.309840 -0.280000
v -0.996401 -0.319129 -0.280000
v -0.990681 -0.327659 -0.280000
v -0.983936 -0.335342 -0.280000
v -0.976253 -0.342087 -0.280000
v -0.967723 -0.347806 -0.280000
v -0.958434 -0.352410 -0.280000
v -0.948476 -0.355809 -0.280000
v -0.937937 -0.357913 -0.280000
v -0.926908 -0.358635 -0.280000
v -0.451406 -0.358635 -0.280000
v -0.451406 -1.306426 -0.280000
v -0.453129 -1.360351 -0.280000
v -0.458233 -1.408241 -0.280000
v -0.466617 -1.450351 -0.280000
v -0.478180 -1.486941 -0.280000
v -0.492821 -1.518264 -0.280000
v -0.510442 -1.544578 -0.280000
v -0.530941 -1.566141 -0.280000
v -0.554217 -1.583207 -0.280000
v -0.580171 -1.596034 -0.280000
v -0.608702 -1.604879 -0.280000
v -0.639709 -1.609998 -0.280000
v -0.673093 -1.611647 -0.280000
v -0.705400 -1.609313 -0.280000
v -0.736368 -1.602350 -0.280000
v -0.765864 -1.590813 -0.280000
v -0.793753 -1.574758 -0.280000
v -0.819902 -1.554241 -0.280000
v -0.844177 -1.529317 -0.280000
v -0.866444 -1.500043 -0.280000
v -0.886569 -1.466474 -0.280000
v -0.904418 -1.428665 -0.280000
v -0.919857 -1.386673 -0.280000
v -0.932753 -1.340553 -0.280000
v -0.942972 -1.290362 -0.280000
v -0.946032 -1.280200 -0.280000
v -0.950320 -1.270653 -0.280000
v -0.955723 -1.261797 -0.280000
v -0.962130 -1.253711 -0.280000
v -0.969430 -1.246473 -0.280000
v -0.977510 -1.240161 -0.280000
v -0.986260 -1.234852 -0.280000
v -0.995568 -1.230626 -0.280000
v -1.005322 -1.227560 -0.280000
v -1.015410 -1.225733 -0.280000
v -1.025722 -1.225221 -0.280000
v -1.036145 -1.226104 -0.280000
v -1.047107 -1.228366 -0.280000
v -1.057445 -1.231876 -0.280000
v -1.067068 -1.236547 -0.280000
v -1.075889 -1.242288 -0.280000
v -1.083817 -1.249011 -0.280000
v -1.090763 -1.256627 -0.280000
v -1.096639 -1.265046 -0.280000
v -1.101354 -1.274178 -0.280000
v -1.104820 -1.283936 -0.280000
v -1.106947 -1.294229 -0.280000
v -1.107646 -1.304968 -0.280000
v -1.106827 -1.316064 -0.280000
v -1.091659 -1.397488 -0.280000
v -1.069017 -1.472944 -0.280000
v -1.039458 -1.542219 -0.280000
v -1.003540 -1.605102 -0.280000
v -0.961821 -1.661381 -0.280000
v -0.914860 -1.710843 -0.280000
v -0.863212 -1.753278 -0.280000
v -0.807437 -1.788473 -0.280000
v -0.748093 -1.816215 -0.280000
v -0.685736 -1.836293 -0.280000
v -0.620925 -1.848496 -0.280000
v -0.554217 -1.852611 -0.280000
v -0.462563 -1.847155 -0.280000
v -0.381630 -1.831191 -0.280000
v -0.310894 -1.805321 -0.280000
v -0.249829 -1.770147 -0.280000
v -0.197912 -1.726272 -0.280000
v -0.154619 -1.674297 -0.280000
v -0.119424 -1.614826 -0.280000
v -0.091804 -1.548461 -0.280000
v -0.071235 -1.475803 -0.280000
v -0.057192 -1.397457 -0.280000
v -0.049150 -1.314023 -0.280000
v -0.046586 -1.226104 -0.280000
v -0.046586 -0.358635 -0.280000
v 0.248996 -0.358635 -0.280000
v 0.260025 -0.357913 -0.280000
v 0.270564 -0.355809 -0.280000
v 0.280522 -0.352410 -0.280000
v 0.289811 -0.347806 -0.280000
v 0.298341 -0.342087 -0.280000
v 0.306024 -0.335342 -0.280000
v 0.312769 -0.327659 -0.280000
v 0.318489 -0.319129 -0.280000
v 0.323092 -0.309840 -0.280000
v 0.326491 -0.299881 -0.280000
v 0.328596 -0.289343 -0.280000
v 0.329317 -0.278313 -0.280000
v 0.328596 -0.267284 -0.280000
v 0.326491 -0.256746 -0.280000
v 0.323092 -0.246787 -0.280000
v 0.318489 -0.237498 -0.280000
v 0.312769 -0.228968 -0.280000
v 0.306024 -0.221285 -0.280000
v 0.298341 -0.214540 -0.280000
v 0.289811 -0.208821 -0.280000
v 0.280522 -0.204217 -0.280000
v 0.270564 -0.200818 -0.280000
v 0.260025 -0.198713 -0.280000
v 0.248996 -0.197992 -0.280000
v 1.596347 -0.241481 -0.280001
v 1.578804 -0.243359 -0.280001
v 1.561597 -0.245281 -0.280001
v 1.544489 -0.247137 -0.280001
v 1.527248 -0.248814 -0.280001
v 1.509639 -0.250201 -0.280001
v 1.491427 -0.251186 -0.280001
v 1.472379 -0.251659 -0.280000
v 1.452259 -0.251506 -0.280000
v 1.430835 -0.250617 -0.280000
v 1.407870 -0.248881 -0.280000
v 1.383133 -0.246185 -0.280000
v 1.360191 -0.242769 -0.280000
v 1.339357 -0.238941 -0.280000
v 1.320331 -0.234689 -0.280000
v 1.302811 -0.230002 -0.280000
v 1.286496 -0.224868 -0.280000
v 1.271084 -0.219277 -0.280000
v 1.256275 -0.213218 -0.280000
v 1.241767 -0.206679 -0.280000
v 1.227259 -0.199649 -0.280000
v 1.212450 -0.192117 -0.280000
v 1.197038 -0.184072 -0.280000
v 1.180723 -0.175502 -0.280000
v 1.170843 -0.171412 -0.280000
v 1.160583 -0.168749 -0.280000
v 1.150101 -0.167470 -0.280000
v 1.139551 -0.167529 -0.280000
v 1.129091 -0.168883 -0.280000
v 1.118876 -0.171486 -0.280000
v 1.109062 -0.175294 -0.280000
v 1.099807 -0.180262 -0.280000
v 1.091265 -0.186345 -0.280000
v 1.083594 -0.193500 -0.280000
v 1.076949 -0.201681 -0.280000
v 1.071486 -0.210843 -0.280000
v 1.069400 -0.217873 -0.280000
v 1.067916 -0.224513 -0.280000
v 1.066968 -0.230773 -0.280000
v 1.066488 -0.236665 -0.280000
v 1.066410 -0.242200 -0.280000
v 1.066667 -0.247390 -0.280000
v 1.067191 -0.252244 -0.280000
v 1.067916 -0.256775 -0.280000
v 1.068775 -0.260994 -0.280000
v 1.069701 -0.264912 -0.280000
v 1.070627 -0.268539 -0.280000
v 1.071486 -0.271888 -0.280000
v 1.074628 -0.281368 -0.280000
v 1.077614 -0.290704 -0.280000
v 1.080422 -0.300151 -0.280000
v 1.083029 -0.309966 -0.280000
v 1.085412 -0.320406 -0.280000
v 1.087550 -0.331727 -0.280000
v 1.089421 -0.344186 -0.280000
v 1.091001 -0.358040 -0.280000
v 1.092269 -0.373544 -0.280000
v 1.093203 -0.390957 -0.280000
v 1.093779 -0.410533 -0.280000
v 1.093976 -0.432530 -0.280000
v 1.093976 -1.492771 -0.280000
v 1.092864 -1.523435 -0.280000
v 1.089633 -1.551198 -0.280000
v 1.084438 -1.576105 -0.280000
v 1.077436 -1.598200 -0.280000
v 1.068783 -1.617530 -0.280000
v 1.058635 -1.634137 -0.280000
v 1.047148 -1.648067 -0.280000
v 1.034479 -1.659364 -0.280000
v 1.020783 -1.668072 -0.280000
v 1.006218 -1.674238 -0.280000
v 0.990938 -1.677904 -0.280000
v 0.975101 -1.679117 -0.280000
v 0.964809 -1.679836 -0.280000
v 0.954886 -1.681928 -0.280000
v 0.945432 -1.685291 -0.280000
v 0.936546 -1.689826 -0.280000
v 0.928330 -1.695432 -0.280000
v 0.920884 -1.702008 -0.280000
v 0.914307 -1.709455 -0.280000
v 0.908702 -1.717671 -0.280000
v 0.904167 -1.726556 -0.280000
v 0.900803 -1.736011 -0.280000
v 0.898712 -1.745934 -0.280000
v 0.897992 -1.756225 -0.280000
v 0.898775 -1.767252 -0.280000
v 0.901041 -1.777778 -0.280000
v 0.904669 -1.787701 -0.280000
v 0.909535 -1.796921 -0.280000
v 0.915516 -1.805338 -0.280000
v 0.922490 -1.812852 -0.280000
v 0.930334 -1.819361 -0.280000
v 0.938926 -1.824766 -0.280000
v 0.948143 -1.828966 -0.280000
v 0.957861 -1.831861 -0.280000
v 0.967959 -1.833350 -0.280000
v 0.978313 -1.833333 -0.280000
v 0.998438 -1.832469 -0.280000
v 1.020170 -1.831504 -0.280000
v 1.043374 -1.830472 -0.280000
v 1.067916 -1.829407 -0.280000
v 1.093664 -1.828341 -0.280000
v 1.120482 -1.827309 -0.280000
v 1.148238 -1.826344 -0.280000
v 1.176796 -1.825480 -0.280000
v 1.206024 -1.824749 -0.280000
v 1.235788 -1.824186 -0.280000
v 1.265953 -1.823823 -0.280000
v 1.296386 -1.823695 -0.280000
v 1.326880 -1.823823 -0.280000
v 1.357207 -1.824186 -0.280000
v 1.387199 -1.824749 -0.280000
v 1.416689 -1.825480 -0.280000
v 1.445510 -1.826344 -0.280000
v 1.473494 -1.827309 -0.280000
v 1.500474 -1.828341 -0.280000
v 1.526283 -1.829407 -0.280000
v 1.550753 -1.830472 -0.280000
v 1.573717 -1.831504 -0.280000
v 1.595008 -1.832469 -0.280000
v 1.614458 -1.833333 -0.280000
v 1.625551 -1.833350 -0.280000
v 1.636264 -1.831861 -0.280000
v 1.646486 -1.828966 -0.280000
v 1.656106 -1.824766 -0.280000
v 1.665012 -1.819361 -0.280000
v 1.673092 -1.812852 -0.280000
v 1.680236 -1.805338 -0.280000
v 1.686331 -1.796921 -0.280001
v 1.691265 -1.787701 -0.280001
v 1.694928 -1.777778 -0.280001
v 1.697207 -1.767253 -0.280001
v 1.697992 -1.756225 -0.280001
v 1.697273 -1.745934 -0.280001
v 1.695181 -1.736011 -0.280001
v 1.691817 -1.726556 -0.280001
v 1.687283 -1.717671 -0.280001
v 1.681677 -1.709455 -0.280001
v 1.675100 -1.702008 -0.280001
v 1.667654 -1.695432 -0.280000
v 1.659438 -1.689826 -0.280000
v 1.650552 -1.685291 -0.280000
v 1.641098 -1.681928 -0.280000
v 1.631175 -1.679836 -0.280000
v 1.620884 -1.679117 -0.280000
v 1.604983 -1.677904 -0.280000
v 1.589528 -1.674238 -0.280000
v 1.574699 -1.668072 -0.280000
v 1.560672 -1.659364 -0.280000
v 1.547627 -1.648067 -0.280000
v 1.535743 -1.634137 -0.280000
v 1.525197 -1.617530 -0.280000
v 1.516168 -1.598200 -0.280000
v 1.508835 -1.576105 -0.280000
v 1.503376 -1.551198 -0.280000
v 1.499970 -1.523435 -0.280000
v 1.498795 -1.492771 -0.280000
v 1.498795 -0.522490 -0.280000
v 1.500032 -0.498427 -0.280000
v 1.503600 -0.477510 -0.280000
v 1.509287 -0.459538 -0.280001
v 1.516883 -0.444311 -0.280001
v 1.526173 -0.431627 -0.280001
v 1.536948 -0.421285 -0.280001
v 1.548994 -0.413086 -0.280001
v 1.562101 -0.406827 -0.280001
v 1.576054 -0.402309 -0.280001
v 1.590644 -0.399331 -0.280001
v 1.605658 -0.397691 -0.280001
v 1.620884 -0.397189 -0.280001
v 1.631175 -0.396469 -0.280001
v 1.641098 -0.394378 -0.280001
v 1.650552 -0.391014 -0.280001
v 1.659438 -0.386479 -0.280001
v 1.667654 -0.380874 -0.280001
v 1.675100 -0.374297 -0.280001
v 1.681677 -0.366851 -0.280001
v 1.687283 -0.358635 -0.280001
v 1.691817 -0.349749 -0.280001
v 1.695181 -0.340295 -0.280001
v 1.697273 -0.330372 -0.280001
v 1.697992 -0.320080 -0.280001
v 1.697207 -0.309051 -0.280001
v 1.694928 -0.298513 -0.280001
v 1.691265 -0.288554 -0.280001
v 1.686331 -0.279265 -0.280001
v 1.680236 -0.270735 -0.280001
v 1.673092 -0.263052 -0.280001
v 1.665012 -0.256307 -0.280001
v 1.656106 -0.250588 -0.280001
v 1.646486 -0.245984 -0.280001
v 1.636264 -0.242585 -0.280001
v 1.625551 -0.240481 -0.280001
v 1.614458 -0.239759 -0.280001
v 1.342381 0.119355 -0.280000
v 1.377332 0.126595 -0.280000
v 1.410542 0.138253 -0.280000
v 1.441678 0.153994 -0.280001
v 1.470404 0.173483 -0.280001
v 1.496386 0.196385 -0.280001
v 1.519288 0.222367 -0.280001
v 1.538777 0.251093 -0.280001
v 1.554518 0.282229 -0.280001
v 1.566176 0.315439 -0.280001
v 1.573416 0.350390 -0.280001
v 1.575904 0.386747 -0.280001
v 1.573416 0.423104 -0.280001
v 1.566176 0.458054 -0.280001
v 1.554518 0.491265 -0.280001
v 1.538777 0.522401 -0.280001
v 1.519288 0.551127 -0.280001
v 1.496386 0.577108 -0.280001
v 1.470404 0.600011 -0.280001
v 1.441678 0.619500 -0.280001
v 1.410542 0.635241 -0.280001
v 1.377332 0.646899 -0.280001
v 1.342381 0.654139 -0.280000
v 1.306024 0.656626 -0.280000
v 1.269668 0.654139 -0.280000
v 1.234717 0.646899 -0.280000
v 1.201506 0.635241 -0.280000
v 1.170370 0.619500 -0.280000
v 1.141644 0.600011 -0.280000
v 1.115663 0.577108 -0.280000
v 1.092760 0.551127 -0.280000
v 1.073271 0.522401 -0.280000
v 1.057530 0.491265 -0.280000
v 1.045872 0.458054 -0.280000
v 1.038632 0.423103 -0.280000
v 1.036145 0.386747 -0.280000
v 1.038632 0.350390 -0.280000
v 1.045872 0.315439 -0.280000
v 1.057530 0.282229 -0.280000
v 1.073271 0.251093 -0.280000
v 1.092760 0.222367 -0.280000
v 1.115663 0.196385 -0.280000
v 1.141644 0.173483 -0.280000
v 1.170370 0.153994 -0.280000
v 1.201506 0.138253 -0.280000
v 1.234717 0.126595 -0.280000
v 1.269668 0.119355 -0.280000
v 1.306024 0.116867 -0.280000
v 2.441554 0.020400 -0.280001
v 2.452105 0.021702 -0.280001
v 2.462099 0.024297 -0.280001
v 2.471456 0.028097 -0.280001
v 2.480100 0.033013 -0.280001
v 2.487952 0.038956 -0.280001
v 2.494934 0.045835 -0.280001
v 2.500967 0.053562 -0.280001
v 2.505974 0.062048 -0.280001
v 2.509877 0.071203 -0.280001
v 2.512597 0.080938 -0.280001
v 2.514056 0.091165 -0.280001
v 2.518602 0.140386 -0.280001
v 2.524989 0.186673 -0.280001
v 2.534388 0.229769 -0.280001
v 2.547970 0.269418 -0.280001
v 2.566907 0.305364 -0.280001
v 2.592370 0.337349 -0.280001
v 2.625530 0.365118 -0.280001
v 2.667560 0.388413 -0.280001
v 2.719629 0.406978 -0.280001
v 2.782910 0.420556 -0.280001
v 2.858574 0.428891 -0.280001
v 2.947792 0.431727 -0.280001
v 3.082731 0.431727 -0.280001
v 3.100594 0.431098 -0.280001
v 3.117195 0.429109 -0.280001
v 3.132481 0.425602 -0.280001
v 3.146394 0.420422 -0.280001
v 3.158879 0.413413 -0.280001
v 3.169880 0.404417 -0.280001
v 3.179342 0.393280 -0.280001
v 3.187209 0.379845 -0.280001
v 3.193424 0.363956 -0.280001
v 3.197933 0.345456 -0.280001
v 3.200679 0.324189 -0.280001
v 3.201607 0.300000 -0.280001
v 3.201607 -1.492771 -0.280001
v 3.200495 -1.523435 -0.280001
v 3.197264 -1.551198 -0.280001
v 3.192069 -1.576105 -0.280001
v 3.185067 -1.598200 -0.280001
v 3.176414 -1.617530 -0.280001
v 3.166265 -1.634137 -0.280001
v 3.154779 -1.648067 -0.280001
v 3.142110 -1.659364 -0.280001
v 3.128414 -1.668072 -0.280001
v 3.113848 -1.674238 -0.280001
v 3.098569 -1.677904 -0.280001
v 3.082731 -1.679117 -0.280001
v 3.072440 -1.679836 -0.280001
v 3.062517 -1.681928 -0.280001
v 3.053062 -1.685291 -0.280001
v 3.044177 -1.689826 -0.280001
v 3.035961 -1.695432 -0.280001
v 3.028514 -1.702008 -0.280001
v 3.021938 -1.709455 -0.280001
v 3.016332 -1.717671 -0.280001
v 3.011797 -1.726556 -0.280001
v 3.008434 -1.736011 -0.280001
v 3.006342 -1.745934 -0.280001
v 3.005623 -1.756225 -0.280001
v 3.006406 -1.767252 -0.280001
v 3.008672 -1.777778 -0.280001
v 3.012300 -1.787701 -0.280001
v 3.017165 -1.796921 -0.280001
v 3.023147 -1.805338 -0.280001
v 3.030121 -1.812852 -0.280001
v 3.037965 -1.819361 -0.280001
v 3.046557 -1.824766 -0.280001
v 3.055774 -1.828966 -0.280001
v 3.065492 -1.831861 -0.280001
v 3.075590 -1.833350 -0.280001
v 3.085944 -1.833333 -0.280001
v 3.106069 -1.832469 -0.280001
v 3.127800 -1.831504 -0.280001
v 3.151004 -1.830472 -0.280001
v 3.175547 -1.829407 -0.280001
v 3.201294 -1.828341 -0.280001
v 3.228113 -1.827309 -0.280001
v 3.255868 -1.826344 -0.280001
v 3.284427 -1.825480 -0.280001
v 3.313655 -1.824749 -0.280001
v 3.343418 -1.824186 -0.280001
v 3.373584 -1.823823 -0.280001
v 3.404016 -1.823695 -0.280001
v 3.434511 -1.823823 -0.280001
v 3.464838 -1.824186 -0.280001
v 3.494830 -1.824749 -0.280001
v 3.524320 -1.825480 -0.280001
v 3.553141 -1.826344 -0.280001
v 3.581125 -1.827309 -0.280001
v 3.608105 -1.828341 -0.280001
v 3.633914 -1.829407 -0.280001
v 3.658384 -1.830472 -0.280001
v 3.681348 -1.831504 -0.280001
v 3.702639 -1.832469 -0.280001
v 3.722089 -1.833333 -0.280001
v 3.733181 -1.833350 -0.280001
v 3.743894 -1.831861 -0.280001
v 3.754117 -1.828966 -0.280001
v 3.763737 -1.824766 -0.280001
v 3.772643 -1.819361 -0.280001
v 3.780723 -1.812852 -0.280001
v 3.787867 -1.805338 -0.280001
v 3.793961 -1.796921 -0.280001
v 3.798896 -1.787701 -0.280001
v 3.802559 -1.777778 -0.280001
v 3.804838 -1.767253 -0.280001
v 3.805623 -1.756225 -0.280001
v 3.804903 -1.745934 -0.280001
v 3.802811 -1.736011 -0.280001
v 3.799448 -1.726556 -0.280001
v 3.794913 -1.717671 -0.280001
v 3.789308 -1.709455 -0.280001
v 3.782731 -1.702008 -0.280001
v 3.775285 -1.695432 -0.280001
v 3.767069 -1.689826 -0.280001
v 3.758183 -1.685291 -0.280001
v 3.748729 -1.681928 -0.280001
v 3.738806 -1.679836 -0.280001
v 3.728514 -1.679117 -0.280001
v 3.712614 -1.677904 -0.280001
v 3.697160 -1.674238 -0.280001
v 3.682330 -1.668072 -0.280001
v 3.668303 -1.659364 -0.280001
v 3.655259 -1.648067 -0.280001
v 3.643374 -1.634137 -0.280001
v 3.632828 -1.617530 -0.280001
v 3.623799 -1.598200 -0.280001
v 3.616466 -1.576105 -0.280001
v 3.611007 -1.551198 -0.280001
v 3.607601 -1.523435 -0.280001
v 3.606426 -1.492771 -0.280001
v 3.606426 0.300000 -0.280001
v 3.607417 0.324189 -0.280001
v 3.610338 0.345456 -0.280001
v 3.615111 0.363956 -0.280001
v 3.621657 0.379845 -0.280001
v 3.629900 0.393280 -0.280001
v 3.639759 0.404418 -0.280001
v 3.651159 0.413413 -0.280001
v 3.664019 0.420422 -0.280001
v 3.678263 0.425602 -0.280001
v 3.693813 0.429109 -0.280001
v 3.710589 0.431098 -0.280001
v 3.728514 0.431727 -0.280001
v 3.863454 0.431727 -0.280001
v 3.952671 0.428891 -0.280001
v 4.028335 0.420556 -0.280001
v 4.091616 0.406978 -0.280001
v 4.143685 0.388413 -0.280001
v 4.185714 0.365118 -0.280001
v 4.218875 0.337349 -0.280001
v 4.244338 0.305364 -0.280001
v 4.263275 0.269418 -0.280001
v 4.276857 0.229769 -0.280001
v 4.286256 0.186673 -0.280001
v 4.292643 0.140386 -0.280001
v 4.297189 0.091165 -0.280001
v 4.298647 0.080938 -0.280001
v 4.301354 0.071203 -0.280001
v 4.305222 0.062048 -0.280001
v 4.310160 0.053562 -0.280001
v 4.316080 0.045835 -0.280001
v 4.322892 0.038956 -0.280001
v 4.330508 0.033013 -0.280001
v 4.338837 0.028097 -0.280001
v 4.347792 0.024297 -0.280001
v 4.357282 0.021701 -0.280001
v 4.367218 0.020400 -0.280001
v 4.377511 0.020482 -0.280001
v 4.388475 0.022005 -0.280001
v 4.398826 0.024899 -0.280001
v 4.408485 0.029066 -0.280001
v 4.417374 0.034404 -0.280001
v 4.425416 0.040813 -0.280001
v 4.432531 0.048193 -0.280001
v 4.438643 0.056442 -0.280001
v 4.443672 0.065462 -0.280001
v 4.447541 0.075150 -0.280001
v 4.450171 0.085408 -0.280001
v 4.451486 0.096134 -0.280001
v 4.451406 0.107229 -0.280001
v 4.449062 0.121274 -0.280001
v 4.446840 0.136055 -0.280001
v 4.444729 0.151506 -0.280001
v 4.442719 0.167559 -0.280001
v 4.440799 0.184147 -0.280001
v 4.438956 0.201205 -0.280001
v 4.437181 0.218663 -0.280001
v 4.435461 0.236457 -0.280001
v 4.433785 0.254518 -0.280001
v 4.432144 0.272780 -0.280001
v 4.430524 0.291176 -0.280001
v 4.428916 0.309639 -0.280001
v 4.428178 0.328163 -0.280001
v 4.427562 0.346720 -0.280001
v 4.427058 0.365211 -0.280001
v 4.426655 0.383534 -0.280001
v 4.426341 0.401590 -0.280001
v 4.426105 0.419277 -0.280001
v 4.425935 0.436496 -0.280001
v 4.425822 0.453146 -0.280001
v 4.425753 0.469126 -0.280001
v 4.425718 0.484337 -0.280001
v 4.425705 0.498678 -0.280001
v 4.425703 0.512048 -0.280001
v 4.425657 0.523077 -0.280001
v 4.423993 0.533616 -0.280001
v 4.420834 0.543574 -0.280001
v 4.416303 0.552863 -0.280001
v 4.410522 0.561393 -0.280001
v 4.403615 0.569076 -0.280001
v 4.395703 0.575822 -0.280001
v 4.386911 0.581541 -0.280001
v 4.377360 0.586144 -0.280001
v 4.367173 0.589543 -0.280001
v 4.356472 0.591648 -0.280001
v 4.345382 0.592369 -0.280001
v 4.336002 0.592053 -0.280001
v 4.308895 0.591179 -0.280001
v 4.265613 0.589859 -0.280001
v 4.207705 0.588205 -0.280001
v 4.136723 0.586327 -0.280001
v 4.054217 0.584337 -0.280001
v 3.961738 0.582348 -0.280001
v 3.860837 0.580470 -0.280001
v 3.753063 0.578815 -0.280001
v 3.639968 0.577495 -0.280001
v 3.523102 0.576621 -0.280001
v 3.404016 0.576305 -0.280001
v 3.285669 0.576621 -0.280001
v 3.169419 0.577495 -0.280001
v 3.056828 0.578815 -0.280001
v 2.949457 0.580470 -0.280001
v 2.848870 0.582348 -0.280001
v 2.756627 0.584337 -0.280001
v 2.674290 0.586327 -0.280001
v 2.603421 0.588205 -0.280001
v 2.545583 0.589859 -0.280001
v 2.502336 0.591179 -0.280001
v 2.475242 0.592053 -0.280001
v 2.465864 0.592369 -0.280001
v 2.454771 0.591648 -0.280001
v 2.444058 0.589543 -0.280001
v 2.433836 0.586144 -0.280001
v 2.424216 0.581541 -0.280001
v 2.415310 0.575822 -0.280001
v 2.407229 0.569076 -0.280001
v 2.400086 0.561394 -0.280001
v 2.393991 0.552863 -0.280001
v 2.389057 0.543574 -0.280001
v 2.385394 0.533616 -0.280001
v 2.383114 0.523077 -0.280001
v 2.382330 0.512048 -0.280001
v 2.383064 0.498678 -0.280001
v 2.383654 0.484337 -0.280001
v 2.384087 0.469126 -0.280001
v 2.384353 0.453146 -0.280001
v 2.384440 0.436496 -0.280001
v 2.384338 0.419277 -0.280001
v 2.384035 0.401590 -0.280001
v 2.383520 0.383534 -0.280001
v 2.382782 0.365211 -0.280001
v 2.381809 0.346720 -0.280001
v 2.380591 0.328163 -0.280001
v 2.379117 0.309639 -0.280001
v 2.378185 0.291176 -0.280001
v 2.377019 0.272780 -0.280001
v 2.375653 0.254518 -0.280001
v 2.374119 0.236457 -0.280001
v 2.372451 0.218663 -0.280001
v 2.370683 0.201205 -0.280001
v 2.368848 0.184148 -0.280001
v 2.366979 0.167559 -0.280001
v 2.365111 0.151506 -0.280001
v 2.363276 0.136055 -0.280001
v 2.361507 0.121274 -0.280001
v 2.359840 0.107229 -0.280001
v 2.359083 0.096134 -0.280001
v 2.359944 0.085408 -0.280001
v 2.362299 0.075150 -0.280001
v 2.366027 0.065462 -0.280001
v 2.371005 0.056442 -0.280001
v 2.377109 0.048193 -0.280001
v 2.384217 0.040813 -0.280001
v 2.392206 0.034404 -0.280001
v 2.400954 0.029066 -0.280001
v 2.410338 0.024899 -0.280001
v 2.420235 0.022005 -0.280001
v 2.430522 0.020482 -0.280001
v -3.480448 -1.062428 0.280001
v -3.487759 -1.168898 0.280001
v -3.502611 -1.265864 0.280001
v -3.524558 -1.353191 0.280001
v -3.553154 -1.430745 0.280001
v -3.587952 -1.498394 0.280001
v -3.628507 -1.556002 0.280001
v -3.674372 -1.603436 0.280001
v -3.725101 -1.640562 0.280001
v -3.780247 -1.667247 0.280001
v -3.839365 -1.683356 0.280001
v -3.902008 -1.688755 0.280001
v -3.955729 -1.686648 0.280001
v -4.007542 -1.680202 0.280001
v -4.057280 -1.669227 0.280001
v -4.104775 -1.653533 0.280001
v -4.149861 -1.632930 0.280001
v -4.192370 -1.607229 0.280001
v -4.232135 -1.576240 0.280001
v -4.268988 -1.539774 0.280001
v -4.302762 -1.497641 0.280001
v -4.333289 -1.449651 0.280001
v -4.360403 -1.395614 0.280001
v -4.383936 -1.335341 0.280001
v -4.387861 -1.325314 0.280001
v -4.393113 -1.316169 0.280001
v -4.399548 -1.307982 0.280001
v -4.407021 -1.300833 0.280001
v -4.415386 -1.294800 0.280001
v -4.424498 -1.289960 0.280001
v -4.434213 -1.286392 0.280001
v -4.444385 -1.284174 0.280001
v -4.454870 -1.283384 0.280001
v -4.465522 -1.284099 0.280001
v -4.476196 -1.286399 0.280001
v -4.486747 -1.290362 0.280001
v -4.496037 -1.294896 0.280001
v -4.504581 -1.300402 0.280001
v -4.512299 -1.306777 0.280002
v -4.519114 -1.313923 0.280002
v -4.524946 -1.321737 0.280002
v -4.529719 -1.330121 0.280002
v -4.533354 -1.338973 0.280002
v -4.535773 -1.348193 0.280002
v -4.536898 -1.357681 0.280002
v -4.536650 -1.367336 0.280002
v -4.534953 -1.377058 0.280002
v -4.531727 -1.386747 0.280002
v -4.499580 -1.468742 0.280002
v -4.461431 -1.541499 0.280001
v -4.417972 -1.605422 0.280001
v -4.369895 -1.660910 0.280001
v -4.317890 -1.708367 0.280001
v -4.262650 -1.748193 0.280001
v -4.204867 -1.780790 0.280001
v -4.145233 -1.806560 0.280001
v -4.084438 -1.825904 0.280001
v -4.023174 -1.839224 0.280001
v -3.962134 -1.846921 0.280001
v -3.902008 -1.849398 0.280001
v -3.760206 -1.841916 0.280001
v -3.631846 -1.820065 0.280001
v -3.516717 -1.784739 0.280001
v -3.414607 -1.736829 0.280001
v -3.325303 -1.677228 0.280001
v -3.248595 -1.606827 0.280001
v -3.184269 -1.526521 0.280001
v -3.132114 -1.437201 0.280001
v -3.091918 -1.339759 0.280001
v -3.063469 -1.235089 0.280001
v -3.046555 -1.124082 0.280001
v -3.040964 -1.007631 0.280001
v -3.048749 -0.877681 0.280001
v -3.071382 -0.757861 0.280001
v -3.107781 -0.648394 0.280001
v -3.156865 -0.549502 0.280001
v -3.217550 -0.461409 0.280001
v -3.288755 -0.384338 0.280001
v -3.369398 -0.318511 0.280001
v -3.458397 -0.264153 0.280001
v -3.554669 -0.221486 0.280001
v -3.657132 -0.190733 0.280001
v -3.764705 -0.172118 0.280001
v -3.876305 -0.165864 0.280001
v -3.975844 -0.170978 0.280001
v -4.068601 -0.186435 0.280001
v -4.154217 -0.212400 0.280001
v -4.232337 -0.249041 0.280001
v -4.302603 -0.296525 0.280001
v -4.364659 -0.355020 0.280001
v -4.418147 -0.424693 0.280001
v -4.462710 -0.505712 0.280001
v -4.497992 -0.598243 0.280001
v -4.523635 -0.702454 0.280001
v -4.539283 -0.818513 0.280001
v -4.544579 -0.946586 0.280001
v -3.481125 -0.946586 0.280001
v -4.033735 -0.785944 0.280001
v -4.052018 -0.785025 0.280001
v -4.068348 -0.782344 0.280001
v -4.082782 -0.778012 0.280001
v -4.095375 -0.772141 0.280001
v -4.106183 -0.764841 0.280001
v -4.115262 -0.756225 0.280001
v -4.122667 -0.746404 0.280001
v -4.128455 -0.735490 0.280001
v -4.132681 -0.723594 0.280001
v -4.135401 -0.710829 0.280001
v -4.136671 -0.697304 0.280001
v -4.136546 -0.683133 0.280001
v -4.130629 -0.632246 0.280001
v -4.122402 -0.584204 0.280001
v -4.111698 -0.539307 0.280001
v -4.098350 -0.497858 0.280001
v -4.082191 -0.460157 0.280001
v -4.063053 -0.426506 0.280001
v -4.040769 -0.397206 0.280001
v -4.015172 -0.372557 0.280001
v -3.986095 -0.352862 0.280001
v -3.953369 -0.338420 0.280001
v -3.916829 -0.329535 0.280001
v -3.876305 -0.326506 0.280001
v -3.825773 -0.330392 0.280001
v -3.778611 -0.341797 0.280001
v -3.734839 -0.360341 0.280001
v -3.694482 -0.385646 0.280001
v -3.657560 -0.417332 0.280001
v -3.624096 -0.455020 0.280001
v -3.594114 -0.498330 0.280001
v -3.567634 -0.546884 0.280001
v -3.544679 -0.600301 0.280001
v -3.525272 -0.658203 0.280001
v -3.509434 -0.720211 0.280001
v -3.497189 -0.785944 0.280001
v -1.871486 0.312851 0.280001
v -1.870249 0.336914 0.280001
v -1.866681 0.357831 0.280001
v -1.860994 0.375803 0.280001
v -1.853399 0.391031 0.280001
v -1.844108 0.403715 0.280001
v -1.833333 0.414056 0.280001
v -1.821287 0.422256 0.280001
v -1.808181 0.428514 0.280001
v -1.794227 0.433032 0.280001
v -1.779637 0.436011 0.280001
v -1.764623 0.437651 0.280001
v -1.749398 0.438153 0.280001
v -1.739106 0.438811 0.280001
v -1.729183 0.440741 0.280001
v -1.719729 0.443875 0.280001
v -1.710843 0.448148 0.280001
v -1.702627 0.453492 0.280001
v -1.695181 0.459839 0.280001
v -1.688604 0.467124 0.280001
v -1.682999 0.475279 0.280001
v -1.678464 0.484237 0.280001
v -1.675100 0.493931 0.280001
v -1.673009 0.504295 0.280001
v -1.672289 0.515261 0.280001
v -1.673074 0.526288 0.280001
v -1.675353 0.536814 0.280001
v -1.679016 0.546737 0.280001
v -1.683951 0.555957 0.280001
v -1.690045 0.564374 0.280001
v -1.697189 0.571887 0.280001
v -1.705269 0.578397 0.280001
v -1.714175 0.583802 0.280001
v -1.723795 0.588002 0.280001
v -1.734017 0.590897 0.280001
v -1.744731 0.592386 0.280001
v -1.755823 0.592369 0.280001
v -1.773934 0.590711 0.280001
v -1.791477 0.589008 0.280001
v -1.808684 0.587349 0.280001
v -1.825792 0.585825 0.280001
v -1.843033 0.584523 0.280001
v -1.860642 0.583534 0.280001
v -1.878854 0.582947 0.280001
v -1.897903 0.582850 0.280001
v -1.918022 0.583333 0.280001
v -1.939447 0.584486 0.280001
v -1.962411 0.586397 0.280001
v -1.987149 0.589157 0.280001
v -2.010091 0.592509 0.280001
v -2.030924 0.596162 0.280001
v -2.049950 0.600150 0.280001
v -2.067470 0.604507 0.280001
v -2.083786 0.609265 0.280001
v -2.099197 0.614458 0.280001
v -2.114006 0.620119 0.280001
v -2.128514 0.626283 0.280001
v -2.143022 0.632982 0.280001
v -2.157831 0.640250 0.280001
v -2.173243 0.648120 0.280001
v -2.189558 0.656626 0.280001
v -2.199438 0.661392 0.280001
v -2.209698 0.664495 0.280001
v -2.220181 0.666014 0.280001
v -2.230730 0.666027 0.280001
v -2.241191 0.664612 0.280001
v -2.251406 0.661847 0.280001
v -2.261219 0.657811 0.280001
v -2.270474 0.652580 0.280001
v -2.279016 0.646235 0.280001
v -2.286687 0.638852 0.280001
v -2.293333 0.630509 0.280001
v -2.298795 0.621285 0.280001
v -2.300881 0.614255 0.280001
v -2.302365 0.607616 0.280001
v -2.303313 0.601355 0.280001
v -2.303793 0.595463 0.280001
v -2.303871 0.589928 0.280001
v -2.303615 0.584739 0.280001
v -2.303090 0.579884 0.280001
v -2.302365 0.575353 0.280001
v -2.301506 0.571134 0.280001
v -2.300580 0.567217 0.280001
v -2.299654 0.563589 0.280001
v -2.298795 0.560241 0.280001
v -2.295653 0.550760 0.280001
v -2.292667 0.541425 0.280001
v -2.289860 0.531978 0.280001
v -2.287253 0.522163 0.280001
v -2.284869 0.511723 0.280001
v -2.282731 0.500401 0.280001
v -2.280861 0.487942 0.280001
v -2.279280 0.474089 0.280001
v -2.278012 0.458584 0.280001
v -2.277079 0.441172 0.280001
v -2.276502 0.421596 0.280001
v -2.276305 0.399598 0.280001
v -2.276305 -1.492771 0.280001
v -2.277417 -1.523435 0.280001
v -2.280648 -1.551198 0.280001
v -2.285843 -1.576105 0.280001
v -2.292845 -1.598200 0.280001
v -2.301499 -1.617530 0.280001
v -2.311647 -1.634137 0.280001
v -2.323133 -1.648067 0.280001
v -2.335803 -1.659364 0.280001
v -2.349498 -1.668072 0.280001
v -2.364064 -1.674238 0.280001
v -2.379343 -1.677904 0.280001
v -2.395181 -1.679117 0.280001
v -2.405472 -1.679836 0.280001
v -2.415395 -1.681928 0.280001
v -2.424850 -1.685291 0.280001
v -2.433735 -1.689826 0.280001
v -2.441951 -1.695432 0.280001
v -2.449398 -1.702008 0.280001
v -2.455974 -1.709455 0.280001
v -2.461580 -1.717671 0.280001
v -2.466115 -1.726556 0.280001
v -2.469478 -1.736011 0.280001
v -2.471570 -1.745934 0.280001
v -2.472289 -1.756225 0.280001
v -2.471506 -1.767252 0.280001
v -2.469239 -1.777778 0.280001
v -2.465612 -1.787701 0.280001
v -2.460746 -1.796921 0.280001
v -2.454765 -1.805338 0.280001
v -2.447791 -1.812852 0.280001
v -2.439947 -1.819361 0.280001
v -2.431355 -1.824766 0.280001
v -2.422138 -1.828966 0.280001
v -2.412420 -1.831861 0.280001
v -2.402322 -1.833350 0.280001
v -2.391968 -1.833333 0.280001
v -2.371843 -1.832469 0.280001
v -2.350111 -1.831504 0.280001
v -2.326907 -1.830472 0.280001
v -2.302365 -1.829407 0.280001
v -2.276617 -1.828341 0.280001
v -2.249799 -1.827309 0.280001
v -2.222044 -1.826344 0.280001
v -2.193485 -1.825480 0.280001
v -2.164257 -1.824749 0.280001
v -2.134493 -1.824186 0.280001
v -2.104328 -1.823823 0.280001
v -2.073896 -1.823695 0.280001
v -2.043401 -1.823823 0.280001
v -2.013075 -1.824186 0.280001
v -1.983082 -1.824749 0.280001
v -1.953592 -1.825480 0.280001
v -1.924771 -1.826344 0.280001
v -1.896787 -1.827309 0.280001
v -1.869807 -1.828341 0.280001
v -1.843998 -1.829407 0.280001
v -1.819528 -1.830472 0.280001
v -1.796564 -1.831504 0.280001
v -1.775273 -1.832469 0.280001
v -1.755823 -1.833333 0.280001
v -1.744731 -1.833350 0.280001
v -1.734017 -1.831861 0.280001
v -1.723795 -1.828966 0.280001
v -1.714175 -1.824766 0.280001
v -1.705269 -1.819361 0.280001
v -1.697189 -1.812852 0.280001
v -1.690045 -1.805338 0.280001
v -1.683951 -1.796921 0.280001
v -1.679016 -1.787701 0.280001
v -1.675353 -1.777778 0.280001
v -1.673074 -1.767253 0.280001
v -1.672289 -1.756225 0.280001
v -1.673009 -1.745934 0.280001
v -1.675100 -1.736011 0.280001
v -1.678464 -1.726556 0.280001
v -1.682999 -1.717671 0.280001
v -1.688604 -1.709455 0.280001
v -1.695181 -1.702008 0.280001
v -1.702627 -1.695432 0.280001
v -1.710843 -1.689826 0.280001
v -1.719729 -1.685291 0.280001
v -1.729183 -1.681928 0.280001
v -1.739106 -1.679836 0.280001
v -1.749398 -1.679117 0.280001
v -1.765298 -1.677904 0.280001
v -1.780753 -1.674238 0.280001
v -1.795583 -1.668072 0.280001
v -1.809609 -1.659364 0.280001
v -1.822654 -1.648067 0.280001
v -1.834538 -1.634137 0.280001
v -1.845084 -1.617530 0.280001
v -1.854113 -1.598200 0.280001
v -1.861446 -1.576105 0.280001
v -1.866905 -1.551198 0.280001
v -1.870311 -1.523435 0.280001
v -1.871486 -1.492771 0.280001
v 0.179658 -0.195532 0.280000
v 0.111959 -0.187417 0.280000
v 0.046737 -0.172540 0.280000
v -0.015172 -0.149799 0.280000
v -0.072931 -0.118089 0.280000
v -0.125703 -0.076305 0.280000
v -0.172652 -0.023344 0.280000
v -0.212941 0.041901 0.280000
v -0.245733 0.120532 0.280000
v -0.270192 0.213655 0.280000
v -0.285481 0.322373 0.280000
v -0.290763 0.447791 0.280000
v -0.291546 0.458820 0.280000
v -0.293812 0.469359 0.280000
v -0.297440 0.479317 0.280000
v -0.302306 0.488606 0.280000
v -0.308287 0.497137 0.280000
v -0.315261 0.504819 0.280000
v -0.323105 0.511565 0.280000
v -0.331697 0.517284 0.280000
v -0.340914 0.521887 0.280000
v -0.350632 0.525286 0.280000
v -0.360730 0.527391 0.280000
v -0.371084 0.528112 0.280000
v -0.382114 0.527391 0.280000
v -0.392652 0.525286 0.280000
v -0.402610 0.521888 0.280000
v -0.411899 0.517284 0.280000
v -0.420430 0.511565 0.280000
v -0.428112 0.504819 0.280000
v -0.434858 0.497137 0.280000
v -0.440577 0.488606 0.280000
v -0.445181 0.479317 0.280000
v -0.448579 0.469359 0.280000
v -0.450684 0.458820 0.280000
v -0.451406 0.447791 0.280000
v -0.451406 -0.197992 0.280000
v -0.926908 -0.197992 0.280000
v -0.937937 -0.198713 0.280000
v -0.948475 -0.200818 0.280000
v -0.958434 -0.204217 0.280000
v -0.967723 -0.208821 0.280000
v -0.976253 -0.214540 0.280000
v -0.983936 -0.221285 0.280000
v -0.990681 -0.228968 0.280000
v -0.996400 -0.237498 0.280000
v -1.001004 -0.246787 0.280000
v -1.004403 -0.256746 0.280000
v -1.006507 -0.267284 0.280000
v -1.007229 -0.278313 0.280000
v -1.006508 -0.289343 0.280000
v -1.004403 -0.299881 0.280000
v -1.001004 -0.309839 0.280000
v -0.996400 -0.319129 0.280000
v -0.990681 -0.327659 0.280000
v -0.983936 -0.335342 0.280000
v -0.976253 -0.342087 0.280000
v -0.967723 -0.347806 0.280000
v -0.958434 -0.352410 0.280000
v -0.948475 -0.355809 0.280000
v -0.937937 -0.357913 0.280000
v -0.926908 -0.358635 0.280000
v -0.451406 -0.358635 0.280000
v -0.451406 -1.306426 0.280000
v -0.453129 -1.360351 0.280000
v -0.458233 -1.408241 0.280000
v -0.466616 -1.450351 0.280000
v -0.478179 -1.486941 0.280000
v -0.492821 -1.518264 0.280000
v -0.510442 -1.544578 0.280000
v -0.530940 -1.566141 0.280000
v -0.554217 -1.583207 0.280000
v -0.580171 -1.596034 0.280000
v -0.608701 -1.604879 0.280000
v -0.639709 -1.609998 0.280000
v -0.673092 -1.611647 0.280000
v -0.705399 -1.609313 0.280000
v -0.736368 -1.602350 0.280000
v -0.765863 -1.590813 0.280000
v -0.793753 -1.574758 0.280000
v -0.819902 -1.554241 0.280000
v -0.844177 -1.529317 0.280000
v -0.866444 -1.500043 0.280000
v -0.886568 -1.466474 0.280000
v -0.904418 -1.428665 0.280000
v -0.919857 -1.386673 0.280000
v -0.932753 -1.340553 0.280000
v -0.942972 -1.290362 0.280000
v -0.946032 -1.280200 0.280000
v -0.950320 -1.270653 0.280000
v -0.955723 -1.261797 0.280000
v -0.962130 -1.253711 0.280000
v -0.969429 -1.246473 0.280000
v -0.977510 -1.240161 0.280000
v -0.986260 -1.234852 0.280000
v -0.995567 -1.230626 0.280000
v -1.005321 -1.227560 0.280000
v -1.015410 -1.225733 0.280000
v -1.025721 -1.225221 0.280000
v -1.036144 -1.226104 0.280000
v -1.047107 -1.228366 0.280000
v -1.057444 -1.231876 0.280000
v -1.067068 -1.236547 0.280000
v -1.075889 -1.242288 0.280000
v -1.083817 -1.249011 0.280000
v -1.090763 -1.256627 0.280000
v -1.096638 -1.265046 0.280000
v -1.101354 -1.274178 0.280000
v -1.104819 -1.283936 0.280000
v -1.106946 -1.294229 0.280000
v -1.107645 -1.304968 0.280000
v -1.106827 -1.316064 0.280000
v -1.091659 -1.397488 0.280000
v -1.069017 -1.472944 0.280000
v -1.039458 -1.542219 0.280000
v -1.003540 -1.605102 0.280000
v -0.961821 -1.661381 0.280000
v -0.914859 -1.710843 0.280000
v -0.863212 -1.753278 0.280000
v -0.807437 -1.788473 0.280000
v -0.748092 -1.816215 0.280000
v -0.685736 -1.836293 0.280000
v -0.620924 -1.848496 0.280000
v -0.554217 -1.852611 0.280000
v -0.462563 -1.847155 0.280000
v -0.381630 -1.831191 0.280000
v -0.310894 -1.805321 0.280000
v -0.249829 -1.770147 0.280000
v -0.197912 -1.726272 0.280000
v -0.154618 -1.674297 0.280000
v -0.119424 -1.614826 0.280000
v -0.091804 -1.548461 0.280000
v -0.071235 -1.475803 0.280000
v -0.057192 -1.397457 0.280000
v -0.049150 -1.314023 0.280000
v -0.046586 -1.226104 0.280000
v -0.046586 -0.358635 0.280000
v 0.248996 -0.358635 0.280000
v 0.260025 -0.357913 0.280000
v 0.270564 -0.355809 0.280000
v 0.280522 -0.352410 0.280000
v 0.289811 -0.347806 0.280000
v 0.298342 -0.342087 0.280000
v 0.306024 -0.335342 0.280000
v 0.312770 -0.327659 0.280000
v 0.318489 -0.319129 0.280000
v 0.323092 -0.309839 0.280000
v 0.326491 -0.299881 0.280000
v 0.328596 -0.289343 0.280000
v 0.329317 -0.278313 0.280000
v 0.328596 -0.267284 0.280000
v 0.326491 -0.256746 0.280000
v 0.323092 -0.246787 0.280000
v 0.318489 -0.237498 0.280000
v 0.312770 -0.228968 0.280000
v 0.306024 -0.221285 0.280000
v 0.298342 -0.214540 0.280000
v 0.289811 -0.208821 0.280000
v 0.280522 -0.204217 0.280000
v 0.270564 -0.200818 0.280000
v 0.260025 -0.198713 0.280000
v 0.248996 -0.197992 0.280000
v 1.596347 -0.241481 0.279999
v 1.578805 -0.243359 0.279999
v 1.561597 -0.245281 0.279999
v 1.544490 -0.247137 0.279999
v 1.527248 -0.248814 0.279999
v 1.509639 -0.250201 0.279999
v 1.491427 -0.251186 0.279999
v 1.472379 -0.251659 0.280000
v 1.452259 -0.251506 0.280000
v 1.430835 -0.250617 0.280000
v 1.407871 -0.248881 0.280000
v 1.383133 -0.246185 0.280000
v 1.360191 -0.242769 0.280000
v 1.339358 -0.238941 0.280000
v 1.320332 -0.234689 0.280000
v 1.302812 -0.230002 0.280000
v 1.286496 -0.224868 0.280000
v 1.271085 -0.219277 0.280000
v 1.256275 -0.213218 0.280000
v 1.241767 -0.206679 0.280000
v 1.227259 -0.199649 0.280000
v 1.212450 -0.192117 0.280000
v 1.197039 -0.184072 0.280000
v 1.180723 -0.175502 0.280000
v 1.170843 -0.171412 0.280000
v 1.160584 -0.168749 0.280000
v 1.150101 -0.167470 0.280000
v 1.139551 -0.167529 0.280000
v 1.129091 -0.168883 0.280000
v 1.118876 -0.171486 0.280000
v 1.109063 -0.175294 0.280000
v 1.099807 -0.180262 0.280000
v 1.091266 -0.186345 0.280000
v 1.083594 -0.193500 0.280000
v 1.076949 -0.201681 0.280000
v 1.071486 -0.210843 0.280000
v 1.069400 -0.217873 0.280000
v 1.067917 -0.224513 0.280000
v 1.066968 -0.230773 0.280000
v 1.066489 -0.236665 0.280000
v 1.066411 -0.242200 0.280000
v 1.066667 -0.247390 0.280000
v 1.067191 -0.252244 0.280000
v 1.067917 -0.256775 0.280000
v 1.068776 -0.260994 0.280000
v 1.069701 -0.264912 0.280000
v 1.070627 -0.268539 0.280000
v 1.071486 -0.271888 0.280000
v 1.074629 -0.281368 0.280000
v 1.077615 -0.290704 0.280000
v 1.080422 -0.300151 0.280000
v 1.083029 -0.309966 0.280000
v 1.085413 -0.320406 0.280000
v 1.087551 -0.331727 0.280000
v 1.089421 -0.344186 0.280000
v 1.091001 -0.358040 0.280000
v 1.092269 -0.373544 0.280000
v 1.093203 -0.390957 0.280000
v 1.093779 -0.410533 0.280000
v 1.093976 -0.432530 0.280000
v 1.093976 -1.492771 0.280000
v 1.092865 -1.523435 0.280000
v 1.089633 -1.551198 0.280000
v 1.084438 -1.576105 0.280000
v 1.077436 -1.598200 0.280000
v 1.068783 -1.617530 0.280000
v 1.058635 -1.634137 0.280000
v 1.047148 -1.648067 0.280000
v 1.034479 -1.659364 0.280000
v 1.020784 -1.668072 0.280000
v 1.006218 -1.674238 0.280000
v 0.990938 -1.677904 0.280000
v 0.975101 -1.679117 0.280000
v 0.964810 -1.679836 0.280000
v 0.954887 -1.681928 0.280000
v 0.945432 -1.685291 0.280000
v 0.936547 -1.689826 0.280000
v 0.928330 -1.695432 0.280000
v 0.920884 -1.702008 0.280000
v 0.914308 -1.709455 0.280000
v 0.908702 -1.717671 0.280000
v 0.904167 -1.726556 0.280000
v 0.900804 -1.736011 0.280000
v 0.898712 -1.745934 0.280000
v 0.897992 -1.756225 0.280000
v 0.898775 -1.767252 0.280000
v 0.901042 -1.777778 0.280000
v 0.904669 -1.787701 0.280000
v 0.909535 -1.796921 0.280000
v 0.915516 -1.805338 0.280000
v 0.922490 -1.812852 0.280000
v 0.930335 -1.819361 0.280000
v 0.938926 -1.824766 0.280000
v 0.948143 -1.828966 0.280000
v 0.957861 -1.831861 0.280000
v 0.967959 -1.833350 0.280000
v 0.978314 -1.833333 0.280000
v 0.998439 -1.832469 0.280000
v 1.020170 -1.831504 0.280000
v 1.043374 -1.830472 0.280000
v 1.067917 -1.829407 0.280000
v 1.093664 -1.828341 0.280000
v 1.120482 -1.827309 0.280000
v 1.148238 -1.826344 0.280000
v 1.176797 -1.825480 0.280000
v 1.206025 -1.824749 0.280000
v 1.235788 -1.824186 0.280000
v 1.265953 -1.823823 0.280000
v 1.296386 -1.823695 0.280000
v 1.326880 -1.823823 0.280000
v 1.357207 -1.824186 0.280000
v 1.387199 -1.824749 0.280000
v 1.416689 -1.825480 0.280000
v 1.445510 -1.826344 0.280000
v 1.473494 -1.827309 0.280000
v 1.500474 -1.828341 0.280000
v 1.526283 -1.829407 0.280000
v 1.550753 -1.830472 0.280000
v 1.573717 -1.831504 0.280000
v 1.595008 -1.832469 0.280000
v 1.614458 -1.833333 0.280000
v 1.625551 -1.833350 0.280000
v 1.636264 -1.831861 0.280000
v 1.646486 -1.828966 0.280000
v 1.656106 -1.824766 0.280000
v 1.665012 -1.819361 0.280000
v 1.673093 -1.812852 0.280000
v 1.680236 -1.805338 0.280000
v 1.686331 -1.796921 0.279999
v 1.691265 -1.787701 0.279999
v 1.694928 -1.777778 0.279999
v 1.697208 -1.767253 0.279999
v 1.697992 -1.756225 0.279999
v 1.697273 -1.745934 0.279999
v 1.695181 -1.736011 0.279999
v 1.691818 -1.726556 0.279999
v 1.687283 -1.717671 0.279999
v 1.681677 -1.709455 0.279999
v 1.675101 -1.702008 0.279999
v 1.667654 -1.695432 0.280000
v 1.659438 -1.689826 0.280000
v 1.650553 -1.685291 0.280000
v 1.641098 -1.681928 0.280000
v 1.631175 -1.679836 0.280000
v 1.620884 -1.679117 0.280000
v 1.604983 -1.677904 0.280000
v 1.589529 -1.674238 0.280000
v 1.574699 -1.668072 0.280000
v 1.560672 -1.659364 0.280000
v 1.547628 -1.648067 0.280000
v 1.535743 -1.634137 0.280000
v 1.525197 -1.617530 0.280000
v 1.516169 -1.598200 0.280000
v 1.508836 -1.576105 0.280000
v 1.503377 -1.551198 0.280000
v 1.499971 -1.523435 0.280000
v 1.498796 -1.492771 0.280000
v 1.498796 -0.522490 0.280000
v 1.500032 -0.498427 0.280000
v 1.503600 -0.477510 0.280000
v 1.509288 -0.459538 0.279999
v 1.516883 -0.444311 0.279999
v 1.526174 -0.431627 0.279999
v 1.536948 -0.421285 0.279999
v 1.548995 -0.413086 0.279999
v 1.562101 -0.406827 0.279999
v 1.576055 -0.402309 0.279999
v 1.590644 -0.399331 0.279999
v 1.605658 -0.397691 0.279999
v 1.620884 -0.397189 0.279999
v 1.631175 -0.396469 0.279999
v 1.641098 -0.394378 0.279999
v 1.650553 -0.391014 0.279999
v 1.659438 -0.386479 0.279999
v 1.667654 -0.380874 0.279999
v 1.675101 -0.374297 0.279999
v 1.681677 -0.366851 0.279999
v 1.687283 -0.358635 0.279999
v 1.691818 -0.349749 0.279999
v 1.695181 -0.340295 0.279999
v 1.697273 -0.330372 0.279999
v 1.697992 -0.320080 0.279999
v 1.697208 -0.309051 0.279999
v 1.694928 -0.298513 0.279999
v 1.691265 -0.288554 0.279999
v 1.686331 -0.279265 0.279999
v 1.680236 -0.270735 0.279999
v 1.673093 -0.263052 0.279999
v 1.665012 -0.256307 0.279999
v 1.656106 -0.250588 0.279999
v 1.646486 -0.245984 0.279999
v 1.636264 -0.242585 0.279999
v 1.625551 -0.240481 0.279999
v 1.614458 -0.239759 0.279999
v 1.342381 0.119355 0.280000
v 1.377332 0.126595 0.280000
v 1.410543 0.138253 0.280000
v 1.441678 0.153994 0.279999
v 1.470404 0.173483 0.279999
v 1.496386 0.196385 0.279999
v 1.519289 0.222367 0.279999
v 1.538778 0.251093 0.279999
v 1.554518 0.282229 0.279999
v 1.566176 0.315439 0.279999
v 1.573416 0.350390 0.279999
v 1.575904 0.386747 0.279999
v 1.573416 0.423104 0.279999
v 1.566176 0.458054 0.279999
v 1.554518 0.491265 0.279999
v 1.538778 0.522401 0.279999
v 1.519289 0.551127 0.279999
v 1.496386 0.577108 0.279999
v 1.470404 0.600011 0.279999
v 1.441678 0.619500 0.279999
v 1.410543 0.635241 0.279999
v 1.377332 0.646899 0.279999
v 1.342381 0.654139 0.280000
v 1.306024 0.656626 0.280000
v 1.269668 0.654139 0.280000
v 1.234717 0.646899 0.280000
v 1.201506 0.635241 0.280000
v 1.170371 0.619500 0.280000
v 1.141645 0.600011 0.280000
v 1.115663 0.577108 0.280000
v 1.092760 0.551127 0.280000
v 1.073271 0.522401 0.280000
v 1.057530 0.491265 0.280000
v 1.045873 0.458054 0.280000
v 1.038633 0.423103 0.280000
v 1.036145 0.386747 0.280000
v 1.038633 0.350390 0.280000
v 1.045873 0.315439 0.280000
v 1.057530 0.282229 0.280000
v 1.073271 0.251093 0.280000
v 1.092760 0.222367 0.280000
v 1.115663 0.196385 0.280000
v 1.141645 0.173483 0.280000
v 1.170371 0.153994 0.280000
v 1.201506 0.138253 0.280000
v 1.234717 0.126595 0.280000
v 1.269668 0.119355 0.280000
v 1.306024 0.116867 0.280000
v 2.441554 0.020400 0.279999
v 2.452105 0.021702 0.279999
v 2.462099 0.024297 0.279999
v 2.471456 0.028097 0.279999
v 2.480100 0.033013 0.279999
v 2.487952 0.038956 0.279999
v 2.494934 0.045835 0.279999
v 2.500967 0.053562 0.279999
v 2.505974 0.062048 0.279999
v 2.509877 0.071203 0.279999
v 2.512597 0.080938 0.279999
v 2.514056 0.091165 0.279999
v 2.518602 0.140386 0.279999
v 2.524989 0.186673 0.279999
v 2.534388 0.229769 0.279999
v 2.547970 0.269418 0.279999
v 2.566907 0.305364 0.279999
v 2.592370 0.337349 0.279999
v 2.625530 0.365118 0.279999
v 2.667560 0.388413 0.279999
v 2.719629 0.406978 0.279999
v 2.782910 0.420556 0.279999
v 2.858574 0.428891 0.279999
v 2.947792 0.431727 0.279999
v 3.082731 0.431727 0.279999
v 3.100594 0.431098 0.279999
v 3.117195 0.429109 0.279999
v 3.132481 0.425602 0.279999
v 3.146394 0.420422 0.279999
v 3.158879 0.413413 0.279999
v 3.169880 0.404417 0.279999
v 3.179342 0.393280 0.279999
v 3.187209 0.379845 0.279999
v 3.193424 0.363956 0.279999
v 3.197933 0.345456 0.279999
v 3.200679 0.324189 0.279999
v 3.201607 0.300000 0.279999
v 3.201607 -1.492771 0.279999
v 3.200495 -1.523435 0.279999
v 3.197264 -1.551198 0.279999
v 3.192069 -1.576105 0.279999
v 3.185067 -1.598200 0.279999
v 3.176414 -1.617530 0.279999
v 3.166265 -1.634137 0.279999
v 3.154779 -1.648067 0.279999
v 3.142110 -1.659364 0.279999
v 3.128414 -1.668072 0.279999
v 3.113848 -1.674238 0.279999
v 3.098569 -1.677904 0.279999
v 3.082731 -1.679117 0.279999
v 3.072440 -1.679836 0.279999
v 3.062517 -1.681928 0.279999
v 3.053062 -1.685291 0.279999
v 3.044177 -1.689826 0.279999
v 3.035961 -1.695432 0.279999
v 3.028514 -1.702008 0.279999
v 3.021938 -1.709455 0.279999
v 3.016332 -1.717671 0.279999
v 3.011797 -1.726556 0.279999
v 3.008434 -1.736011 0.279999
v 3.006342 -1.745934 0.279999
v 3.005623 -1.756225 0.279999
v 3.006406 -1.767252 0.279999
v 3.008672 -1.777778 0.279999
v 3.012300 -1.787701 0.279999
v 3.017165 -1.796921 0.279999
v 3.023147 -1.805338 0.279999
v 3.030121 -1.812852 0.279999
v 3.037965 -1.819361 0.279999
v 3.046557 -1.824766 0.279999
v 3.055774 -1.828966 0.279999
v 3.065492 -1.831861 0.279999
v 3.075590 -1.833350 0.279999
v 3.085944 -1.833333 0.279999
v 3.106069 -1.832469 0.279999
v 3.127800 -1.831504 0.279999
v 3.151004 -1.830472 0.279999
v 3.175547 -1.829407 0.279999
v 3.201294 -1.828341 0.279999
v 3.228113 -1.827309 0.279999
v 3.255868 -1.826344 0.279999
v 3.284427 -1.825480 0.279999
v 3.313655 -1.824749 0.279999
v 3.343418 -1.824186 0.279999
v 3.373584 -1.823823 0.279999
v 3.404016 -1.823695 0.279999
v 3.434511 -1.823823 0.279999
v 3.464838 -1.824186 0.279999
v 3.494830 -1.824749 0.279999
v 3.524320 -1.825480 0.279999
v 3.553141 -1.826344 0.279999
v 3.581125 -1.827309 0.279999
v 3.608105 -1.828341 0.279999
v 3.633914 -1.829407 0.279999
v 3.658384 -1.830472 0.279999
v 3.681348 -1.831504 0.279999
v 3.702639 -1.832469 0.279999
v 3.722089 -1.833333 0.279999
v 3.733181 -1.833350 0.279999
v 3.743894 -1.831861 0.279999
v 3.754117 -1.828966 0.279999
v 3.763737 -1.824766 0.279999
v 3.772643 -1.819361 0.279999
v 3.780723 -1.812852 0.279999
v 3.787867 -1.805338 0.279999
v 3.793961 -1.796921 0.279999
v 3.798896 -1.787701 0.279999
v 3.802559 -1.777778 0.279999
v 3.804838 -1.767253 0.279999
v 3.805623 -1.756225 0.279999
v 3.804903 -1.745934 0.279999
v 3.802811 -1.736011 0.279999
v 3.799448 -1.726556 0.279999
v 3.794913 -1.717671 0.279999
v 3.789308 -1.709455 0.279999
v 3.782731 -1.702008 0.279999
v 3.775285 -1.695432 0.279999
v 3.767069 -1.689826 0.279999
v 3.758183 -1.685291 0.279999
v 3.748729 -1.681928 0.279999
v 3.738806 -1.679836 0.279999
v 3.728514 -1.679117 0.279999
v 3.712614 -1.677904 0.279999
v 3.697160 -1.674238 0.279999
v 3.682330 -1.668072 0.279999
v 3.668303 -1.659364 0.279999
v 3.655259 -1.648067 0.279999
v 3.643374 -1.634137 0.279999
v 3.632828 -1.617530 0.279999
v 3.623799 -1.598200 0.279999
v 3.616466 -1.576105 0.279999
v 3.611007 -1.551198 0.279999
v 3.607601 -1.523435 0.279999
v 3.606426 -1.492771 0.279999
v 3.606426 0.300000 0.279999
v 3.607417 0.324189 0.279999
v 3.610338 0.345456 0.279999
v 3.615111 0.363956 0.279999
v 3.621657 0.379845 0.279999
v 3.629900 0.393280 0.279999
v 3.639759 0.404418 0.279999
v 3.651159 0.413413 0.279999
v 3.664019 0.420422 0.279999
v 3.678263 0.425602 0.279999
v 3.693813 0.429109 0.279999
v 3.710589 0.431098 0.279999
v 3.728514 0.431727 0.279999
v 3.863454 0.431727 0.279999
v 3.952671 0.428891 0.279999
v 4.028335 0.420556 0.279999
v 4.091616 0.406978 0.279999
v 4.143685 0.388413 0.279999
v 4.185714 0.365118 0.279999
v 4.218875 0.337349 0.279999
v 4.244338 0.305364 0.279999
v 4.263275 0.269418 0.279999
v 4.276857 0.229769 0.279999
v 4.286256 0.186673 0.279999
v 4.292643 0.140386 0.279999
v 4.297189 0.091165 0.279999
v 4.298647 0.080938 0.279999
v 4.301354 0.071203 0.279999
v 4.305222 0.062048 0.279999
v 4.310160 0.053562 0.279999
v 4.316080 0.045835 0.279999
v 4.322892 0.038956 0.279999
v 4.330508 0.033013 0.279999
v 4.338837 0.028097 0.279999
v 4.347792 0.024297 0.279999
v 4.357282 0.021701 0.279999
v 4.367218 0.020400 0.279999
v 4.377511 0.020482 0.279999
v 4.388475 0.022005 0.279999
v 4.398826 0.024899 0.279999
v 4.408485 0.029066 0.279999
v 4.417374 0.034404 0.279999
v 4.425416 0.040813 0.279999
v 4.432531 0.048193 0.279999
v 4.438643 0.056442 0.279999
v 4.443672 0.065462 0.279999
v 4.447541 0.075150 0.279999
v 4.450171 0.085408 0.279999
v 4.451486 0.096134 0.279999
v 4.451406 0.107229 0.279999
v 4.449062 0.121274 0.279999
v 4.446840 0.136055 0.279999
v 4.444729 0.151506 0.279999
v 4.442719 0.167559 0.279999
v 4.440799 0.184147 0.279999
v 4.438956 0.201205 0.279999
v 4.437181 0.218663 0.279999
v 4.435461 0.236457 0.279999
v 4.433785 0.254518 0.279999
v 4.432144 0.272780 0.279999
v 4.430524 0.291176 0.279999
v 4.428916 0.309639 0.279999
v 4.428178 0.328163 0.279999
v 4.427562 0.346720 0.279999
v 4.427058 0.365211 0.279999
v 4.426655 0.383534 0.279999
v 4.426341 0.401590 0.279999
v 4.426105 0.419277 0.279999
v 4.425935 0.436496 0.279999
v 4.425822 0.453146 0.279999
v 4.425753 0.469126 0.279999
v 4.425718 0.484337 0.279999
v 4.425705 0.498678 0.279999
v 4.425703 0.512048 0.279999
v 4.425657 0.523077 0.279999
v 4.423993 0.533616 0.279999
v 4.420834 0.543574 0.279999
v 4.416303 0.552863 0.279999
v 4.410522 0.561393 0.279999
v 4.403615 0.569076 0.279999
v 4.395703 0.575822 0.279999
v 4.386911 0.581541 0.279999
v 4.377360 0.586144 0.279999
v 4.367173 0.589543 0.279999
v 4.356472 0.591648 0.279999
v 4.345382 0.592369 0.279999
v 4.336002 0.592053 0.279999
v 4.308895 0.591179 0.279999
v 4.265613 0.589859 0.279999
v 4.207705 0.588205 0.279999
v 4.136723 0.586327 0.279999
v 4.054217 0.584337 0.279999
v 3.961738 0.582348 0.279999
v 3.860837 0.580470 0.279999
v 3.753063 0.578815 0.279999
v 3.639968 0.577495 0.279999
v 3.523102 0.576621 0.279999
v 3.404016 0.576305 0.279999
v 3.285669 0.576621 0.279999
v 3.169419 0.577495 0.279999
v 3.056828 0.578815 0.279999
v 2.949457 0.580470 0.279999
v 2.848870 0.582348 0.279999
v 2.756627 0.584337 0.279999
v 2.674290 0.586327 0.279999
v 2.603421 0.588205 0.279999
v 2.545583 0.589859 0.279999
v 2.502336 0.591179 0.279999
v 2.475242 0.592053 0.279999
v 2.465864 0.592369 0.279999
v 2.454771 0.591648 0.279999
v 2.444058 0.589543 0.279999
v 2.433836 0.586144 0.279999
v 2.424216 0.581541 0.279999
v 2.415310 0.575822 0.279999
v 2.407229 0.569076 0.279999
v 2.400086 0.561394 0.279999
v 2.393991 0.552863 0.279999
v 2.389057 0.543574 0.279999
v 2.385394 0.533616 0.279999
v 2.383114 0.523077 0.279999
v 2.382330 0.512048 0.279999
v 2.383064 0.498678 0.279999
v 2.383654 0.484337 0.279999
v 2.384087 0.469126 0.279999
v 2.384353 0.453146 0.279999
v 2.384440 0.436496 0.279999
v 2.384338 0.419277 0.279999
v 2.384035 0.401590 0.279999
v 2.383520 0.383534 0.279999
v 2.382782 0.365211 0.279999
v 2.381809 0.346720 0.279999
v 2.380591 0.328163 0.279999
v 2.379117 0.309639 0.279999
v 2.378185 0.291176 0.279999
v 2.377019 0.272780 0.279999
v 2.375653 0.254518 0.279999
v 2.374119 0.236457 0.279999
v 2.372451 0.218663 0.279999
v 2.370683 0.201205 0.279999
v 2.368848 0.184148 0.279999
v 2.366979 0.167559 0.279999
v 2.365111 0.151506 0.279999
v 2.363276 0.136055 0.279999
v 2.361507 0.121274 0.279999
v 2.359840 0.107229 0.279999
v 2.359083 0.096134 0.279999
v 2.359944 0.085408 0.279999
v 2.362299 0.075150 0.279999
v 2.366027 0.065462 0.279999
v 2.371005 0.056442 0.279999
v 2.377109 0.048193 0.279999
v 2.384217 0.040813 0.279999
v 2.392206 0.034404 0.279999
v 2.400954 0.029066 0.279999
v 2.410338 0.024899 0.279999
v 2.420235 0.022005 0.279999
v 2.430522 0.020482 0.279999
v 2.441554 0.020400 0.279999
v 2.441554 0.020400 -0.280001
v 2.452105 0.021702 0.279999
v 2.452105 0.021702 -0.280001
v 2.462099 0.024297 0.279999
v 2.462099 0.024297 -0.280001
v 2.471456 0.028097 0.279999
v 2.471456 0.028097 -0.280001
v 2.480100 0.033013 0.279999
v 2.480100 0.033013 -0.280001
v 2.487952 0.038956 0.279999
v 2.487952 0.038956 -0.280001
v 2.494934 0.045835 0.279999
v 2.494934 0.045835 -0.280001
v 2.500967 0.053562 0.279999
v 2.500967 0.053562 -0.280001
v 2.505974 0.062048 0.279999
v 2.505974 0.062048 -0.280001
v 2.509877 0.071203 0.279999
v 2.509877 0.071203 -0.280001
v 2.512597 0.080938 0.279999
v 2.512597 0.080938 -0.280001
v 2.514056 0.091165 0.279999
v 2.514056 0.091165 -0.280001
v 2.518602 0.140386 0.279999
v 2.518602 0.140386 -0.280001
v 2.524989 0.186673 0.279999
v 2.524989 0.186673 -0.280001
v 2.534388 0.229769 0.279999
v 2.534388 0.229769 -0.280001
v 2.547970 0.269418 0.279999
v 2.547970 0.269418 -0.280001
v 2.566907 0.305364 0.279999
v 2.566907 0.305364 -0.280001
v 2.592370 0.337349 0.279999
v 2.592370 0.337349 -0.280001
v 2.625530 0.365118 0.279999
v 2.625530 0.365118 -0.280001
v 2.667560 0.388413 0.279999
v 2.667560 0.388413 -0.280001
v 2.719629 0.406978 0.279999
v 2.719629 0.406978 -0.280001
v 2.782910 0.420556 0.279999
v 2.782910 0.420556 -0.280001
v 2.858574 0.428891 0.279999
v 2.858574 0.428891 -0.280001
v 2.947792 0.431727 0.279999
v 2.947792 0.431727 -0.280001
v 3.082731 0.431727 0.279999
v 3.082731 0.431727 -0.280001
v 3.100594 0.431098 0.279999
v 3.100594 0.431098 -0.280001
v 3.117195 0.429109 0.279999
v 3.117195 0.429109 -0.280001
v 3.132481 0.425602 0.279999
v 3.132481 0.425602 -0.280001
v 3.146394 0.420422 0.279999
v 3.146394 0.420422 -0.280001
v 3.158879 0.413413 0.279999
v 3.158879 0.413413 -0.280001
v 3.169880 0.404417 0.279999
v 3.169880 0.404417 -0.280001
v 3.179342 0.393280 0.279999
v 3.179342 0.393280 -0.280001
v 3.187209 0.379845 0.279999
v 3.187209 0.379845 -0.280001
v 3.193424 0.363956 0.279999
v 3.193424 0.363956 -0.280001
v 3.197933 0.345456 0.279999
v 3.197933 0.345456 -0.280001
v 3.200679 0.324189 0.279999
v 3.200679 0.324189 -0.280001
v 3.201607 0.300000 0.279999
v 3.201607 0.300000 -0.280001
v 3.201607 -1.492771 0.279999
v 3.201607 -1.492771 -0.280001
v 3.200495 -1.523435 0.279999
v 3.200495 -1.523435 -0.280001
v 3.197264 -1.551198 0.279999
v 3.197264 -1.551198 -0.280001
v 3.192069 -1.576105 0.279999
v 3.192069 -1.576105 -0.280001
v 3.185067 -1.598200 0.279999
v 3.185067 -1.598200 -0.280001
v 3.176414 -1.617530 0.279999
v 3.176414 -1.617530 -0.280001
v 3.166265 -1.634137 0.279999
v 3.166265 -1.634137 -0.280001
v 3.154779 -1.648067 0.279999
v 3.154779 -1.648067 -0.280001
v 3.142110 -1.659364 0.279999
v 3.142110 -1.659364 -0.280001
v 3.128414 -1.668072 0.279999
v 3.128414 -1.668072 -0.280001
v 3.113848 -1.674238 0.279999
v 3.113848 -1.674238 -0.280001
v 3.098569 -1.677904 0.279999
v 3.098569 -1.677904 -0.280001
v 3.082731 -1.679117 0.279999
v 3.082731 -1.679117 -0.280001
v 3.072440 -1.679836 0.279999
v 3.072440 -1.679836 -0.280001
v 3.062517 -1.681928 0.279999
v 3.062517 -1.681928 -0.280001
v 3.053062 -1.685291 0.279999
v 3.053062 -1.685291 -0.280001
v 3.044177 -1.689826 0.279999
v 3.044177 -1.689826 -0.280001
v 3.035961 -1.695432 0.279999
v 3.035961 -1.695432 -0.280001
v 3.028514 -1.702008 0.279999
v 3.028514 -1.702008 -0.280001
v 3.021938 -1.709455 0.279999
v 3.021938 -1.709455 -0.280001
v 3.016332 -1.717671 0.279999
v 3.016332 -1.717671 -0.280001
v 3.011797 -1.726556 0.279999
v 3.011797 -1.726556 -0.280001
v 3.008434 -1.736011 0.279999
v 3.008434 -1.736011 -0.280001
v 3.006342 -1.745934 0.279999
v 3.006342 -1.745934 -0.280001
v 3.005623 -1.756225 0.279999
v 3.005623 -1.756225 -0.280001
v 3.006406 -1.767252 0.279999
v 3.006406 -1.767252 -0.280001
v 3.008672 -1.777778 0.279999
v 3.008672 -1.777778 -0.280001
v 3.012300 -1.787701 0.279999
v 3.012300 -1.787701 -0.280001
v 3.017165 -1.796921 0.279999
v 3.017165 -1.796921 -0.280001
v 3.023147 -1.805338 0.279999
v 3.023147 -1.805338 -0.280001
v 3.030121 -1.812852 0.279999
v 3.030121 -1.812852 -0.280001
v 3.037965 -1.819361 0.279999
v 3.037965 -1.819361 -0.280001
v 3.046557 -1.824766 0.279999
v 3.046557 -1.824766 -0.280001
v 3.055774 -1.828966 0.279999
v 3.055774 -1.828966 -0.280001
v 3.065492 -1.831861 0.279999
v 3.065492 -1.831861 -0.280001
v 3.075590 -1.833350 0.279999
v 3.075590 -1.833350 -0.280001
v 3.085944 -1.833333 0.279999
v 3.085944 -1.833333 -0.280001
v 3.106069 -1.832469 0.279999
v 3.106069 -1.832469 -0.280001
v 3.127800 -1.831504 0.279999
v 3.127800 -1.831504 -0.280001
v 3.151004 -1.830472 0.279999
v 3.151004 -1.830472 -0.280001
v 3.175547 -1.829407 0.279999
v 3.175547 -1.829407 -0.280001
v 3.201294 -1.828341 0.279999
v 3.201294 -1.828341 -0.280001
v 3.228113 -1.827309 0.279999
v 3.228113 -1.827309 -0.280001
v 3.255868 -1.826344 0.279999
v 3.255868 -1.826344 -0.280001
v 3.284427 -1.825480 0.279999
v 3.284427 -1.825480 -0.280001
v 3.313655 -1.824749 0.279999
v 3.313655 -1.824749 -0.280001
v 3.343418 -1.824186 0.279999
v 3.343418 -1.824186 -0.280001
v 3.373584 -1.823823 0.279999
v 3.373584 -1.823823 -0.280001
v 3.404016 -1.823695 0.279999
v 3.404016 -1.823695 -0.280001
v 3.434511 -1.823823 0.279999
v 3.434511 -1.823823 -0.280001
v 3.464838 -1.824186 0.279999
v 3.464838 -1.824186 -0.280001
v 3.494830 -1.824749 0.279999
v 3.494830 -1.824749 -0.280001
v 3.524320 -1.825480 0.279999
v 3.524320 -1.825480 -0.280001
v 3.553141 -1.826344 0.279999
v 3.553141 -1.826344 -0.280001
v 3.581125 -1.827309 0.279999
v 3.581125 -1.827309 -0.280001
v 3.608105 -1.828341 0.279999
v 3.608105 -1.828341 -0.280001
v 3.633914 -1.829407 0.279999
v 3.633914 -1.829407 -0.280001
v 3.658384 -1.830472 0.279999
v 3.658384 -1.830472 -0.280001
v 3.681348 -1.831504 0.279999
v 3.681348 -1.831504 -0.280001
v 3.702639 -1.832469 0.279999
v 3.702639 -1.832469 -0.280001
v 3.722089 -1.833333 0.279999
v 3.722089 -1.833333 -0.280001
v 3.733181 -1.833350 0.279999
v 3.733181 -1.833350 -0.280001
v 3.743894 -1.831861 0.279999
v 3.743894 -1.831861 -0.280001
v 3.754117 -1.828966 0.279999
v 3.754117 -1.828966 -0.280001
v 3.763737 -1.824766 0.279999
v 3.763737 -1.824766 -0.280001
v 3.772643 -1.819361 0.279999
v 3.772643 -1.819361 -0.280001
v 3.780723 -1.812852 0.279999
v 3.780723 -1.812852 -0.280001
v 3.787867 -1.805338 0.279999
v 3.787867 -1.805338 -0.280001
v 3.793961 -1.796921 0.279999
v 3.793961 -1.796921 -0.280001
v 3.798896 -1.787701 0.279999
v 3.798896 -1.787701 -0.280001
v 3.802559 -1.777778 0.279999
v 3.802559 -1.777778 -0.280001
v 3.804838 -1.767253 0.279999
v 3.804838 -1.767253 -0.280001
v 3.805623 -1.756225 0.279999
v 3.805623 -1.756225 -0.280001
v 3.804903 -1.745934 0.279999
v 3.804903 -1.745934 -0.280001
v 3.802811 -1.736011 0.279999
v 3.802811 -1.736011 -0.280001
v 3.799448 -1.726556 0.279999
v 3.799448 -1.726556 -0.280001
v 3.794913 -1.717671 0.279999
v 3.794913 -1.717671 -0.280001
v 3.789308 -1.709455 0.279999
v 3.789308 -1.709455 -0.280001
v 3.782731 -1.702008 0.279999
v 3.782731 -1.702008 -0.280001
v 3.775285 -1.695432 0.279999
v 3.775285 -1.695432 -0.280001
v 3.767069 -1.689826 0.279999
v 3.767069 -1.689826 -0.280001
v 3.758183 -1.685291 0.279999
v 3.758183 -1.685291 -0.280001
v 3.748729 -1.681928 0.279999
v 3.748729 -1.681928 -0.280001
v 3.738806 -1.679836 0.279999
v 3.738806 -1.679836 -0.280001
v 3.728514 -1.679117 0.279999
v 3.728514 -1.679117 -0.280001
v 3.712614 -1.677904 0.279999
v 3.712614 -1.677904 -0.280001
v 3.697160 -1.674238 0.279999
v 3.697160 -1.674238 -0.280001
v 3.682330 -1.668072 0.279999
v 3.682330 -1.668072 -0.280001
v 3.668303 -1.659364 0.279999
v 3.668303 -1.659364 -0.280001
v 3.655259 -1.648067 0.279999
v 3.655259 -1.648067 -0.280001
v 3.643374 -1.634137 0.279999
v 3.643374 -1.634137 -0.280001
v 3.632828 -1.617530 0.279999
v 3.632828 -1.617530 -0.280001
v 3.623799 -1.598200 0.279999
v 3.623799 -1.598200 -0.280001
v 3.616466 -1.576105 0.279999
v 3.616466 -1.576105 -0.280001
v 3.611007 -1.551198 0.279999
v 3.611007 -1.551198 -0.280001
v 3.607601 -1.523435 0.279999
v 3.607601 -1.523435 -0.280001
v 3.606426 -1.492771 0.279999
v 3.606426 -1.492771 -0.280001
v 3.606426 0.300000 0.279999
v 3.606426 0.300000 -0.280001
v 3.607417 0.324189 0.279999
v 3.607417 0.324189 -0.280001
v 3.610338 0.345456 0.279999
v 3.610338 0.345456 -0.280001
v 3.615111 0.363956 0.279999
v 3.615111 0.363956 -0.280001
v 3.621657 0.379845 0.279999
v 3.621657 0.379845 -0.280001
v 3.629900 0.393280 0.279999
v 3.629900 0.393280 -0.280001
v 3.639759 0.404418 0.279999
v 3.639759 0.404418 -0.280001
v 3.651159 0.413413 0.279999
v 3.651159 0.413413 -0.280001
v 3.664019 0.420422 0.279999
v 3.664019 0.420422 -0.280001
v 3.678263 0.425602 0.279999
v 3.678263 0.425602 -0.280001
v 3.693813 0.429109 0.279999
v 3.693813 0.429109 -0.280001
v 3.710589 0.431098 0.279999
v 3.710589 0.431098 -0.280001
v 3.728514 0.431727 0.279999
v 3.728514 0.431727 -0.280001
v 3.863454 0.431727 0.279999
v 3.863454 0.431727 -0.280001
v 3.952671 0.428891 0.279999
v 3.952671 0.428891 -0.280001
v 4.028335 0.420556 0.279999
v 4.028335 0.420556 -0.280001
v 4.091616 0.406978 0.279999
v 4.091616 0.406978 -0.280001
v 4.143685 0.388413 0.279999
v 4.143685 0.388413 -0.280001
v 4.185714 0.365118 0.279999
v 4.185714 0.365118 -0.280001
v 4.218875 0.337349 0.279999
v 4.218875 0.337349 -0.280001
v 4.244338 0.305364 0.279999
v 4.244338 0.305364 -0.280001
v 4.263275 0.269418 0.279999
v 4.263275 0.269418 -0.280001
v 4.276857 0.229769 0.279999
v 4.276857 0.229769 -0.280001
v 4.286256 0.186673 0.279999
v 4.286256 0.186673 -0.280001
v 4.292643 0.140386 0.279999
v 4.292643 0.140386 -0.280001
v 4.297189 0.091165 0.279999
v 4.297189 0.091165 -0.280001
v 4.298647 0.080938 0.279999
v 4.298647 0.080938 -0.280001
v 4.301354 0.071203 0.279999
v 4.301354 0.071203 -0.280001
v 4.305222 0.062048 0.279999
v 4.305222 0.062048 -0.280001
v 4.310160 0.053562 0.279999
v 4.310160 0.053562 -0.280001
v 4.316080 0.045835 0.279999
v 4.316080 0.045835 -0.280001
v 4.322892 0.038956 0.279999
v 4.322892 0.038956 -0.280001
v 4.330508 0.033013 0.279999
v 4.330508 0.033013 -0.280001
v 4.338837 0.028097 0.279999
v 4.338837 0.028097 -0.280001
v 4.347792 0.024297 0.279999
v 4.347792 0.024297 -0.280001
v 4.357282 0.021701 0.279999
v 4.357282 0.021701 -0.280001
v 4.367218 0.020400 0.279999
v 4.367218 0.020400 -0.280001
v 4.377511 0.020482 0.279999
v 4.377511 0.020482 -0.280001
v 4.388475 0.022005 0.279999
v 4.388475 0.022005 -0.280001
v 4.398826 0.024899 0.279999
v 4.398826 0.024899 -0.280001
v 4.408485 0.029066 0.279999
v 4.408485 0.029066 -0.280001
v 4.417374 0.034404 0.279999
v 4.417374 0.034404 -0.280001
v 4.425416 0.040813 0.279999
v 4.425416 0.040813 -0.280001
v 4.432531 0.048193 0.279999
v 4.432531 0.048193 -0.280001
v 4.438643 0.056442 0.279999
v 4.438643 0.056442 -0.280001
v 4.443672 0.065462 0.279999
v 4.443672 0.065462 -0.280001
v 4.447541 0.075150 0.279999
v 4.447541 0.075150 -0.280001
v 4.450171 0.085408 0.279999
v 4.450171 0.085408 -0.280001
v 4.451486 0.096134 0.279999
v 4.451486 0.096134 -0.280001
v 4.451406 0.107229 0.279999
v 4.451406 0.107229 -0.280001
v 4.449062 0.121274 0.279999
v 4.449062 0.121274 -0.280001
v 4.446840 0.136055 0.279999
v 4.446840 0.136055 -0.280001
v 4.444729 0.151506 0.279999
v 4.444729 0.151506 -0.280001
v 4.442719 0.167559 0.279999
v 4.442719 0.167559 -0.280001
v 4.440799 0.184147 0.279999
v 4.440799 0.184147 -0.280001
v 4.438956 0.201205 0.279999
v 4.438956 0.201205 -0.280001
v 4.437181 0.218663 0.279999
v 4.437181 0.218663 -0.280001
v 4.435461 0.236457 0.279999
v 4.435461 0.236457 -0.280001
v 4.433785 0.254518 0.279999
v 4.433785 0.254518 -0.280001
v 4.432144 0.272780 0.279999
v 4.432144 0.272780 -0.280001
v 4.430524 0.291176 0.279999
v 4.430524 0.291176 -0.280001
v 4.428916 0.309639 0.279999
v 4.428916 0.309639 -0.280001
v 4.428178 0.328163 0.279999
v 4.428178 0.328163 -0.280001
v 4.427562 0.346720 0.279999
v 4.427562 0.346720 -0.280001
v 4.427058 0.365211 0.279999
v 4.427058 0.365211 -0.280001
v 4.426655 0.383534 0.279999
v 4.426655 0.383534 -0.280001
v 4.426341 0.401590 0.279999
v 4.426341 0.401590 -0.280001
v 4.426105 0.419277 0.279999
v 4.426105 0.419277 -0.280001
v 4.425935 0.436496 0.279999
v 4.425935 0.436496 -0.280001
v 4.425822 0.453146 0.279999
v 4.425822 0.453146 -0.280001
v 4.425753 0.469126 0.279999
v 4.425753 0.469126 -0.280001
v 4.425718 0.484337 0.279999
v 4.425718 0.484337 -0.280001
v 4.425705 0.498678 0.279999
v 4.425705 0.498678 -0.280001
v 4.425703 0.512048 0.279999
v 4.425703 0.512048 -0.280001
v 4.425657 0.523077 0.279999
v 4.425657 0.523077 -0.280001
v 4.423993 0.533616 0.279999
v 4.423993 0.533616 -0.280001
v 4.420834 0.543574 0.279999
v 4.420834 0.543574 -0.280001
v 4.416303 0.552863 0.279999
v 4.416303 0.552863 -0.280001
v 4.410522 0.561393 0.279999
v 4.410522 0.561393 -0.280001
v 4.403615 0.569076 0.279999
v 4.403615 0.569076 -0.280001
v 4.395703 0.575822 0.279999
v 4.395703 0.575822 -0.280001
v 4.386911 0.581541 0.279999
v 4.386911 0.581541 -0.280001
v 4.377360 0.586144 0.279999
v 4.377360 0.586144 -0.280001
v 4.367173 0.589543 0.279999
v 4.367173 0.589543 -0.280001
v 4.356472 0.591648 0.279999
v 4.356472 0.591648 -0.280001
v 4.345382 0.592369 0.279999
v 4.345382 0.592369 -0.280001
v 4.336002 0.592053 0.279999
v 4.336002 0.592053 -0.280001
v 4.308895 0.591179 0.279999
v 4.308895 0.591179 -0.280001
v 4.265613 0.589859 0.279999
v 4.265613 0.589859 -0.280001
v 4.207705 0.588205 0.279999
v 4.207705 0.588205 -0.280001
v 4.136723 0.586327 0.279999
v 4.136723 0.586327 -0.280001
v 4.054217 0.584337 0.279999
v 4.054217 0.584337 -0.280001
v 3.961738 0.582348 0.279999
v 3.961738 0.582348 -0.280001
v 3.860837 0.580470 0.279999
v 3.860837 0.580470 -0.280001
v 3.753063 0.578815 0.279999
v 3.753063 0.578815 -0.280001
v 3.639968 0.577495 0.279999
v 3.639968 0.577495 -0.280001
v 3.523102 0.576621 0.279999
v 3.523102 0.576621 -0.280001
v 3.404016 0.576305 0.279999
v 3.404016 0.576305 -0.280001
v 3.285669 0.576621 0.279999
v 3.285669 0.576621 -0.280001
v 3.169419 0.577495 0.279999
v 3.169419 0.577495 -0.280001
v 3.056828 0.578815 0.279999
v 3.056828 0.578815 -0.280001
v 2.949457 0.580470 0.279999
v 2.949457 0.580470 -0.280001
v 2.848870 0.582348 0.279999
v 2.848870 0.582348 -0.280001
v 2.756627 0.584337 0.279999
v 2.756627 0.584337 -0.280001
v 2.674290 0.586327 0.279999
v 2.674290 0.586327 -0.280001
v 2.603421 0.588205 0.279999
v 2.603421 0.588205 -0.280001
v 2.545583 0.589859 0.279999
v 2.545583 0.589859 -0.280001
v 2.502336 0.591179 0.279999
v 2.502336 0.591179 -0.280001
v 2.475242 0.592053 0.279999
v 2.475242 0.592053 -0.280001
v 2.465864 0.592369 0.279999
v 2.465864 0.592369 -0.280001
v 2.454771 0.591648 0.279999
v 2.454771 0.591648 -0.280001
v 2.444058 0.589543 0.279999
v 2.444058 0.589543 -0.280001
v 2.433836 0.586144 0.279999
v 2.433836 0.586144 -0.280001
v 2.424216 0.581541 0.279999
v 2.424216 0.581541 -0.280001
v 2.415310 0.575822 0.279999
v 2.415310 0.575822 -0.280001
v 2.407229 0.569076 0.279999
v 2.407229 0.569076 -0.280001
v 2.400086 0.561394 0.279999
v 2.400086 0.561394 -0.280001
v 2.393991 0.552863 0.279999
v 2.393991 0.552863 -0.280001
v 2.389057 0.543574 0.279999
v 2.389057 0.543574 -0.280001
v 2.385394 0.533616 0.279999
v 2.385394 0.533616 -0.280001
v 2.383114 0.523077 0.279999
v 2.383114 0.523077 -0.280001
v 2.382330 0.512048 0.279999
v 2.382330 0.512048 -0.280001
v 2.383064 0.498678 0.279999
v 2.383064 0.498678 -0.280001
v 2.383654 0.484337 0.279999
v 2.383654 0.484337 -0.280001
v 2.384087 0.469126 0.279999
v 2.384087 0.469126 -0.280001
v 2.384353 0.453146 0.279999
v 2.384353 0.453146 -0.280001
v 2.384440 0.436496 0.279999
v 2.384440 0.436496 -0.280001
v 2.384338 0.419277 0.279999
v 2.384338 0.419277 -0.280001
v 2.384035 0.401590 0.279999
v 2.384035 0.401590 -0.280001
v 2.383520 0.383534 0.279999
v 2.383520 0.383534 -0.280001
v 2.382782 0.365211 0.279999
v 2.382782 0.365211 -0.280001
v 2.381809 0.346720 0.279999
v 2.381809 0.346720 -0.280001
v 2.380591 0.328163 0.279999
v 2.380591 0.328163 -0.280001
v 2.379117 0.309639 0.279999
v 2.379117 0.309639 -0.280001
v 2.378185 0.291176 0.279999
v 2.378185 0.291176 -0.280001
v 2.377019 0.272780 0.279999
v 2.377019 0.272780 -0.280001
v 2.375653 0.254518 0.279999
v 2.375653 0.254518 -0.280001
v 2.374119 0.236457 0.279999
v 2.374119 0.236457 -0.280001
v 2.372451 0.218663 0.279999
v 2.372451 0.218663 -0.280001
v 2.370683 0.201205 0.279999
v 2.370683 0.201205 -0.280001
v 2.368848 0.184148 0.279999
v 2.368848 0.184148 -0.280001
v 2.366979 0.167559 0.279999
v 2.366979 0.167559 -0.280001
v 2.365111 0.151506 0.279999
v 2.365111 0.151506 -0.280001
v 2.363276 0.136055 0.279999
v 2.363276 0.136055 -0.280001
v 2.361507 0.121274 0.279999
v 2.361507 0.121274 -0.280001
v 2.359840 0.107229 0.279999
v 2.359840 0.107229 -0.280001
v 2.359083 0.096134 0.279999
v 2.359083 0.096134 -0.280001
v 2.359944 0.085408 0.279999
v 2.359944 0.085408 -0.280001
v 2.362299 0.075150 0.279999
v 2.362299 0.075150 -0.280001
v 2.366027 0.065462 0.279999
v 2.366027 0.065462 -0.280001
v 2.371005 0.056442 0.279999
v 2.371005 0.056442 -0.280001
v 2.377109 0.048193 0.279999
v 2.377109 0.048193 -0.280001
v 2.384217 0.040813 0.279999
v 2.384217 0.040813 -0.280001
v 2.392206 0.034404 0.279999
v 2.392206 0.034404 -0.280001
v 2.400954 0.029066 0.279999
v 2.400954 0.029066 -0.280001
v 2.410338 0.024899 0.279999
v 2.410338 0.024899 -0.280001
v 2.420235 0.022005 0.279999
v 2.420235 0.022005 -0.280001
v 2.430522 0.020482 0.279999
v 2.430522 0.020482 -0.280001
v 1.342381 0.119355 0.280000
v 1.342381 0.119355 -0.280000
v 1.377332 0.126595 0.280000
v 1.377332 0.126595 -0.280000
v 1.410543 0.138253 0.280000
v 1.410542 0.138253 -0.280000
v 1.441678 0.153994 0.279999
v 1.441678 0.153994 -0.280001
v 1.470404 0.173483 0.279999
v 1.470404 0.173483 -0.280001
v 1.496386 0.196385 0.279999
v 1.496386 0.196385 -0.280001
v 1.519289 0.222367 0.279999
v 1.519288 0.222367 -0.280001
v 1.538778 0.251093 0.279999
v 1.538777 0.251093 -0.280001
v 1.554518 0.282229 0.279999
v 1.554518 0.282229 -0.280001
v 1.566176 0.315439 0.279999
v 1.566176 0.315439 -0.280001
v 1.573416 0.350390 0.279999
v 1.573416 0.350390 -0.280001
v 1.575904 0.386747 0.279999
v 1.575904 0.386747 -0.280001
v 1.573416 0.423104 0.279999
v 1.573416 0.423104 -0.280001
v 1.566176 0.458054 0.279999
v 1.566176 0.458054 -0.280001
v 1.554518 0.491265 0.279999
v 1.554518 0.491265 -0.280001
v 1.538778 0.522401 0.279999
v 1.538777 0.522401 -0.280001
v 1.519289 0.551127 0.279999
v 1.519288 0.551127 -0.280001
v 1.496386 0.577108 0.279999
v 1.496386 0.577108 -0.280001
v 1.470404 0.600011 0.279999
v 1.470404 0.600011 -0.280001
v 1.441678 0.619500 0.279999
v 1.441678 0.619500 -0.280001
v 1.410543 0.635241 0.279999
v 1.410542 0.635241 -0.280001
v 1.377332 0.646899 0.279999
v 1.377332 0.646899 -0.280001
v 1.342381 0.654139 0.280000
v 1.342381 0.654139 -0.280000
v 1.306024 0.656626 0.280000
v 1.306024 0.656626 -0.280000
v 1.269668 0.654139 0.280000
v 1.269668 0.654139 -0.280000
v 1.234717 0.646899 0.280000
v 1.234717 0.646899 -0.280000
v 1.201506 0.635241 0.280000
v 1.201506 0.635241 -0.280000
v 1.170371 0.619500 0.280000
v 1.170370 0.619500 -0.280000
v 1.141645 0.600011 0.280000
v 1.141644 0.600011 -0.280000
v 1.115663 0.577108 0.280000
v 1.115663 0.577108 -0.280000
v 1.092760 0.551127 0.280000
v 1.092760 0.551127 -0.280000
v 1.073271 0.522401 0.280000
v 1.073271 0.522401 -0.280000
v 1.057530 0.491265 0.280000
v 1.057530 0.491265 -0.280000
v 1.045873 0.458054 0.280000
v 1.045872 0.458054 -0.280000
v 1.038633 0.423103 0.280000
v 1.038632 0.423103 -0.280000
v 1.036145 0.386747 0.280000
v 1.036145 0.386747 -0.280000
v 1.038633 0.350390 0.280000
v 1.038632 0.350390 -0.280000
v 1.045873 0.315439 0.280000
v 1.045872 0.315439 -0.280000
v 1.057530 0.282229 0.280000
v 1.057530 0.282229 -0.280000
v 1.073271 0.251093 0.280000
v 1.073271 0.251093 -0.280000
v 1.092760 0.222367 0.280000
v 1.092760 0.222367 -0.280000
v 1.115663 0.196385 0.280000
v 1.115663 0.196385 -0.280000
v 1.141645 0.173483 0.280000
v 1.141644 0.173483 -0.280000
v 1.170371 0.153994 0.280000
v 1.170370 0.153994 -0.280000
v 1.201506 0.138253 0.280000
v 1.201506 0.138253 -0.280000
v 1.234717 0.126595 0.280000
v 1.234717 0.126595 -0.280000
v 1.269668 0.119355 0.280000
v 1.269668 0.119355 -0.280000
v 1.306024 0.116867 0.280000
v 1.306024 0.116867 -0.280000
v 1.596347 -0.241481 0.279999
v 1.596347 -0.241481 -0.280001
v 1.578805 -0.243359 0.279999
v 1.578804 -0.243359 -0.280001
v 1.561597 -0.245281 0.279999
v 1.561597 -0.245281 -0.280001
v 1.544490 -0.247137 0.279999
v 1.544489 -0.247137 -0.280001
v 1.527248 -0.248814 0.279999
v 1.527248 -0.248814 -0.280001
v 1.509639 -0.250201 0.279999
v 1.509639 -0.250201 -0.280001
v 1.491427 -0.251186 0.279999
v 1.491427 -0.251186 -0.280001
v 1.472379 -0.251659 0.280000
v 1.472379 -0.251659 -0.280000
v 1.452259 -0.251506 0.280000
v 1.452259 -0.251506 -0.280000
v 1.430835 -0.250617 0.280000
v 1.430835 -0.250617 -0.280000
v 1.407871 -0.248881 0.280000
v 1.407870 -0.248881 -0.280000
v 1.383133 -0.246185 0.280000
v 1.383133 -0.246185 -0.280000
v 1.360191 -0.242769 0.280000
v 1.360191 -0.242769 -0.280000
v 1.339358 -0.238941 0.280000
v 1.339357 -0.238941 -0.280000
v 1.320332 -0.234689 0.280000
v 1.320331 -0.234689 -0.280000
v 1.302812 -0.230002 0.280000
v 1.302811 -0.230002 -0.280000
v 1.286496 -0.224868 0.280000
v 1.286496 -0.224868 -0.280000
v 1.271085 -0.219277 0.280000
v 1.271084 -0.219277 -0.280000
v 1.256275 -0.213218 0.280000
v 1.256275 -0.213218 -0.280000
v 1.241767 -0.206679 0.280000
v 1.241767 -0.206679 -0.280000
v 1.227259 -0.199649 0.280000
v 1.227259 -0.199649 -0.280000
v 1.212450 -0.192117 0.280000
v 1.212450 -0.192117 -0.280000
v 1.197039 -0.184072 0.280000
v 1.197038 -0.184072 -0.280000
v 1.180723 -0.175502 0.280000
v 1.180723 -0.175502 -0.280000
v 1.170843 -0.171412 0.280000
v 1.170843 -0.171412 -0.280000
v 1.160584 -0.168749 0.280000
v 1.160583 -0.168749 -0.280000
v 1.150101 -0.167470 0.280000
v 1.150101 -0.167470 -0.280000
v 1.139551 -0.167529 0.280000
v 1.139551 -0.167529 -0.280000
v 1.129091 -0.168883 0.280000
v 1.129091 -0.168883 -0.280000
v 1.118876 -0.171486 0.280000
v 1.118876 -0.171486 -0.280000
v 1.109063 -0.175294 0.280000
v 1.109062 -0.175294 -0.280000
v 1.099807 -0.180262 0.280000
v 1.099807 -0.180262 -0.280000
v 1.091266 -0.186345 0.280000
v 1.091265 -0.186345 -0.280000
v 1.083594 -0.193500 0.280000
v 1.083594 -0.193500 -0.280000
v 1.076949 -0.201681 0.280000
v 1.076949 -0.201681 -0.280000
v 1.071486 -0.210843 0.280000
v 1.071486 -0.210843 -0.280000
v 1.069400 -0.217873 0.280000
v 1.069400 -0.217873 -0.280000
v 1.067917 -0.224513 0.280000
v 1.067916 -0.224513 -0.280000
v 1.066968 -0.230773 0.280000
v 1.066968 -0.230773 -0.280000
v 1.066489 -0.236665 0.280000
v 1.066488 -0.236665 -0.280000
v 1.066411 -0.242200 0.280000
v 1.066410 -0.242200 -0.280000
v 1.066667 -0.247390 0.280000
v 1.066667 -0.247390 -0.280000
v 1.067191 -0.252244 0.280000
v 1.067191 -0.252244 -0.280000
v 1.067917 -0.256775 0.280000
v 1.067916 -0.256775 -0.280000
v 1.068776 -0.260994 0.280000
v 1.068775 -0.260994 -0.280000
v 1.069701 -0.264912 0.280000
v 1.069701 -0.264912 -0.280000
v 1.070627 -0.268539 0.280000
v 1.070627 -0.268539 -0.280000
v 1.071486 -0.271888 0.280000
v 1.071486 -0.271888 -0.280000
v 1.074629 -0.281368 0.280000
v 1.074628 -0.281368 -0.280000
v 1.077615 -0.290704 0.280000
v 1.077614 -0.290704 -0.280000
v 1.080422 -0.300151 0.280000
v 1.080422 -0.300151 -0.280000
v 1.083029 -0.309966 0.280000
v 1.083029 -0.309966 -0.280000
v 1.085413 -0.320406 0.280000
v 1.085412 -0.320406 -0.280000
v 1.087551 -0.331727 0.280000
v 1.087550 -0.331727 -0.280000
v 1.089421 -0.344186 0.280000
v 1.089421 -0.344186 -0.280000
v 1.091001 -0.358040 0.280000
v 1.091001 -0.358040 -0.280000
v 1.092269 -0.373544 0.280000
v 1.092269 -0.373544 -0.280000
v 1.093203 -0.390957 0.280000
v 1.093203 -0.390957 -0.280000
v 1.093779 -0.410533 0.280000
v 1.093779 -0.410533 -0.280000
v 1.093976 -0.432530 0.280000
v 1.093976 -0.432530 -0.280000
v 1.093976 -1.492771 0.280000
v 1.093976 -1.492771 -0.280000
v 1.092865 -1.523435 0.280000
v 1.092864 -1.523435 -0.280000
v 1.089633 -1.551198 0.280000
v 1.089633 -1.551198 -0.280000
v 1.084438 -1.576105 0.280000
v 1.084438 -1.576105 -0.280000
v 1.077436 -1.598200 0.280000
v 1.077436 -1.598200 -0.280000
v 1.068783 -1.617530 0.280000
v 1.068783 -1.617530 -0.280000
v 1.058635 -1.634137 0.280000
v 1.058635 -1.634137 -0.280000
v 1.047148 -1.648067 0.280000
v 1.047148 -1.648067 -0.280000
v 1.034479 -1.659364 0.280000
v 1.034479 -1.659364 -0.280000
v 1.020784 -1.668072 0.280000
v 1.020783 -1.668072 -0.280000
v 1.006218 -1.674238 0.280000
v 1.006218 -1.674238 -0.280000
v 0.990938 -1.677904 0.280000
v 0.990938 -1.677904 -0.280000
v 0.975101 -1.679117 0.280000
v 0.975101 -1.679117 -0.280000
v 0.964810 -1.679836 0.280000
v 0.964809 -1.679836 -0.280000
v 0.954887 -1.681928 0.280000
v 0.954886 -1.681928 -0.280000
v 0.945432 -1.685291 0.280000
v 0.945432 -1.685291 -0.280000
v 0.936547 -1.689826 0.280000
v 0.936546 -1.689826 -0.280000
v 0.928330 -1.695432 0.280000
v 0.928330 -1.695432 -0.280000
v 0.920884 -1.702008 0.280000
v 0.920884 -1.702008 -0.280000
v 0.914308 -1.709455 0.280000
v 0.914307 -1.709455 -0.280000
v 0.908702 -1.717671 0.280000
v 0.908702 -1.717671 -0.280000
v 0.904167 -1.726556 0.280000
v 0.904167 -1.726556 -0.280000
v 0.900804 -1.736011 0.280000
v 0.900803 -1.736011 -0.280000
v 0.898712 -1.745934 0.280000
v 0.898712 -1.745934 -0.280000
v 0.897992 -1.756225 0.280000
v 0.897992 -1.756225 -0.280000
v 0.898775 -1.767252 0.280000
v 0.898775 -1.767252 -0.280000
v 0.901042 -1.777778 0.280000
v 0.901041 -1.777778 -0.280000
v 0.904669 -1.787701 0.280000
v 0.904669 -1.787701 -0.280000
v 0.909535 -1.796921 0.280000
v 0.909535 -1.796921 -0.280000
v 0.915516 -1.805338 0.280000
v 0.915516 -1.805338 -0.280000
v 0.922490 -1.812852 0.280000
v 0.922490 -1.812852 -0.280000
v 0.930335 -1.819361 0.280000
v 0.930334 -1.819361 -0.280000
v 0.938926 -1.824766 0.280000
v 0.938926 -1.824766 -0.280000
v 0.948143 -1.828966 0.280000
v 0.948143 -1.828966 -0.280000
v 0.957861 -1.831861 0.280000
v 0.957861 -1.831861 -0.280000
v 0.967959 -1.833350 0.280000
v 0.967959 -1.833350 -0.280000
v 0.978314 -1.833333 0.280000
v 0.978313 -1.833333 -0.280000
v 0.998439 -1.832469 0.280000
v 0.998438 -1.832469 -0.280000
v 1.020170 -1.831504 0.280000
v 1.020170 -1.831504 -0.280000
v 1.043374 -1.830472 0.280000
v 1.043374 -1.830472 -0.280000
v 1.067917 -1.829407 0.280000
v 1.067916 -1.829407 -0.280000
v 1.093664 -1.828341 0.280000
v 1.093664 -1.828341 -0.280000
v 1.120482 -1.827309 0.280000
v 1.120482 -1.827309 -0.280000
v 1.148238 -1.826344 0.280000
v 1.148238 -1.826344 -0.280000
v 1.176797 -1.825480 0.280000
v 1.176796 -1.825480 -0.280000
v 1.206025 -1.824749 0.280000
v 1.206024 -1.824749 -0.280000
v 1.235788 -1.824186 0.280000
v 1.235788 -1.824186 -0.280000
v 1.265953 -1.823823 0.280000
v 1.265953 -1.823823 -0.280000
v 1.296386 -1.823695 0.280000
v 1.296386 -1.823695 -0.280000
v 1.326880 -1.823823 0.280000
v 1.326880 -1.823823 -0.280000
v 1.357207 -1.824186 0.280000
v 1.357207 -1.824186 -0.280000
v 1.387199 -1.824749 0.280000
v 1.387199 -1.824749 -0.280000
v 1.416689 -1.825480 0.280000
v 1.416689 -1.825480 -0.280000
v 1.445510 -1.826344 0.280000
v 1.445510 -1.826344 -0.280000
v 1.473494 -1.827309 0.280000
v 1.473494 -1.827309 -0.280000
v 1.500474 -1.828341 0.280000
v 1.500474 -1.828341 -0.280000
v 1.526283 -1.829407 0.280000
v 1.526283 -1.829407 -0.280000
v 1.550753 -1.830472 0.280000
v 1.550753 -1.830472 -0.280000
v 1.573717 -1.831504 0.280000
v 1.573717 -1.831504 -0.280000
v 1.595008 -1.832469 0.280000
v 1.595008 -1.832469 -0.280000
v 1.614458 -1.833333 0.280000
v 1.614458 -1.833333 -0.280000
v 1.625551 -1.833350 0.280000
v 1.625551 -1.833350 -0.280000
v 1.636264 -1.831861 0.280000
v 1.636264 -1.831861 -0.280000
v 1.646486 -1.828966 0.280000
v 1.646486 -1.828966 -0.280000
v 1.656106 -1.824766 0.280000
v 1.656106 -1.824766 -0.280000
v 1.665012 -1.819361 0.280000
v 1.665012 -1.819361 -0.280000
v 1.673093 -1.812852 0.280000
v 1.673092 -1.812852 -0.280000
v 1.680236 -1.805338 0.280000
v 1.680236 -1.805338 -0.280000
v 1.686331 -1.796921 0.279999
v 1.686331 -1.796921 -0.280001
v 1.691265 -1.787701 0.279999
v 1.691265 -1.787701 -0.280001
v 1.694928 -1.777778 0.279999
v 1.694928 -1.777778 -0.280001
v 1.697208 -1.767253 0.279999
v 1.697207 -1.767253 -0.280001
v 1.697992 -1.756225 0.279999
v 1.697992 -1.756225 -0.280001
v 1.697273 -1.745934 0.279999
v 1.697273 -1.745934 -0.280001
v 1.695181 -1.736011 0.279999
v 1.695181 -1.736011 -0.280001
v 1.691818 -1.726556 0.279999
v 1.691817 -1.726556 -0.280001
v 1.687283 -1.717671 0.279999
v 1.687283 -1.717671 -0.280001
v 1.681677 -1.709455 0.279999
v 1.681677 -1.709455 -0.280001
v 1.675101 -1.702008 0.279999
v 1.675100 -1.702008 -0.280001
v 1.667654 -1.695432 0.280000
v 1.667654 -1.695432 -0.280000
v 1.659438 -1.689826 0.280000
v 1.659438 -1.689826 -0.280000
v 1.650553 -1.685291 0.280000
v 1.650552 -1.685291 -0.280000
v 1.641098 -1.681928 0.280000
v 1.641098 -1.681928 -0.280000
v 1.631175 -1.679836 0.280000
v 1.631175 -1.679836 -0.280000
v 1.620884 -1.679117 0.280000
v 1.620884 -1.679117 -0.280000
v 1.604983 -1.677904 0.280000
v 1.604983 -1.677904 -0.280000
v 1.589529 -1.674238 0.280000
v 1.589528 -1.674238 -0.280000
v 1.574699 -1.668072 0.280000
v 1.574699 -1.668072 -0.280000
v 1.560672 -1.659364 0.280000
v 1.560672 -1.659364 -0.280000
v 1.547628 -1.648067 0.280000
v 1.547627 -1.648067 -0.280000
v 1.535743 -1.634137 0.280000
v 1.535743 -1.634137 -0.280000
v 1.525197 -1.617530 0.280000
v 1.525197 -1.617530 -0.280000
v 1.516169 -1.598200 0.280000
v 1.516168 -1.598200 -0.280000
v 1.508836 -1.576105 0.280000
v 1.508835 -1.576105 -0.280000
v 1.503377 -1.551198 0.280000
v 1.503376 -1.551198 -0.280000
v 1.499971 -1.523435 0.280000
v 1.499970 -1.523435 -0.280000
v 1.498796 -1.492771 0.280000
v 1.498795 -1.492771 -0.280000
v 1.498796 -0.522490 0.280000
v 1.498795 -0.522490 -0.280000
v 1.500032 -0.498427 0.280000
v 1.500032 -0.498427 -0.280000
v 1.503600 -0.477510 0.280000
v 1.503600 -0.477510 -0.280000
v 1.509288 -0.459538 0.279999
v 1.509287 -0.459538 -0.280001
v 1.516883 -0.444311 0.279999
v 1.516883 -0.444311 -0.280001
v 1.526174 -0.431627 0.279999
v 1.526173 -0.431627 -0.280001
v 1.536948 -0.421285 0.279999
v 1.536948 -0.421285 -0.280001
v 1.548995 -0.413086 0.279999
v 1.548994 -0.413086 -0.280001
v 1.562101 -0.406827 0.279999
v 1.562101 -0.406827 -0.280001
v 1.576055 -0.402309 0.279999
v 1.576054 -0.402309 -0.280001
v 1.590644 -0.399331 0.279999
v 1.590644 -0.399331 -0.280001
v 1.605658 -0.397691 0.279999
v 1.605658 -0.397691 -0.280001
v 1.620884 -0.397189 0.279999
v 1.620884 -0.397189 -0.280001
v 1.631175 -0.396469 0.279999
v 1.631175 -0.396469 -0.280001
v 1.641098 -0.394378 0.279999
v 1.641098 -0.394378 -0.280001
v 1.650553 -0.391014 0.279999
v 1.650552 -0.391014 -0.280001
v 1.659438 -0.386479 0.279999
v 1.659438 -0.386479 -0.280001
v 1.667654 -0.380874 0.279999
v 1.667654 -0.380874 -0.280001
v 1.675101 -0.374297 0.279999
v 1.675100 -0.374297 -0.280001
v 1.681677 -0.366851 0.279999
v 1.681677 -0.366851 -0.280001
v 1.687283 -0.358635 0.279999
v 1.687283 -0.358635 -0.280001
v 1.691818 -0.349749 0.279999
v 1.691817 -0.349749 -0.280001
v 1.695181 -0.340295 0.279999
v 1.695181 -0.340295 -0.280001
v 1.697273 -0.330372 0.279999
v 1.697273 -0.330372 -0.280001
v 1.697992 -0.320080 0.279999
v 1.697992 -0.320080 -0.280001
v 1.697208 -0.309051 0.279999
v 1.697207 -0.309051 -0.280001
v 1.694928 -0.298513 0.279999
v 1.694928 -0.298513 -0.280001
v 1.691265 -0.288554 0.279999
v 1.691265 -0.288554 -0.280001
v 1.686331 -0.279265 0.279999
v 1.686331 -0.279265 -0.280001
v 1.680236 -0.270735 0.279999
v 1.680236 -0.270735 -0.280001
v 1.673093 -0.263052 0.279999
v 1.673092 -0.263052 -0.280001
v 1.665012 -0.256307 0.279999
v 1.665012 -0.256307 -0.280001
v 1.656106 -0.250588 0.279999
v 1.656106 -0.250588 -0.280001
v 1.646486 -0.245984 0.279999
v 1.646486 -0.245984 -0.280001
v 1.636264 -0.242585 0.279999
v 1.636264 -0.242585 -0.280001
v 1.625551 -0.240481 0.279999
v 1.625551 -0.240481 -0.280001
v 1.614458 -0.239759 0.279999
v 1.614458 -0.239759 -0.280001
v 0.179658 -0.195532 0.280000
v 0.179657 -0.195532 -0.280000
v 0.111959 -0.187417 0.280000
v 0.111959 -0.187417 -0.280000
v 0.046737 -0.172540 0.280000
v 0.046737 -0.172540 -0.280000
v -0.015172 -0.149799 0.280000
v -0.015172 -0.149799 -0.280000
v -0.072931 -0.118089 0.280000
v -0.072931 -0.118089 -0.280000
v -0.125703 -0.076305 0.280000
v -0.125703 -0.076305 -0.280000
v -0.172652 -0.023344 0.280000
v -0.172652 -0.023344 -0.280000
v -0.212941 0.041901 0.280000
v -0.212941 0.041901 -0.280000
v -0.245733 0.120532 0.280000
v -0.245733 0.120532 -0.280000
v -0.270192 0.213655 0.280000
v -0.270192 0.213655 -0.280000
v -0.285481 0.322373 0.280000
v -0.285481 0.322373 -0.280000
v -0.290763 0.447791 0.280000
v -0.290763 0.447791 -0.280000
v -0.291546 0.458820 0.280000
v -0.291546 0.458820 -0.280000
v -0.293812 0.469359 0.280000
v -0.293812 0.469359 -0.280000
v -0.297440 0.479317 0.280000
v -0.297440 0.479317 -0.280000
v -0.302306 0.488606 0.280000
v -0.302306 0.488606 -0.280000
v -0.308287 0.497137 0.280000
v -0.308287 0.497137 -0.280000
v -0.315261 0.504819 0.280000
v -0.315261 0.504819 -0.280000
v -0.323105 0.511565 0.280000
v -0.323106 0.511565 -0.280000
v -0.331697 0.517284 0.280000
v -0.331697 0.517284 -0.280000
v -0.340914 0.521887 0.280000
v -0.340914 0.521887 -0.280000
v -0.350632 0.525286 0.280000
v -0.350632 0.525286 -0.280000
v -0.360730 0.527391 0.280000
v -0.360730 0.527391 -0.280000
v -0.371084 0.528112 0.280000
v -0.371084 0.528112 -0.280000
v -0.382114 0.527391 0.280000
v -0.382114 0.527391 -0.280000
v -0.392652 0.525286 0.280000
v -0.392652 0.525286 -0.280000
v -0.402610 0.521888 0.280000
v -0.402611 0.521888 -0.280000
v -0.411899 0.517284 0.280000
v -0.411900 0.517284 -0.280000
v -0.420430 0.511565 0.280000
v -0.420430 0.511565 -0.280000
v -0.428112 0.504819 0.280000
v -0.428113 0.504819 -0.280000
v -0.434858 0.497137 0.280000
v -0.434858 0.497137 -0.280000
v -0.440577 0.488606 0.280000
v -0.440577 0.488606 -0.280000
v -0.445181 0.479317 0.280000
v -0.445181 0.479317 -0.280000
v -0.448579 0.469359 0.280000
v -0.448580 0.469359 -0.280000
v -0.450684 0.458820 0.280000
v -0.450684 0.458820 -0.280000
v -0.451406 0.447791 0.280000
v -0.451406 0.447791 -0.280000
v -0.451406 -0.197992 0.280000
v -0.451406 -0.197992 -0.280000
v -0.926908 -0.197992 0.280000
v -0.926908 -0.197992 -0.280000
v -0.937937 -0.198713 0.280000
v -0.937937 -0.198713 -0.280000
v -0.948475 -0.200818 0.280000
v -0.948475 -0.200818 -0.280000
v -0.958434 -0.204217 0.280000
v -0.958434 -0.204217 -0.280000
v -0.967723 -0.208821 0.280000
v -0.967723 -0.208821 -0.280000
v -0.976253 -0.214540 0.280000
v -0.976253 -0.214540 -0.280000
v -0.983936 -0.221285 0.280000
v -0.983936 -0.221285 -0.280000
v -0.990681 -0.228968 0.280000
v -0.990681 -0.228968 -0.280000
v -0.996400 -0.237498 0.280000
v -0.996400 -0.237498 -0.280000
v -1.001004 -0.246787 0.280000
v -1.001004 -0.246787 -0.280000
v -1.004403 -0.256746 0.280000
v -1.004403 -0.256746 -0.280000
v -1.006507 -0.267284 0.280000
v -1.006508 -0.267284 -0.280000
v -1.007229 -0.278313 0.280000
v -1.007229 -0.278313 -0.280000
v -1.006508 -0.289343 0.280000
v -1.006508 -0.289343 -0.280000
v -1.004403 -0.299881 0.280000
v -1.004403 -0.299881 -0.280000
v -1.001004 -0.309839 0.280000
v -1.001004 -0.309840 -0.280000
v -0.996400 -0.319129 0.280000
v -0.996401 -0.319129 -0.280000
v -0.990681 -0.327659 0.280000
v -0.990681 -0.327659 -0.280000
v -0.983936 -0.335342 0.280000
v -0.983936 -0.335342 -0.280000
v -0.976253 -0.342087 0.280000
v -0.976253 -0.342087 -0.280000
v -0.967723 -0.347806 0.280000
v -0.967723 -0.347806 -0.280000
v -0.958434 -0.352410 0.280000
v -0.958434 -0.352410 -0.280000
v -0.948475 -0.355809 0.280000
v -0.948476 -0.355809 -0.280000
v -0.937937 -0.357913 0.280000
v -0.937937 -0.357913 -0.280000
v -0.926908 -0.358635 0.280000
v -0.926908 -0.358635 -0.280000
v -0.451406 -0.358635 0.280000
v -0.451406 -0.358635 -0.280000
v -0.451406 -1.306426 0.280000
v -0.451406 -1.306426 -0.280000
v -0.453129 -1.360351 0.280000
v -0.453129 -1.360351 -0.280000
v -0.458233 -1.408241 0.280000
v -0.458233 -1.408241 -0.280000
v -0.466616 -1.450351 0.280000
v -0.466617 -1.450351 -0.280000
v -0.478179 -1.486941 0.280000
v -0.478180 -1.486941 -0.280000
v -0.492821 -1.518264 0.280000
v -0.492821 -1.518264 -0.280000
v -0.510442 -1.544578 0.280000
v -0.510442 -1.544578 -0.280000
v -0.530940 -1.566141 0.280000
v -0.530941 -1.566141 -0.280000
v -0.554217 -1.583207 0.280000
v -0.554217 -1.583207 -0.280000
v -0.580171 -1.596034 0.280000
v -0.580171 -1.596034 -0.280000
v -0.608701 -1.604879 0.280000
v -0.608702 -1.604879 -0.280000
v -0.639709 -1.609998 0.280000
v -0.639709 -1.609998 -0.280000
v -0.673092 -1.611647 0.280000
v -0.673093 -1.611647 -0.280000
v -0.705399 -1.609313 0.280000
v -0.705400 -1.609313 -0.280000
v -0.736368 -1.602350 0.280000
v -0.736368 -1.602350 -0.280000
v -0.765863 -1.590813 0.280000
v -0.765864 -1.590813 -0.280000
v -0.793753 -1.574758 0.280000
v -0.793753 -1.574758 -0.280000
v -0.819902 -1.554241 0.280000
v -0.819902 -1.554241 -0.280000
v -0.844177 -1.529317 0.280000
v -0.844177 -1.529317 -0.280000
v -0.866444 -1.500043 0.280000
v -0.866444 -1.500043 -0.280000
v -0.886568 -1.466474 0.280000
v -0.886569 -1.466474 -0.280000
v -0.904418 -1.428665 0.280000
v -0.904418 -1.428665 -0.280000
v -0.919857 -1.386673 0.280000
v -0.919857 -1.386673 -0.280000
v -0.932753 -1.340553 0.280000
v -0.932753 -1.340553 -0.280000
v -0.942972 -1.290362 0.280000
v -0.942972 -1.290362 -0.280000
v -0.946032 -1.280200 0.280000
v -0.946032 -1.280200 -0.280000
v -0.950320 -1.270653 0.280000
v -0.950320 -1.270653 -0.280000
v -0.955723 -1.261797 0.280000
v -0.955723 -1.261797 -0.280000
v -0.962130 -1.253711 0.280000
v -0.962130 -1.253711 -0.280000
v -0.969429 -1.246473 0.280000
v -0.969430 -1.246473 -0.280000
v -0.977510 -1.240161 0.280000
v -0.977510 -1.240161 -0.280000
v -0.986260 -1.234852 0.280000
v -0.986260 -1.234852 -0.280000
v -0.995567 -1.230626 0.280000
v -0.995568 -1.230626 -0.280000
v -1.005321 -1.227560 0.280000
v -1.005322 -1.227560 -0.280000
v -1.015410 -1.225733 0.280000
v -1.015410 -1.225733 -0.280000
v -1.025721 -1.225221 0.280000
v -1.025722 -1.225221 -0.280000
v -1.036144 -1.226104 0.280000
v -1.036145 -1.226104 -0.280000
v -1.047107 -1.228366 0.280000
v -1.047107 -1.228366 -0.280000
v -1.057444 -1.231876 0.280000
v -1.057445 -1.231876 -0.280000
v -1.067068 -1.236547 0.280000
v -1.067068 -1.236547 -0.280000
v -1.075889 -1.242288 0.280000
v -1.075889 -1.242288 -0.280000
v -1.083817 -1.249011 0.280000
v -1.083817 -1.249011 -0.280000
v -1.090763 -1.256627 0.280000
v -1.090763 -1.256627 -0.280000
v -1.096638 -1.265046 0.280000
v -1.096639 -1.265046 -0.280000
v -1.101354 -1.274178 0.280000
v -1.101354 -1.274178 -0.280000
v -1.104819 -1.283936 0.280000
v -1.104820 -1.283936 -0.280000
v -1.106946 -1.294229 0.280000
v -1.106947 -1.294229 -0.280000
v -1.107645 -1.304968 0.280000
v -1.107646 -1.304968 -0.280000
v -1.106827 -1.316064 0.280000
v -1.106827 -1.316064 -0.280000
v -1.091659 -1.397488 0.280000
v -1.091659 -1.397488 -0.280000
v -1.069017 -1.472944 0.280000
v -1.069017 -1.472944 -0.280000
v -1.039458 -1.542219 0.280000
v -1.039458 -1.542219 -0.280000
v -1.003540 -1.605102 0.280000
v -1.003540 -1.605102 -0.280000
v -0.961821 -1.661381 0.280000
v -0.961821 -1.661381 -0.280000
v -0.914859 -1.710843 0.280000
v -0.914860 -1.710843 -0.280000
v -0.863212 -1.753278 0.280000
v -0.863212 -1.753278 -0.280000
v -0.807437 -1.788473 0.280000
v -0.807437 -1.788473 -0.280000
v -0.748092 -1.816215 0.280000
v -0.748093 -1.816215 -0.280000
v -0.685736 -1.836293 0.280000
v -0.685736 -1.836293 -0.280000
v -0.620924 -1.848496 0.280000
v -0.620925 -1.848496 -0.280000
v -0.554217 -1.852611 0.280000
v -0.554217 -1.852611 -0.280000
v -0.462563 -1.847155 0.280000
v -0.462563 -1.847155 -0.280000
v -0.381630 -1.831191 0.280000
v -0.381630 -1.831191 -0.280000
v -0.310894 -1.805321 0.280000
v -0.310894 -1.805321 -0.280000
v -0.249829 -1.770147 0.280000
v -0.249829 -1.770147 -0.280000
v -0.197912 -1.726272 0.280000
v -0.197912 -1.726272 -0.280000
v -0.154618 -1.674297 0.280000
v -0.154619 -1.674297 -0.280000
v -0.119424 -1.614826 0.280000
v -0.119424 -1.614826 -0.280000
v -0.091804 -1.548461 0.280000
v -0.091804 -1.548461 -0.280000
v -0.071235 -1.475803 0.280000
v -0.071235 -1.475803 -0.280000
v -0.057192 -1.397457 0.280000
v -0.057192 -1.397457 -0.280000
v -0.049150 -1.314023 0.280000
v -0.049150 -1.314023 -0.280000
v -0.046586 -1.226104 0.280000
v -0.046586 -1.226104 -0.280000
v -0.046586 -0.358635 0.280000
v -0.046586 -0.358635 -0.280000
v 0.248996 -0.358635 0.280000
v 0.248996 -0.358635 -0.280000
v 0.260025 -0.357913 0.280000
v 0.260025 -0.357913 -0.280000
v 0.270564 -0.355809 0.280000
v 0.270564 -0.355809 -0.280000
v 0.280522 -0.352410 0.280000
v 0.280522 -0.352410 -0.280000
v 0.289811 -0.347806 0.280000
v 0.289811 -0.347806 -0.280000
v 0.298342 -0.342087 0.280000
v 0.298341 -0.342087 -0.280000
v 0.306024 -0.335342 0.280000
v 0.306024 -0.335342 -0.280000
v 0.312770 -0.327659 0.280000
v 0.312769 -0.327659 -0.280000
v 0.318489 -0.319129 0.280000
v 0.318489 -0.319129 -0.280000
v 0.323092 -0.309839 0.280000
v 0.323092 -0.309840 -0.280000
v 0.326491 -0.299881 0.280000
v 0.326491 -0.299881 -0.280000
v 0.328596 -0.289343 0.280000
v 0.328596 -0.289343 -0.280000
v 0.329317 -0.278313 0.280000
v 0.329317 -0.278313 -0.280000
v 0.328596 -0.267284 0.280000
v 0.328596 -0.267284 -0.280000
v 0.326491 -0.256746 0.280000
v 0.326491 -0.256746 -0.280000
v 0.323092 -0.246787 0.280000
v 0.323092 -0.246787 -0.280000
v 0.318489 -0.237498 0.280000
v 0.318489 -0.237498 -0.280000
v 0.312770 -0.228968 0.280000
v 0.312769 -0.228968 -0.280000
v 0.306024 -0.221285 0.280000
v 0.306024 -0.221285 -0.280000
v 0.298342 -0.214540 0.280000
v 0.298341 -0.214540 -0.280000
v 0.289811 -0.208821 0.280000
v 0.289811 -0.208821 -0.280000
v 0.280522 -0.204217 0.280000
v 0.280522 -0.204217 -0.280000
v 0.270564 -0.200818 0.280000
v 0.270564 -0.200818 -0.280000
v 0.260025 -0.198713 0.280000
v 0.260025 -0.198713 -0.280000
v 0.248996 -0.197992 0.280000
v 0.248996 -0.197992 -0.280000
v -1.871486 0.312851 0.280001
v -1.871486 0.312851 -0.279999
v -1.870249 0.336914 0.280001
v -1.870250 0.336914 -0.279999
v -1.866681 0.357831 0.280001
v -1.866682 0.357831 -0.279999
v -1.860994 0.375803 0.280001
v -1.860994 0.375803 -0.279999
v -1.853399 0.391031 0.280001
v -1.853399 0.391031 -0.279999
v -1.844108 0.403715 0.280001
v -1.844108 0.403715 -0.279999
v -1.833333 0.414056 0.280001
v -1.833333 0.414056 -0.279999
v -1.821287 0.422256 0.280001
v -1.821287 0.422256 -0.279999
v -1.808181 0.428514 0.280001
v -1.808181 0.428514 -0.279999
v -1.794227 0.433032 0.280001
v -1.794227 0.433032 -0.279999
v -1.779637 0.436011 0.280001
v -1.779637 0.436011 -0.279999
v -1.764623 0.437651 0.280001
v -1.764624 0.437651 -0.279999
v -1.749398 0.438153 0.280001
v -1.749398 0.438153 -0.279999
v -1.739106 0.438811 0.280001
v -1.739107 0.438811 -0.279999
v -1.729183 0.440741 0.280001
v -1.729184 0.440741 -0.279999
v -1.719729 0.443875 0.280001
v -1.719729 0.443875 -0.279999
v -1.710843 0.448148 0.280001
v -1.710844 0.448148 -0.279999
v -1.702627 0.453492 0.280001
v -1.702627 0.453492 -0.279999
v -1.695181 0.459839 0.280001
v -1.695181 0.459839 -0.279999
v -1.688604 0.467124 0.280001
v -1.688605 0.467124 -0.279999
v -1.682999 0.475279 0.280001
v -1.682999 0.475279 -0.279999
v -1.678464 0.484237 0.280001
v -1.678464 0.484237 -0.279999
v -1.675100 0.493931 0.280001
v -1.675101 0.493931 -0.279999
v -1.673009 0.504295 0.280001
v -1.673009 0.504295 -0.279999
v -1.672289 0.515261 0.280001
v -1.672289 0.515261 -0.279999
v -1.673074 0.526288 0.280001
v -1.673074 0.526288 -0.279999
v -1.675353 0.536814 0.280001
v -1.675354 0.536814 -0.279999
v -1.679016 0.546737 0.280001
v -1.679016 0.546737 -0.279999
v -1.683951 0.555957 0.280001
v -1.683951 0.555957 -0.279999
v -1.690045 0.564374 0.280001
v -1.690046 0.564374 -0.279999
v -1.697189 0.571887 0.280001
v -1.697189 0.571887 -0.279999
v -1.705269 0.578397 0.280001
v -1.705269 0.578397 -0.279999
v -1.714175 0.583802 0.280001
v -1.714175 0.583802 -0.279999
v -1.723795 0.588002 0.280001
v -1.723795 0.588002 -0.279999
v -1.734017 0.590897 0.280001
v -1.734018 0.590897 -0.279999
v -1.744731 0.592386 0.280001
v -1.744731 0.592386 -0.279999
v -1.755823 0.592369 0.280001
v -1.755823 0.592369 -0.279999
v -1.773934 0.590711 0.280001
v -1.773935 0.590711 -0.279999
v -1.791477 0.589008 0.280001
v -1.791477 0.589008 -0.279999
v -1.808684 0.587349 0.280001
v -1.808685 0.587349 -0.279999
v -1.825792 0.585825 0.280001
v -1.825792 0.585825 -0.279999
v -1.843033 0.584523 0.280001
v -1.843033 0.584523 -0.279999
v -1.860642 0.583534 0.280001
v -1.860643 0.583534 -0.279999
v -1.878854 0.582947 0.280001
v -1.878854 0.582947 -0.279999
v -1.897903 0.582850 0.280001
v -1.897903 0.582850 -0.279999
v -1.918022 0.583333 0.280001
v -1.918022 0.583333 -0.279999
v -1.939447 0.584486 0.280001
v -1.939447 0.584486 -0.279999
v -1.962411 0.586397 0.280001
v -1.962411 0.586397 -0.279999
v -1.987149 0.589157 0.280001
v -1.987149 0.589157 -0.279999
v -2.010091 0.592509 0.280001
v -2.010091 0.592509 -0.279999
v -2.030924 0.596162 0.280001
v -2.030924 0.596162 -0.279999
v -2.049950 0.600150 0.280001
v -2.049950 0.600150 -0.279999
v -2.067470 0.604507 0.280001
v -2.067470 0.604507 -0.279999
v -2.083786 0.609265 0.280001
v -2.083786 0.609265 -0.279999
v -2.099197 0.614458 0.280001
v -2.099197 0.614458 -0.279999
v -2.114006 0.620119 0.280001
v -2.114006 0.620119 -0.279999
v -2.128514 0.626283 0.280001
v -2.128514 0.626283 -0.279999
v -2.143022 0.632982 0.280001
v -2.143022 0.632982 -0.279999
v -2.157831 0.640250 0.280001
v -2.157831 0.640250 -0.279999
v -2.173243 0.648120 0.280001
v -2.173243 0.648120 -0.279999
v -2.189558 0.656626 0.280001
v -2.189558 0.656626 -0.279999
v -2.199438 0.661392 0.280001
v -2.199438 0.661392 -0.279999
v -2.209698 0.664495 0.280001
v -2.209698 0.664495 -0.279999
v -2.220181 0.666014 0.280001
v -2.220181 0.666014 -0.279999
v -2.230730 0.666027 0.280001
v -2.230730 0.666027 -0.279999
v -2.241191 0.664612 0.280001
v -2.241191 0.664612 -0.279999
v -2.251406 0.661847 0.280001
v -2.251406 0.661847 -0.279999
v -2.261219 0.657811 0.280001
v -2.261219 0.657811 -0.279999
v -2.270474 0.652580 0.280001
v -2.270474 0.652580 -0.279999
v -2.279016 0.646235 0.280001
v -2.279016 0.646235 -0.279999
v -2.286687 0.638852 0.280001
v -2.286687 0.638852 -0.279999
v -2.293333 0.630509 0.280001
v -2.293333 0.630509 -0.279999
v -2.298795 0.621285 0.280001
v -2.298795 0.621285 -0.279999
v -2.300881 0.614255 0.280001
v -2.300881 0.614255 -0.279999
v -2.302365 0.607616 0.280001
v -2.302365 0.607616 -0.279999
v -2.303313 0.601355 0.280001
v -2.303313 0.601355 -0.279999
v -2.303793 0.595463 0.280001
v -2.303793 0.595463 -0.279999
v -2.303871 0.589928 0.280001
v -2.303871 0.589928 -0.279999
v -2.303615 0.584739 0.280001
v -2.303615 0.584739 -0.279999
v -2.303090 0.579884 0.280001
v -2.303090 0.579884 -0.279999
v -2.302365 0.575353 0.280001
v -2.302365 0.575353 -0.279999
v -2.301506 0.571134 0.280001
v -2.301506 0.571134 -0.279999
v -2.300580 0.567217 0.280001
v -2.300580 0.567217 -0.279999
v -2.299654 0.563589 0.280001
v -2.299654 0.563589 -0.279999
v -2.298795 0.560241 0.280001
v -2.298795 0.560241 -0.279999
v -2.295653 0.550760 0.280001
v -2.295653 0.550760 -0.279999
v -2.292667 0.541425 0.280001
v -2.292667 0.541425 -0.279999
v -2.289860 0.531978 0.280001
v -2.289860 0.531978 -0.279999
v -2.287253 0.522163 0.280001
v -2.287253 0.522163 -0.279999
v -2.284869 0.511723 0.280001
v -2.284869 0.511723 -0.279999
v -2.282731 0.500401 0.280001
v -2.282731 0.500401 -0.279999
v -2.280861 0.487942 0.280001
v -2.280861 0.487942 -0.279999
v -2.279280 0.474089 0.280001
v -2.279280 0.474089 -0.279999
v -2.278012 0.458584 0.280001
v -2.278012 0.458584 -0.279999
v -2.277079 0.441172 0.280001
v -2.277079 0.441172 -0.279999
v -2.276502 0.421596 0.280001
v -2.276502 0.421596 -0.279999
v -2.276305 0.399598 0.280001
v -2.276305 0.399598 -0.279999
v -2.276305 -1.492771 0.280001
v -2.276305 -1.492771 -0.279999
v -2.277417 -1.523435 0.280001
v -2.277417 -1.523435 -0.279999
v -2.280648 -1.551198 0.280001
v -2.280648 -1.551198 -0.279999
v -2.285843 -1.576105 0.280001
v -2.285843 -1.576105 -0.279999
v -2.292845 -1.598200 0.280001
v -2.292845 -1.598200 -0.279999
v -2.301499 -1.617530 0.280001
v -2.301499 -1.617530 -0.279999
v -2.311647 -1.634137 0.280001
v -2.311647 -1.634137 -0.279999
v -2.323133 -1.648067 0.280001
v -2.323133 -1.648067 -0.279999
v -2.335803 -1.659364 0.280001
v -2.335803 -1.659364 -0.279999
v -2.349498 -1.668072 0.280001
v -2.349498 -1.668072 -0.279999
v -2.364064 -1.674238 0.280001
v -2.364064 -1.674238 -0.279999
v -2.379343 -1.677904 0.280001
v -2.379343 -1.677904 -0.279999
v -2.395181 -1.679117 0.280001
v -2.395181 -1.679117 -0.279999
v -2.405472 -1.679836 0.280001
v -2.405472 -1.679836 -0.279999
v -2.415395 -1.681928 0.280001
v -2.415395 -1.681928 -0.279999
v -2.424850 -1.685291 0.280001
v -2.424850 -1.685291 -0.279999
v -2.433735 -1.689826 0.280001
v -2.433735 -1.689826 -0.279999
v -2.441951 -1.695432 0.280001
v -2.441951 -1.695432 -0.279999
v -2.449398 -1.702008 0.280001
v -2.449398 -1.702008 -0.279999
v -2.455974 -1.709455 0.280001
v -2.455974 -1.709455 -0.279999
v -2.461580 -1.717671 0.280001
v -2.461580 -1.717671 -0.279999
v -2.466115 -1.726556 0.280001
v -2.466115 -1.726556 -0.279999
v -2.469478 -1.736011 0.280001
v -2.469478 -1.736011 -0.279999
v -2.471570 -1.745934 0.280001
v -2.471570 -1.745934 -0.279999
v -2.472289 -1.756225 0.280001
v -2.472289 -1.756225 -0.279999
v -2.471506 -1.767252 0.280001
v -2.471506 -1.767252 -0.279999
v -2.469239 -1.777778 0.280001
v -2.469239 -1.777778 -0.279999
v -2.465612 -1.787701 0.280001
v -2.465612 -1.787701 -0.279999
v -2.460746 -1.796921 0.280001
v -2.460746 -1.796921 -0.279999
v -2.454765 -1.805338 0.280001
v -2.454765 -1.805338 -0.279999
v -2.447791 -1.812852 0.280001
v -2.447791 -1.812852 -0.279999
v -2.439947 -1.819361 0.280001
v -2.439947 -1.819361 -0.279999
v -2.431355 -1.824766 0.280001
v -2.431355 -1.824766 -0.279999
v -2.422138 -1.828966 0.280001
v -2.422138 -1.828966 -0.279999
v -2.412420 -1.831861 0.280001
v -2.412420 -1.831861 -0.279999
v -2.402322 -1.833350 0.280001
v -2.402322 -1.833350 -0.279999
v -2.391968 -1.833333 0.280001
v -2.391968 -1.833333 -0.279999
v -2.371843 -1.832469 0.280001
v -2.371843 -1.832469 -0.279999
v -2.350111 -1.831504 0.280001
v -2.350111 -1.831504 -0.279999
v -2.326907 -1.830472 0.280001
v -2.326907 -1.830472 -0.279999
v -2.302365 -1.829407 0.280001
v -2.302365 -1.829407 -0.279999
v -2.276617 -1.828341 0.280001
v -2.276617 -1.828341 -0.279999
v -2.249799 -1.827309 0.280001
v -2.249799 -1.827309 -0.279999
v -2.222044 -1.826344 0.280001
v -2.222044 -1.826344 -0.279999
v -2.193485 -1.825480 0.280001
v -2.193485 -1.825480 -0.279999
v -2.164257 -1.824749 0.280001
v -2.164257 -1.824749 -0.279999
v -2.134493 -1.824186 0.280001
v -2.134493 -1.824186 -0.279999
v -2.104328 -1.823823 0.280001
v -2.104328 -1.823823 -0.279999
v -2.073896 -1.823695 0.280001
v -2.073896 -1.823695 -0.279999
v -2.043401 -1.823823 0.280001
v -2.043401 -1.823823 -0.279999
v -2.013075 -1.824186 0.280001
v -2.013075 -1.824186 -0.279999
v -1.983082 -1.824749 0.280001
v -1.983083 -1.824749 -0.279999
v -1.953592 -1.825480 0.280001
v -1.953592 -1.825480 -0.279999
v -1.924771 -1.826344 0.280001
v -1.924772 -1.826344 -0.279999
v -1.896787 -1.827309 0.280001
v -1.896787 -1.827309 -0.279999
v -1.869807 -1.828341 0.280001
v -1.869807 -1.828341 -0.279999
v -1.843998 -1.829407 0.280001
v -1.843998 -1.829407 -0.279999
v -1.819528 -1.830472 0.280001
v -1.819528 -1.830472 -0.279999
v -1.796564 -1.831504 0.280001
v -1.796564 -1.831504 -0.279999
v -1.775273 -1.832469 0.280001
v -1.775274 -1.832469 -0.279999
v -1.755823 -1.833333 0.280001
v -1.755823 -1.833333 -0.279999
v -1.744731 -1.833350 0.280001
v -1.744731 -1.833350 -0.279999
v -1.734017 -1.831861 0.280001
v -1.734018 -1.831861 -0.279999
v -1.723795 -1.828966 0.280001
v -1.723795 -1.828966 -0.279999
v -1.714175 -1.824766 0.280001
v -1.714175 -1.824766 -0.279999
v -1.705269 -1.819361 0.280001
v -1.705269 -1.819361 -0.279999
v -1.697189 -1.812852 0.280001
v -1.697189 -1.812852 -0.279999
v -1.690045 -1.805338 0.280001
v -1.690046 -1.805338 -0.279999
v -1.683951 -1.796921 0.280001
v -1.683951 -1.796921 -0.279999
v -1.679016 -1.787701 0.280001
v -1.679016 -1.787701 -0.279999
v -1.675353 -1.777778 0.280001
v -1.675354 -1.777778 -0.279999
v -1.673074 -1.767253 0.280001
v -1.673074 -1.767253 -0.279999
v -1.672289 -1.756225 0.280001
v -1.672289 -1.756225 -0.279999
v -1.673009 -1.745934 0.280001
v -1.673009 -1.745934 -0.279999
v -1.675100 -1.736011 0.280001
v -1.675101 -1.736011 -0.279999
v -1.678464 -1.726556 0.280001
v -1.678464 -1.726556 -0.279999
v -1.682999 -1.717671 0.280001
v -1.682999 -1.717671 -0.279999
v -1.688604 -1.709455 0.280001
v -1.688605 -1.709455 -0.279999
v -1.695181 -1.702008 0.280001
v -1.695181 -1.702008 -0.279999
v -1.702627 -1.695432 0.280001
v -1.702627 -1.695432 -0.279999
v -1.710843 -1.689826 0.280001
v -1.710844 -1.689826 -0.279999
v -1.719729 -1.685291 0.280001
v -1.719729 -1.685291 -0.279999
v -1.729183 -1.681928 0.280001
v -1.729184 -1.681928 -0.279999
v -1.739106 -1.679836 0.280001
v -1.739107 -1.679836 -0.279999
v -1.749398 -1.679117 0.280001
v -1.749398 -1.679117 -0.279999
v -1.765298 -1.677904 0.280001
v -1.765299 -1.677904 -0.279999
v -1.780753 -1.674238 0.280001
v -1.780753 -1.674238 -0.279999
v -1.795583 -1.668072 0.280001
v -1.795583 -1.668072 -0.279999
v -1.809609 -1.659364 0.280001
v -1.809609 -1.659364 -0.279999
v -1.822654 -1.648067 0.280001
v -1.822654 -1.648067 -0.279999
v -1.834538 -1.634137 0.280001
v -1.834539 -1.634137 -0.279999
v -1.845084 -1.617530 0.280001
v -1.845084 -1.617530 -0.279999
v -1.854113 -1.598200 0.280001
v -1.854113 -1.598200 -0.279999
v -1.861446 -1.576105 0.280001
v -1.861446 -1.576105 -0.279999
v -1.866905 -1.551198 0.280001
v -1.866905 -1.551198 -0.279999
v -1.870311 -1.523435 0.280001
v -1.870311 -1.523435 -0.279999
v -1.871486 -1.492771 0.280001
v -1.871486 -1.492771 -0.279999
v -3.480448 -1.062428 0.280001
v -3.480448 -1.062428 -0.279999
v -3.487759 -1.168898 0.280001
v -3.487759 -1.168898 -0.279999
v -3.502611 -1.265864 0.280001
v -3.502611 -1.265864 -0.279999
v -3.524558 -1.353191 0.280001
v -3.524558 -1.353191 -0.279999
v -3.553154 -1.430745 0.280001
v -3.553154 -1.430745 -0.279999
v -3.587952 -1.498394 0.280001
v -3.587952 -1.498394 -0.279999
v -3.628507 -1.556002 0.280001
v -3.628507 -1.556002 -0.279999
v -3.674372 -1.603436 0.280001
v -3.674372 -1.603436 -0.279999
v -3.725101 -1.640562 0.280001
v -3.725101 -1.640562 -0.279999
v -3.780247 -1.667247 0.280001
v -3.780247 -1.667247 -0.279999
v -3.839365 -1.683356 0.280001
v -3.839365 -1.683356 -0.279999
v -3.902008 -1.688755 0.280001
v -3.902008 -1.688755 -0.279999
v -3.955729 -1.686648 0.280001
v -3.955729 -1.686648 -0.279999
v -4.007542 -1.680202 0.280001
v -4.007542 -1.680202 -0.279999
v -4.057280 -1.669227 0.280001
v -4.057280 -1.669227 -0.279999
v -4.104775 -1.653533 0.280001
v -4.104775 -1.653533 -0.279999
v -4.149861 -1.632930 0.280001
v -4.149861 -1.632930 -0.279999
v -4.192370 -1.607229 0.280001
v -4.192370 -1.607229 -0.279999
v -4.232135 -1.576240 0.280001
v -4.232135 -1.576240 -0.279999
v -4.268988 -1.539774 0.280001
v -4.268988 -1.539774 -0.279999
v -4.302762 -1.497641 0.280001
v -4.302762 -1.497641 -0.279999
v -4.333289 -1.449651 0.280001
v -4.333289 -1.449651 -0.279999
v -4.360403 -1.395614 0.280001
v -4.360403 -1.395614 -0.279999
v -4.383936 -1.335341 0.280001
v -4.383936 -1.335341 -0.279999
v -4.387861 -1.325314 0.280001
v -4.387861 -1.325314 -0.279999
v -4.393113 -1.316169 0.280001
v -4.393113 -1.316169 -0.279999
v -4.399548 -1.307982 0.280001
v -4.399548 -1.307982 -0.279999
v -4.407021 -1.300833 0.280001
v -4.407021 -1.300833 -0.279999
v -4.415386 -1.294800 0.280001
v -4.415386 -1.294800 -0.279999
v -4.424498 -1.289960 0.280001
v -4.424498 -1.289960 -0.279999
v -4.434213 -1.286392 0.280001
v -4.434213 -1.286392 -0.279999
v -4.444385 -1.284174 0.280001
v -4.444385 -1.284174 -0.279999
v -4.454870 -1.283384 0.280001
v -4.454870 -1.283384 -0.279999
v -4.465522 -1.284099 0.280001
v -4.465522 -1.284099 -0.279999
v -4.476196 -1.286399 0.280001
v -4.476196 -1.286399 -0.279999
v -4.486747 -1.290362 0.280001
v -4.486747 -1.290362 -0.279999
v -4.496037 -1.294896 0.280001
v -4.496037 -1.294896 -0.279999
v -4.504581 -1.300402 0.280001
v -4.504581 -1.300402 -0.279999
v -4.512299 -1.306777 0.280002
v -4.512299 -1.306777 -0.279998
v -4.519114 -1.313923 0.280002
v -4.519114 -1.313923 -0.279998
v -4.524946 -1.321737 0.280002
v -4.524946 -1.321737 -0.279998
v -4.529719 -1.330121 0.280002
v -4.529719 -1.330121 -0.279998
v -4.533354 -1.338973 0.280002
v -4.533354 -1.338973 -0.279998
v -4.535773 -1.348193 0.280002
v -4.535773 -1.348193 -0.279998
v -4.536898 -1.357681 0.280002
v -4.536898 -1.357681 -0.279998
v -4.536650 -1.367336 0.280002
v -4.536650 -1.367336 -0.279998
v -4.534953 -1.377058 0.280002
v -4.534953 -1.377058 -0.279998
v -4.531727 -1.386747 0.280002
v -4.531727 -1.386747 -0.279998
v -4.499580 -1.468742 0.280002
v -4.499580 -1.468742 -0.279998
v -4.461431 -1.541499 0.280001
v -4.461431 -1.541499 -0.279999
v -4.417972 -1.605422 0.280001
v -4.417972 -1.605422 -0.279999
v -4.369895 -1.660910 0.280001
v -4.369895 -1.660910 -0.279999
v -4.317890 -1.708367 0.280001
v -4.317890 -1.708367 -0.279999
v -4.262650 -1.748193 0.280001
v -4.262650 -1.748193 -0.279999
v -4.204867 -1.780790 0.280001
v -4.204867 -1.780790 -0.279999
v -4.145233 -1.806560 0.280001
v -4.145233 -1.806560 -0.279999
v -4.084438 -1.825904 0.280001
v -4.084438 -1.825904 -0.279999
v -4.023174 -1.839224 0.280001
v -4.023174 -1.839224 -0.279999
v -3.962134 -1.846921 0.280001
v -3.962134 -1.846921 -0.279999
v -3.902008 -1.849398 0.280001
v -3.902008 -1.849398 -0.279999
v -3.760206 -1.841916 0.280001
v -3.760206 -1.841916 -0.279999
v -3.631846 -1.820065 0.280001
v -3.631846 -1.820065 -0.279999
v -3.516717 -1.784739 0.280001
v -3.516717 -1.784739 -0.279999
v -3.414607 -1.736829 0.280001
v -3.414607 -1.736829 -0.279999
v -3.325303 -1.677228 0.280001
v -3.325303 -1.677228 -0.279999
v -3.248595 -1.606827 0.280001
v -3.248595 -1.606827 -0.279999
v -3.184269 -1.526521 0.280001
v -3.184269 -1.526521 -0.279999
v -3.132114 -1.437201 0.280001
v -3.132114 -1.437201 -0.279999
v -3.091918 -1.339759 0.280001
v -3.091918 -1.339759 -0.279999
v -3.063469 -1.235089 0.280001
v -3.063469 -1.235089 -0.279999
v -3.046555 -1.124082 0.280001
v -3.046555 -1.124082 -0.279999
v -3.040964 -1.007631 0.280001
v -3.040964 -1.007631 -0.279999
v -3.048749 -0.877681 0.280001
v -3.048749 -0.877681 -0.279999
v -3.071382 -0.757861 0.280001
v -3.071382 -0.757861 -0.279999
v -3.107781 -0.648394 0.280001
v -3.107781 -0.648394 -0.279999
v -3.156865 -0.549502 0.280001
v -3.156865 -0.549502 -0.279999
v -3.217550 -0.461409 0.280001
v -3.217550 -0.461409 -0.279999
v -3.288755 -0.384338 0.280001
v -3.288755 -0.384338 -0.279999
v -3.369398 -0.318511 0.280001
v -3.369398 -0.318511 -0.279999
v -3.458397 -0.264153 0.280001
v -3.458397 -0.264153 -0.279999
v -3.554669 -0.221486 0.280001
v -3.554669 -0.221486 -0.279999
v -3.657132 -0.190733 0.280001
v -3.657132 -0.190733 -0.279999
v -3.764705 -0.172118 0.280001
v -3.764705 -0.172118 -0.279999
v -3.876305 -0.165864 0.280001
v -3.876305 -0.165864 -0.279999
v -3.975844 -0.170978 0.280001
v -3.975844 -0.170978 -0.279999
v -4.068601 -0.186435 0.280001
v -4.068601 -0.186435 -0.279999
v -4.154217 -0.212400 0.280001
v -4.154217 -0.212400 -0.279999
v -4.232337 -0.249041 0.280001
v -4.232337 -0.249041 -0.279999
v -4.302603 -0.296525 0.280001
v -4.302603 -0.296525 -0.279999
v -4.364659 -0.355020 0.280001
v -4.364659 -0.355020 -0.279999
v -4.418147 -0.424693 0.280001
v -4.418147 -0.424693 -0.279999
v -4.462710 -0.505712 0.280001
v -4.462710 -0.505712 -0.279999
v -4.497992 -0.598243 0.280001
v -4.497992 -0.598243 -0.279999
v -4.523635 -0.702454 0.280001
v -4.523635 -0.702454 -0.279999
v -4.539283 -0.818513 0.280001
v -4.539283 -0.818513 -0.279999
v -4.544579 -0.946586 0.280001
v -4.544579 -0.946586 -0.279999
v -3.481125 -0.946586 0.280001
v -3.481125 -0.946586 -0.279999
v -4.033735 -0.785944 0.280001
v -4.033735 -0.785944 -0.279999
v -4.052018 -0.785025 0.280001
v -4.052018 -0.785025 -0.279999
v -4.068348 -0.782344 0.280001
v -4.068348 -0.782344 -0.279999
v -4.082782 -0.778012 0.280001
v -4.082782 -0.778012 -0.279999
v -4.095375 -0.772141 0.280001
v -4.095375 -0.772141 -0.279999
v -4.106183 -0.764841 0.280001
v -4.106183 -0.764841 -0.279999
v -4.115262 -0.756225 0.280001
v -4.115262 -0.756225 -0.279999
v -4.122667 -0.746404 0.280001
v -4.122667 -0.746404 -0.279999
v -4.128455 -0.735490 0.280001
v -4.128455 -0.735490 -0.279999
v -4.132681 -0.723594 0.280001
v -4.132681 -0.723594 -0.279999
v -4.135401 -0.710829 0.280001
v -4.135401 -0.710829 -0.279999
v -4.136671 -0.697304 0.280001
v -4.136671 -0.697304 -0.279999
v -4.136546 -0.683133 0.280001
v -4.136546 -0.683133 -0.279999
v -4.130629 -0.632246 0.280001
v -4.130629 -0.632246 -0.279999
v -4.122402 -0.584204 0.280001
v -4.122402 -0.584204 -0.279999
v -4.111698 -0.539307 0.280001
v -4.111698 -0.539307 -0.279999
v -4.098350 -0.497858 0.280001
v -4.098350 -0.497858 -0.279999
v -4.082191 -0.460157 0.280001
v -4.082191 -0.460157 -0.279999
v -4.063053 -0.426506 0.280001
v -4.063053 -0.426506 -0.279999
v -4.040769 -0.397206 0.280001
v -4.040769 -0.397206 -0.279999
v -4.015172 -0.372557 0.280001
v -4.015172 -0.372557 -0.279999
v -3.986095 -0.352862 0.280001
v -3.986095 -0.352862 -0.279999
v -3.953369 -0.338420 0.280001
v -3.953369 -0.338420 -0.279999
v -3.916829 -0.329535 0.280001
v -3.916829 -0.329535 -0.279999
v -3.876305 -0.326506 0.280001
v -3.876305 -0.326506 -0.279999
v -3.825773 -0.330392 0.280001
v -3.825773 -0.330392 -0.279999
v -3.778611 -0.341797 0.280001
v -3.778611 -0.341797 -0.279999
v -3.734839 -0.360341 0.280001
v -3.734839 -0.360342 -0.279999
v -3.694482 -0.385646 0.280001
v -3.694482 -0.385646 -0.279999
v -3.657560 -0.417332 0.280001
v -3.657560 -0.417332 -0.279999
v -3.624096 -0.455020 0.280001
v -3.624096 -0.455020 -0.279999
v -3.594114 -0.498330 0.280001
v -3.594114 -0.498331 -0.279999
v -3.567634 -0.546884 0.280001
v -3.567634 -0.546884 -0.279999
v -3.544679 -0.600301 0.280001
v -3.544679 -0.600301 -0.279999
v -3.525272 -0.658203 0.280001
v -3.525272 -0.658203 -0.279999
v -3.509434 -0.720211 0.280001
v -3.509434 -0.720211 -0.279999
v -3.497189 -0.785944 0.280001
v -3.497189 -0.785944 -0.279999
vn -0.0000 -0.0000 -1.0000
vn -0.0000 -0.0000 1.0000
vn 0.0576 -0.9983 -0.0000
vn 0.1873 -0.9823 -0.0000
vn 0.3145 -0.9493 -0.0000
vn 0.4363 -0.8998 -0.0000
vn 0.5501 -0.8351 -0.0000
vn 0.6541 -0.7564 -0.0000
vn 0.7466 -0.6653 -0.0000
vn 0.8265 -0.5630 -0.0000
vn 0.8925 -0.4511 -0.0000
vn 0.9435 -0.3313 -0.0000
vn 0.9786 -0.2056 -0.0000
vn 0.9932 -0.1167 -0.0000
vn 0.9934 -0.1144 -0.0000
vn 0.9846 -0.1750 -0.0000
vn 0.9631 -0.2690 -0.0000
vn 0.9181 -0.3963 -0.0000
vn 0.8372 -0.5469 -0.0000
vn 0.7158 -0.6983 -0.0000
vn 0.5660 -0.8244 -0.0000
vn 0.4117 -0.9113 -0.0000
vn 0.2734 -0.9619 -0.0000
vn 0.1599 -0.9871 -0.0000
vn 0.0707 -0.9975 -0.0000
vn 0.0159 -0.9999 -0.0000
vn -0.0176 -0.9998 -0.0000
vn -0.0771 -0.9970 -0.0000
vn -0.1715 -0.9852 -0.0000
vn -0.2869 -0.9580 -0.0000
vn -0.4205 -0.9073 -0.0000
vn -0.5634 -0.8262 -0.0000
vn -0.7004 -0.7137 -0.0000
vn -0.8156 -0.5786 -0.0000
vn -0.8999 -0.4361 -0.0000
vn -0.9536 -0.3012 -0.0000
vn -0.9832 -0.1827 -0.0000
vn -0.9965 -0.0833 -0.0000
vn -0.9998 -0.0192 -0.0000
vn -0.9998 0.0181 -0.0000
vn -0.9971 0.0760 -0.0000
vn -0.9871 0.1601 -0.0000
vn -0.9673 0.2535 -0.0000
vn -0.9345 0.3559 -0.0000
vn -0.8848 0.4660 -0.0000
vn -0.8144 0.5803 -0.0000
vn -0.7206 0.6933 -0.0000
vn -0.6030 0.7977 -0.0000
vn -0.4648 0.8854 -0.0000
vn -0.3126 0.9499 -0.0000
vn -0.1553 0.9879 -0.0000
vn -0.0730 0.9973 -0.0000
vn -0.1383 0.9904 -0.0000
vn -0.2713 0.9625 -0.0000
vn -0.3957 0.9184 -0.0000
vn -0.5101 0.8601 -0.0000
vn -0.6140 0.7893 -0.0000
vn -0.7071 0.7071 -0.0000
vn -0.7893 0.6140 -0.0000
vn -0.8601 0.5101 -0.0000
vn -0.9184 0.3957 -0.0000
vn -0.9625 0.2713 -0.0000
vn -0.9904 0.1383 -0.0000
vn -1.0000 -0.0005 -0.0000
vn -0.9900 -0.1410 -0.0000
vn -0.9607 -0.2776 -0.0000
vn -0.9139 -0.4060 -0.0000
vn -0.8516 -0.5241 -0.0000
vn -0.7757 -0.6311 -0.0000
vn -0.6872 -0.7265 -0.0000
vn -0.5868 -0.8097 -0.0000
vn -0.4746 -0.8802 -0.0000
vn -0.3509 -0.9364 -0.0000
vn -0.2162 -0.9763 -0.0000
vn -0.0723 -0.9974 -0.0000
vn 0.0223 -0.9998 -0.0000
vn 0.0436 -0.9990 -0.0000
vn 0.0444 -0.9990 -0.0000
vn 0.0439 -0.9990 -0.0000
vn 0.0424 -0.9991 -0.0000
vn 0.0399 -0.9992 -0.0000
vn 0.0366 -0.9993 -0.0000
vn 0.0325 -0.9995 -0.0000
vn 0.0276 -0.9996 -0.0000
vn 0.0220 -0.9998 -0.0000
vn 0.0155 -0.9999 -0.0000
vn 0.0081 -1.0000 -0.0000
vn -0.0000 -1.0000 -0.0000
vn -0.0081 -1.0000 -0.0000
vn -0.0154 -0.9999 -0.0000
vn -0.0218 -0.9998 -0.0000
vn -0.0274 -0.9996 -0.0000
vn -0.0322 -0.9995 -0.0000
vn -0.0363 -0.9993 -0.0000
vn -0.0397 -0.9992 -0.0000
vn -0.0424 -0.9991 -0.0000
vn -0.0442 -0.9990 -0.0000
vn -0.0451 -0.9990 -0.0000
vn -0.0448 -0.9990 -0.0000
vn -0.0230 -0.9997 -0.0000
vn 0.0683 -0.9977 -0.0000
vn 0.2056 -0.9786 -0.0000
vn 0.3371 -0.9415 -0.0000
vn 0.4605 -0.8877 -0.0000
vn 0.5743 -0.8186 -0.0000
vn 0.6775 -0.7355 -0.0000
vn 0.7691 -0.6392 -0.0000
vn 0.8478 -0.5304 -0.0000
vn 0.9121 -0.4101 -0.0000
vn 0.9601 -0.2797 -0.0000
vn 0.9899 -0.1417 -0.0000
vn 1.0000 -0.0006 -0.0000
vn 0.9904 0.1384 -0.0000
vn 0.9625 0.2713 -0.0000
vn 0.9184 0.3957 -0.0000
vn 0.8601 0.5101 -0.0000
vn 0.7893 0.6140 -0.0000
vn 0.7071 0.7071 -0.0000
vn 0.6140 0.7893 -0.0000
vn 0.5101 0.8601 -0.0000
vn 0.3957 0.9184 -0.0000
vn 0.2713 0.9625 -0.0000
vn 0.1383 0.9904 -0.0000
vn 0.0729 0.9973 -0.0000
vn 0.1539 0.9881 -0.0000
vn 0.3084 0.9513 -0.0000
vn 0.4572 0.8894 -0.0000
vn 0.5929 0.8053 -0.0000
vn 0.7097 0.7045 -0.0000
vn 0.8044 0.5940 -0.0000
vn 0.8769 0.4806 -0.0000
vn 0.9291 0.3697 -0.0000
vn 0.9643 0.2649 -0.0000
vn 0.9858 0.1681 -0.0000
vn 0.9968 0.0801 -0.0000
vn 0.9998 0.0192 -0.0000
vn 0.9998 -0.0205 -0.0000
vn 0.9961 -0.0886 -0.0000
vn 0.9811 -0.1933 -0.0000
vn 0.9487 -0.3161 -0.0000
vn 0.8913 -0.4534 -0.0000
vn 0.8036 -0.5952 -0.0000
vn 0.6868 -0.7268 -0.0000
vn 0.5510 -0.8345 -0.0000
vn 0.4113 -0.9115 -0.0000
vn 0.2814 -0.9596 -0.0000
vn 0.1691 -0.9856 -0.0000
vn 0.0765 -0.9971 -0.0000
vn 0.0175 -0.9998 -0.0000
vn -0.0159 -0.9999 -0.0000
vn -0.0707 -0.9975 -0.0000
vn -0.1599 -0.9871 -0.0000
vn -0.2734 -0.9619 -0.0000
vn -0.4117 -0.9113 -0.0000
vn -0.5660 -0.8244 -0.0000
vn -0.7158 -0.6983 -0.0000
vn -0.8372 -0.5469 -0.0000
vn -0.9181 -0.3963 -0.0000
vn -0.9631 -0.2690 -0.0000
vn -0.9846 -0.1750 -0.0000
vn -0.9934 -0.1144 -0.0000
vn -0.9932 -0.1166 -0.0000
vn -0.9788 -0.2050 -0.0000
vn -0.9443 -0.3292 -0.0000
vn -0.8946 -0.4469 -0.0000
vn -0.8307 -0.5567 -0.0000
vn -0.7537 -0.6572 -0.0000
vn -0.6642 -0.7475 -0.0000
vn -0.5629 -0.8265 -0.0000
vn -0.4505 -0.8928 -0.0000
vn -0.3280 -0.9447 -0.0000
vn -0.1973 -0.9803 -0.0000
vn -0.0611 -0.9981 -0.0000
vn 0.0729 -0.9973 -0.0000
vn 0.2039 -0.9790 -0.0000
vn 0.3335 -0.9428 -0.0000
vn 0.4565 -0.8897 -0.0000
vn 0.5703 -0.8214 -0.0000
vn 0.6730 -0.7396 -0.0000
vn 0.7633 -0.6460 -0.0000
vn 0.8402 -0.5423 -0.0000
vn 0.9029 -0.4298 -0.0000
vn 0.9506 -0.3103 -0.0000
vn 0.9827 -0.1854 -0.0000
vn 0.9984 -0.0573 -0.0000
vn 0.9963 0.0862 -0.0000
vn 0.9877 0.1566 -0.0000
vn 0.9899 0.1420 -0.0000
vn 0.9915 0.1298 -0.0000
vn 0.9928 0.1196 -0.0000
vn 0.9938 0.1112 -0.0000
vn 0.9945 0.1043 -0.0000
vn 0.9951 0.0987 -0.0000
vn 0.9955 0.0943 -0.0000
vn 0.9959 0.0909 -0.0000
vn 0.9961 0.0886 -0.0000
vn 0.9962 0.0872 -0.0000
vn 0.9980 0.0633 -0.0000
vn 0.9993 0.0365 -0.0000
vn 0.9995 0.0302 -0.0000
vn 0.9997 0.0246 -0.0000
vn 0.9998 0.0197 -0.0000
vn 0.9999 0.0154 -0.0000
vn 0.9999 0.0116 -0.0000
vn 1.0000 0.0083 -0.0000
vn 1.0000 0.0056 -0.0000
vn 1.0000 0.0033 -0.0000
vn 1.0000 0.0016 -0.0000
vn 1.0000 0.0005 -0.0000
vn 1.0000 0.0022 -0.0000
vn 0.9968 0.0803 -0.0000
vn 0.9732 0.2298 -0.0000
vn 0.9285 0.3714 -0.0000
vn 0.8655 0.5009 -0.0000
vn 0.7876 0.6162 -0.0000
vn 0.6978 0.7163 -0.0000
vn 0.5983 0.8013 -0.0000
vn 0.4907 0.8713 -0.0000
vn 0.3761 0.9266 -0.0000
vn 0.2553 0.9669 -0.0000
vn 0.1292 0.9916 -0.0000
vn 0.0156 0.9999 -0.0000
vn -0.0329 0.9995 -0.0000
vn -0.0314 0.9995 -0.0000
vn -0.0295 0.9996 -0.0000
vn -0.0275 0.9996 -0.0000
vn -0.0253 0.9997 -0.0000
vn -0.0228 0.9997 -0.0000
vn -0.0201 0.9998 -0.0000
vn -0.0170 0.9999 -0.0000
vn -0.0135 0.9999 -0.0000
vn -0.0096 1.0000 -0.0000
vn -0.0051 1.0000 -0.0000
vn -0.0000 1.0000 -0.0000
vn 0.0051 1.0000 -0.0000
vn 0.0096 1.0000 -0.0000
vn 0.0136 0.9999 -0.0000
vn 0.0170 0.9999 -0.0000
vn 0.0201 0.9998 -0.0000
vn 0.0229 0.9997 -0.0000
vn 0.0253 0.9997 -0.0000
vn 0.0275 0.9996 -0.0000
vn 0.0296 0.9996 -0.0000
vn 0.0314 0.9995 -0.0000
vn 0.0330 0.9995 -0.0000
vn -0.0156 0.9999 -0.0000
vn -0.1291 0.9916 -0.0000
vn -0.2547 0.9670 -0.0000
vn -0.3743 0.9273 -0.0000
vn -0.4870 0.8734 -0.0000
vn -0.5917 0.8061 -0.0000
vn -0.6880 0.7258 -0.0000
vn -0.7746 0.6325 -0.0000
vn -0.8502 0.5264 -0.0000
vn -0.9129 0.4081 -0.0000
vn -0.9603 0.2790 -0.0000
vn -0.9899 0.1415 -0.0000
vn -1.0000 0.0081 -0.0000
vn -0.9988 -0.0480 -0.0000
vn -0.9994 -0.0348 -0.0000
vn -0.9997 -0.0226 -0.0000
vn -0.9999 -0.0109 -0.0000
vn -1.0000 0.0004 -0.0000
vn -0.9999 0.0115 -0.0000
vn -0.9997 0.0228 -0.0000
vn -0.9994 0.0344 -0.0000
vn -0.9989 0.0464 -0.0000
vn -0.9983 0.0590 -0.0000
vn -0.9974 0.0724 -0.0000
vn -0.9979 0.0649 -0.0000
vn -0.9984 0.0568 -0.0000
vn -0.9976 0.0689 -0.0000
vn -0.9968 0.0796 -0.0000
vn -0.9960 0.0890 -0.0000
vn -0.9953 0.0970 -0.0000
vn -0.9946 0.1039 -0.0000
vn -0.9940 0.1094 -0.0000
vn -0.9935 0.1138 -0.0000
vn -0.9932 0.1168 -0.0000
vn -0.9930 0.1184 -0.0000
vn -0.9930 0.1183 -0.0000
vn -0.9957 0.0930 -0.0000
vn -1.0000 -0.0060 -0.0000
vn -0.9883 -0.1523 -0.0000
vn -0.9564 -0.2922 -0.0000
vn -0.9065 -0.4221 -0.0000
vn -0.8416 -0.5402 -0.0000
vn -0.7637 -0.6456 -0.0000
vn -0.6744 -0.7384 -0.0000
vn -0.5745 -0.8185 -0.0000
vn -0.4643 -0.8857 -0.0000
vn -0.3440 -0.9390 -0.0000
vn -0.2141 -0.9768 -0.0000
vn 0.1359 -0.9907 -0.0000
vn 0.2676 -0.9635 -0.0000
vn 0.3920 -0.9200 -0.0000
vn 0.5073 -0.8617 -0.0000
vn 0.6126 -0.7904 -0.0000
vn 0.7071 -0.7071 -0.0000
vn 0.7904 -0.6126 -0.0000
vn 0.8617 -0.5073 -0.0000
vn 0.9200 -0.3920 -0.0000
vn 0.9635 -0.2676 -0.0000
vn 0.9907 -0.1359 -0.0000
vn 1.0000 -0.0000 -0.0000
vn 0.9907 0.1359 -0.0000
vn 0.9635 0.2676 -0.0000
vn 0.9200 0.3920 -0.0000
vn 0.8617 0.5073 -0.0000
vn 0.7904 0.6126 -0.0000
vn 0.6126 0.7904 -0.0000
vn 0.5073 0.8617 -0.0000
vn 0.3920 0.9200 -0.0000
vn 0.2676 0.9635 -0.0000
vn 0.1359 0.9907 -0.0000
vn -0.1359 0.9907 -0.0000
vn -0.2676 0.9635 -0.0000
vn -0.3920 0.9200 -0.0000
vn -0.5073 0.8617 -0.0000
vn -0.6126 0.7904 -0.0000
vn -0.7904 0.6126 -0.0000
vn -0.8617 0.5073 -0.0000
vn -0.9200 0.3920 -0.0000
vn -0.9635 0.2676 -0.0000
vn -0.9907 0.1359 -0.0000
vn -1.0000 -0.0000 -0.0000
vn -0.9907 -0.1359 -0.0000
vn -0.9635 -0.2676 -0.0000
vn -0.9200 -0.3920 -0.0000
vn -0.8617 -0.5073 -0.0000
vn -0.7904 -0.6126 -0.0000
vn -0.7071 -0.7071 -0.0000
vn -0.6126 -0.7904 -0.0000
vn -0.5073 -0.8617 -0.0000
vn -0.3920 -0.9200 -0.0000
vn -0.2676 -0.9635 -0.0000
vn -0.1359 -0.9907 -0.0000
vn -0.1005 0.9949 -0.0000
vn -0.1087 0.9941 -0.0000
vn -0.1094 0.9940 -0.0000
vn -0.1023 0.9948 -0.0000
vn -0.0877 0.9961 -0.0000
vn -0.0663 0.9978 -0.0000
vn -0.0394 0.9992 -0.0000
vn -0.0086 1.0000 -0.0000
vn 0.0245 0.9997 -0.0000
vn 0.0584 0.9983 -0.0000
vn 0.0919 0.9958 -0.0000
vn 0.1278 0.9918 -0.0000
vn 0.1640 0.9865 -0.0000
vn 0.1995 0.9799 -0.0000
vn 0.2383 0.9712 -0.0000
vn 0.2794 0.9602 -0.0000
vn 0.3207 0.9472 -0.0000
vn 0.3599 0.9330 -0.0000
vn 0.3949 0.9187 -0.0000
vn 0.4235 0.9059 -0.0000
vn 0.4447 0.8957 -0.0000
vn 0.4581 0.8889 -0.0000
vn 0.4639 0.8859 -0.0000
vn 0.4242 0.9056 -0.0000
vn 0.3176 0.9482 -0.0000
vn 0.1866 0.9824 -0.0000
vn 0.0579 0.9983 -0.0000
vn -0.0671 0.9977 -0.0000
vn -0.1880 0.9822 -0.0000
vn -0.3049 0.9524 -0.0000
vn -0.4181 0.9084 -0.0000
vn -0.5276 0.8495 -0.0000
vn -0.6325 0.7746 -0.0000
vn -0.7309 0.6825 -0.0000
vn -0.8197 0.5728 -0.0000
vn -0.9159 0.4014 -0.0000
vn -0.9679 0.2514 -0.0000
vn -0.9829 0.1840 -0.0000
vn -0.9933 0.1155 -0.0000
vn -0.9989 0.0476 -0.0000
vn -0.9998 -0.0176 -0.0000
vn -0.9969 -0.0784 -0.0000
vn -0.9912 -0.1327 -0.0000
vn -0.9839 -0.1788 -0.0000
vn -0.9767 -0.2148 -0.0000
vn -0.9711 -0.2387 -0.0000
vn -0.9688 -0.2479 -0.0000
vn -0.9595 -0.2817 -0.0000
vn -0.9509 -0.3096 -0.0000
vn -0.9556 -0.2948 -0.0000
vn -0.9626 -0.2708 -0.0000
vn -0.9709 -0.2397 -0.0000
vn -0.9789 -0.2041 -0.0000
vn -0.9859 -0.1670 -0.0000
vn -0.9914 -0.1309 -0.0000
vn -0.9952 -0.0974 -0.0000
vn -0.9977 -0.0675 -0.0000
vn -0.9991 -0.0415 -0.0000
vn -1.0000 -0.0045 -0.0000
vn 0.9121 -0.4100 -0.0000
vn 0.9904 0.1383 -0.0000
vn 0.9997 -0.0257 -0.0000
vn 0.9939 -0.1099 -0.0000
vn 0.9719 -0.2355 -0.0000
vn 0.9270 -0.3752 -0.0000
vn 0.8539 -0.5205 -0.0000
vn 0.7524 -0.6587 -0.0000
vn 0.6298 -0.7768 -0.0000
vn 0.4982 -0.8670 -0.0000
vn 0.3703 -0.9289 -0.0000
vn 0.2544 -0.9671 -0.0000
vn 0.1545 -0.9880 -0.0000
vn 0.0708 -0.9975 -0.0000
vn 0.0514 -0.9987 -0.0000
vn 0.1383 -0.9904 -0.0000
vn 0.2713 -0.9625 -0.0000
vn 0.3957 -0.9184 -0.0000
vn 0.5101 -0.8601 -0.0000
vn 0.6140 -0.7893 -0.0000
vn 0.7893 -0.6140 -0.0000
vn 0.8601 -0.5101 -0.0000
vn 0.9184 -0.3957 -0.0000
vn 0.9625 -0.2713 -0.0000
vn 0.9904 -0.1383 -0.0000
vn 1.0000 0.0006 -0.0000
vn 0.9899 0.1415 -0.0000
vn 0.9603 0.2790 -0.0000
vn 0.9129 0.4081 -0.0000
vn 0.8502 0.5264 -0.0000
vn 0.7746 0.6324 -0.0000
vn 0.6880 0.7257 -0.0000
vn 0.5917 0.8061 -0.0000
vn 0.4869 0.8734 -0.0000
vn 0.3743 0.9273 -0.0000
vn 0.2547 0.9670 -0.0000
vn 0.1291 0.9916 -0.0000
vn -0.0149 0.9999 -0.0000
vn 0.0773 0.9970 -0.0000
vn 0.1709 0.9853 -0.0000
vn 0.2842 0.9588 -0.0000
vn 0.4142 0.9102 -0.0000
vn 0.5529 0.8332 -0.0000
vn 0.6872 0.7265 -0.0000
vn 0.8025 0.5966 -0.0000
vn 0.8897 0.4566 -0.0000
vn 0.9473 0.3202 -0.0000
vn 0.9804 0.1970 -0.0000
vn 0.9959 0.0908 -0.0000
vn 0.9984 0.0564 -0.0000
vn 0.9900 0.1409 -0.0000
vn 0.9609 0.2769 -0.0000
vn 0.9147 0.4040 -0.0000
vn 0.8541 0.5201 -0.0000
vn 0.7811 0.6244 -0.0000
vn 0.6975 0.7165 -0.0000
vn 0.6042 0.7968 -0.0000
vn 0.5015 0.8652 -0.0000
vn 0.3893 0.9211 -0.0000
vn 0.2677 0.9635 -0.0000
vn 0.1371 0.9906 -0.0000
vn 0.0021 1.0000 -0.0000
vn -0.1308 0.9914 -0.0000
vn -0.2600 0.9656 -0.0000
vn -0.3844 0.9232 -0.0000
vn -0.5015 0.8651 -0.0000
vn -0.6096 0.7927 -0.0000
vn -0.7927 0.6096 -0.0000
vn -0.8651 0.5015 -0.0000
vn -0.9232 0.3844 -0.0000
vn -0.9656 0.2600 -0.0000
vn -0.9914 0.1308 -0.0000
vn -0.9995 0.0327 -0.0000
vn -0.0327 0.9995 -0.0000
vn -0.9914 -0.1308 -0.0000
vn -0.9656 -0.2600 -0.0000
vn -0.9232 -0.3844 -0.0000
vn -0.8651 -0.5015 -0.0000
vn -0.7927 -0.6096 -0.0000
vn -0.6096 -0.7927 -0.0000
vn -0.5015 -0.8651 -0.0000
vn -0.3844 -0.9232 -0.0000
vn -0.2600 -0.9656 -0.0000
vn -0.1308 -0.9914 -0.0000
vn -0.0327 -0.9995 -0.0000
vn -0.9999 0.0160 -0.0000
vn -0.9976 0.0690 -0.0000
vn -0.9886 0.1508 -0.0000
vn -0.9686 0.2487 -0.0000
vn -0.9317 0.3632 -0.0000
vn -0.8710 0.4914 -0.0000
vn -0.7807 0.6250 -0.0000
vn -0.6606 0.7507 -0.0000
vn -0.5191 0.8547 -0.0000
vn -0.3707 0.9287 -0.0000
vn -0.2300 0.9732 -0.0000
vn -0.1063 0.9943 -0.0000
vn 0.0114 0.9999 -0.0000
vn 0.1461 0.9893 -0.0000
vn 0.2927 0.9562 -0.0000
vn 0.4328 0.9015 -0.0000
vn 0.5595 0.8288 -0.0000
vn 0.6683 0.7439 -0.0000
vn 0.7576 0.6528 -0.0000
vn 0.8281 0.5606 -0.0000
vn 0.8821 0.4711 -0.0000
vn 0.9223 0.3864 -0.0000
vn 0.9516 0.3074 -0.0000
vn 0.9721 0.2345 -0.0000
vn 0.9697 0.2442 -0.0000
vn 0.9368 0.3498 -0.0000
vn 0.8847 0.4662 -0.0000
vn 0.8202 0.5720 -0.0000
vn 0.7453 0.6668 -0.0000
vn 0.6610 0.7504 -0.0000
vn 0.5681 0.8229 -0.0000
vn 0.4669 0.8843 -0.0000
vn 0.3573 0.9340 -0.0000
vn 0.2395 0.9709 -0.0000
vn 0.1141 0.9935 -0.0000
vn -0.0175 0.9998 -0.0000
vn -0.1435 0.9897 -0.0000
vn -0.2623 0.9650 -0.0000
vn -0.3798 0.9251 -0.0000
vn -0.4920 0.8706 -0.0000
vn -0.5973 0.8020 -0.0000
vn -0.6942 0.7198 -0.0000
vn -0.7811 0.6244 -0.0000
vn -0.8562 0.5167 -0.0000
vn -0.9175 0.3976 -0.0000
vn -0.9631 0.2692 -0.0000
vn -0.9910 0.1340 -0.0000
vn -1.0000 -0.0043 -0.0000
vn -0.9917 -0.1285 -0.0000
vn -0.9718 -0.2356 -0.0000
vn -0.9403 -0.3405 -0.0000
vn -0.8955 -0.4450 -0.0000
vn -0.8373 -0.5467 -0.0000
vn -0.7657 -0.6432 -0.0000
vn -0.6813 -0.7320 -0.0000
vn -0.5854 -0.8108 -0.0000
vn -0.4795 -0.8775 -0.0000
vn -0.3657 -0.9307 -0.0000
vn -0.2462 -0.9692 -0.0000
vn -0.1235 -0.9923 -0.0000
vn -0.0011 -1.0000 -0.0000
vn 0.1268 -0.9919 -0.0000
vn 0.2693 -0.9631 -0.0000
vn 0.4229 -0.9062 -0.0000
vn 0.5746 -0.8184 -0.0000
vn 0.7096 -0.7046 -0.0000
vn 0.8171 -0.5765 -0.0000
vn 0.8941 -0.4479 -0.0000
vn 0.9444 -0.3289 -0.0000
vn 0.9744 -0.2247 -0.0000
vn 0.9907 -0.1363 -0.0000
vn 0.9980 -0.0626 -0.0000
vn 0.9999 -0.0146 -0.0000
vn 0.0327 -0.9995 -0.0000
vn 0.1308 -0.9914 -0.0000
vn 0.2600 -0.9656 -0.0000
vn 0.3844 -0.9232 -0.0000
vn 0.5015 -0.8651 -0.0000
vn 0.6096 -0.7927 -0.0000
vn 0.7927 -0.6096 -0.0000
vn 0.8651 -0.5015 -0.0000
vn 0.9232 -0.3844 -0.0000
vn 0.9656 -0.2600 -0.0000
vn 0.9914 -0.1308 -0.0000
vn 0.9914 0.1308 -0.0000
vn 0.9656 0.2600 -0.0000
vn 0.9232 0.3844 -0.0000
vn 0.8651 0.5015 -0.0000
vn 0.7927 0.6096 -0.0000
vn 0.6096 0.7927 -0.0000
vn 0.5015 0.8651 -0.0000
vn 0.3844 0.9232 -0.0000
vn 0.2600 0.9656 -0.0000
vn 0.1308 0.9914 -0.0000
vn 0.0504 0.9987 -0.0000
vn 0.0484 -0.9988 -0.0000
vn 0.1276 -0.9918 -0.0000
vn 0.2533 -0.9674 -0.0000
vn 0.3748 -0.9271 -0.0000
vn 0.4903 -0.8716 -0.0000
vn 0.5982 -0.8013 -0.0000
vn 0.6970 -0.7171 -0.0000
vn 0.7849 -0.6196 -0.0000
vn 0.8601 -0.5102 -0.0000
vn 0.9206 -0.3906 -0.0000
vn 0.9647 -0.2634 -0.0000
vn 0.9913 -0.1319 -0.0000
vn 1.0000 0.0028 -0.0000
vn 0.9899 0.1417 -0.0000
vn 0.9601 0.2797 -0.0000
vn 0.9121 0.4100 -0.0000
vn 0.8478 0.5304 -0.0000
vn 0.7691 0.6392 -0.0000
vn 0.6775 0.7355 -0.0000
vn 0.5743 0.8186 -0.0000
vn 0.4605 0.8877 -0.0000
vn 0.3371 0.9415 -0.0000
vn 0.2056 0.9786 -0.0000
vn 0.0683 0.9977 -0.0000
vn -0.0464 0.9989 -0.0000
vn -0.0939 0.9956 -0.0000
vn -0.0963 0.9954 -0.0000
vn -0.0923 0.9957 -0.0000
vn -0.0820 0.9966 -0.0000
vn -0.0657 0.9978 -0.0000
vn -0.0442 0.9990 -0.0000
vn -0.0187 0.9998 -0.0000
vn 0.0095 1.0000 -0.0000
vn 0.0389 0.9992 -0.0000
vn 0.0969 0.9953 -0.0000
vn 0.1277 0.9918 -0.0000
vn 0.1587 0.9873 -0.0000
vn 0.1890 0.9820 -0.0000
vn 0.2233 0.9748 -0.0000
vn 0.2607 0.9654 -0.0000
vn 0.2997 0.9540 -0.0000
vn 0.3383 0.9410 -0.0000
vn 0.3741 0.9274 -0.0000
vn 0.4052 0.9142 -0.0000
vn 0.4299 0.9029 -0.0000
vn 0.4477 0.8942 -0.0000
vn 0.4586 0.8887 -0.0000
vn 0.4484 0.8938 -0.0000
vn 0.3631 0.9318 -0.0000
vn 0.2171 0.9762 -0.0000
vn 0.0725 0.9974 -0.0000
vn -0.0666 0.9978 -0.0000
vn -0.1981 0.9802 -0.0000
vn -0.3215 0.9469 -0.0000
vn -0.4370 0.8994 -0.0000
vn -0.5452 0.8383 -0.0000
vn -0.6462 0.7632 -0.0000
vn -0.7394 0.6732 -0.0000
vn -0.8233 0.5677 -0.0000
vn -0.9165 0.4001 -0.0000
vn -0.4747 -0.8802 -0.0000
vn -0.9995 0.0314 -0.0000
vn -0.9939 0.1100 -0.0000
vn -0.9802 0.1978 -0.0000
vn -0.9554 0.2953 -0.0000
vn -0.9154 0.4024 -0.0000
vn -0.8555 0.5178 -0.0000
vn -0.7706 0.6373 -0.0000
vn -0.6571 0.7538 -0.0000
vn -0.5152 0.8571 -0.0000
vn -0.3507 0.9365 -0.0000
vn -0.1751 0.9846 -0.0000
vn -0.0234 0.9997 -0.0000
vn 0.0814 0.9967 -0.0000
vn 0.1697 0.9855 -0.0000
vn 0.2650 0.9643 -0.0000
vn 0.3652 0.9309 -0.0000
vn 0.4673 0.8841 -0.0000
vn 0.5670 0.8237 -0.0000
vn 0.6602 0.7511 -0.0000
vn 0.7430 0.6692 -0.0000
vn 0.8132 0.5820 -0.0000
vn 0.8699 0.4932 -0.0000
vn 0.9136 0.4065 -0.0000
vn 0.9314 0.3641 -0.0000
vn 0.9017 0.4324 -0.0000
vn 0.8288 0.5595 -0.0000
vn 0.7406 0.6720 -0.0000
vn 0.6397 0.7686 -0.0000
vn 0.5283 0.8491 -0.0000
vn 0.4079 0.9130 -0.0000
vn 0.2796 0.9601 -0.0000
vn 0.1445 0.9895 -0.0000
vn 0.0041 1.0000 -0.0000
vn -0.1392 0.9903 -0.0000
vn -0.2818 0.9595 -0.0000
vn -0.3955 0.9184 -0.0000
vn -0.4910 0.8711 -0.0000
vn -0.5903 0.8072 -0.0000
vn -0.6815 0.7319 -0.0000
vn -0.7639 0.6453 -0.0000
vn -0.8368 0.5475 -0.0000
vn -0.8989 0.4382 -0.0000
vn -0.9483 0.3175 -0.0000
vn -0.9825 0.1862 -0.0000
vn -0.9989 0.0462 -0.0000
vn -0.9951 -0.0991 -0.0000
vn -0.9696 -0.2446 -0.0000
vn -0.9402 -0.3406 -0.0000
vn -0.9097 -0.4153 -0.0000
vn -0.8577 -0.5141 -0.0000
vn -0.7162 -0.6979 -0.0000
vn -0.6305 -0.7762 -0.0000
vn -0.5389 -0.8424 -0.0000
vn -0.4446 -0.8957 -0.0000
vn -0.3504 -0.9366 -0.0000
vn -0.2581 -0.9661 -0.0000
vn -0.1690 -0.9856 -0.0000
vn -0.0832 -0.9965 -0.0000
vn 0.0058 -1.0000 -0.0000
vn 0.1104 -0.9939 -0.0000
vn 0.2311 -0.9729 -0.0000
vn 0.3599 -0.9330 -0.0000
vn 0.4913 -0.8710 -0.0000
vn 0.6175 -0.7866 -0.0000
vn 0.7305 -0.6830 -0.0000
vn 0.8242 -0.5662 -0.0000
vn 0.8961 -0.4438 -0.0000
vn 0.9466 -0.3225 -0.0000
vn 0.9784 -0.2068 -0.0000
vn 0.9950 -0.0994 -0.0000
vn 1.0000 0.0059 -0.0000
vn 0.9924 0.1230 -0.0000
vn 0.9680 0.2511 -0.0000
vn 0.9246 0.3810 -0.0000
vn 0.8618 0.5072 -0.0000
vn 0.7810 0.6245 -0.0000
vn 0.6851 0.7284 -0.0000
vn 0.5781 0.8159 -0.0000
vn 0.4642 0.8857 -0.0000
vn 0.3470 0.9379 -0.0000
vn 0.2294 0.9733 -0.0000
vn 0.1134 0.9935 -0.0000
vn 0.0023 1.0000 -0.0000
vn -0.1080 0.9941 -0.0000
vn -0.2278 0.9737 -0.0000
vn -0.3584 0.9336 -0.0000
vn -0.4938 0.8696 -0.0000
vn -0.6250 0.7807 -0.0000
vn -0.7419 0.6705 -0.0000
vn -0.8371 0.5470 -0.0000
vn -0.9075 0.4201 -0.0000
vn -0.9545 0.2982 -0.0000
vn -0.9824 0.1865 -0.0000
vn -0.9962 0.0876 -0.0000
vn -0.7216 -0.6923 -0.0000
vn -0.7050 -0.7092 -0.0000
vn 0.0251 0.9997 -0.0000
vn 0.1063 0.9943 -0.0000
vn 0.2252 0.9743 -0.0000
vn 0.3560 0.9345 -0.0000
vn 0.4927 0.8702 -0.0000
vn 0.6262 0.7797 -0.0000
vn 0.7460 0.6660 -0.0000
vn 0.8436 0.5370 -0.0000
vn 0.9153 0.4027 -0.0000
vn 0.9623 0.2722 -0.0000
vn 0.9885 0.1512 -0.0000
vn 0.9991 0.0424 -0.0000
vn 0.9981 -0.0622 -0.0000
vn 0.9898 -0.1422 -0.0000
vn 0.9797 -0.2005 -0.0000
vn 0.9630 -0.2694 -0.0000
vn 0.9365 -0.3506 -0.0000
vn 0.8956 -0.4449 -0.0000
vn 0.8345 -0.5511 -0.0000
vn 0.7470 -0.6648 -0.0000
vn 0.6295 -0.7770 -0.0000
vn 0.4842 -0.8749 -0.0000
vn 0.3213 -0.9470 -0.0000
vn 0.1559 -0.9878 -0.0000
vn -0.1564 -0.9877 -0.0000
vn -0.3136 -0.9495 -0.0000
vn -0.4621 -0.8868 -0.0000
vn -0.5929 -0.8053 -0.0000
vn -0.7011 -0.7130 -0.0000
vn -0.7864 -0.6177 -0.0000
vn -0.8513 -0.5247 -0.0000
vn -0.8993 -0.4373 -0.0000
vn -0.9343 -0.3566 -0.0000
vn -0.9592 -0.2828 -0.0000
vn -0.9765 -0.2154 -0.0000
vn -0.7691 0.6391 -0.0000
vt 0.616541 0.000000
vt 0.631579 0.000000
vt 0.624060 0.000000
vt 0.639098 0.000000
vt 0.609023 0.000000
vt 0.646617 0.000000
vt 0.601504 0.000000
vt 0.654135 0.000000
vt 0.593985 0.000000
vt 0.661654 0.000000
vt 0.586466 0.000000
vt 0.909774 0.000000
vt 0.669173 0.000000
vt 0.578947 0.000000
vt 0.917293 0.000000
vt 0.902256 0.000000
vt 0.894737 0.000000
vt 0.924812 0.000000
vt 0.887218 0.000000
vt 0.932331 0.000000
vt 0.879699 0.000000
vt 0.676692 0.000000
vt 0.939850 0.000000
vt 0.872180 0.000000
vt 0.571429 0.000000
vt 0.947368 0.000000
vt 0.864662 0.000000
vt 0.954887 0.000000
vt 0.684211 0.000000
vt 0.857143 0.000000
vt 0.962406 0.000000
vt 0.849624 0.000000
vt 0.563910 0.000000
vt 0.842105 0.000000
vt 0.969925 0.000000
vt 0.691729 0.000000
vt 0.834586 0.000000
vt 0.977444 0.000000
vt 0.556391 0.000000
vt 0.827068 0.000000
vt 0.699248 0.000000
vt 0.984962 0.000000
vt 0.819549 0.000000
vt 0.548872 0.000000
vt 0.992481 0.000000
vt 0.812030 0.000000
vt 0.804511 0.000000
vt 0.706767 0.000000
vt 0.796992 0.000000
vt 1.000000 0.000000
vt 0.789474 0.000000
vt 0.781955 0.000000
vt 0.774436 0.000000
vt 0.766917 0.000000
vt 0.541353 0.000000
vt 0.759399 0.000000
vt 0.751880 0.000000
vt 0.744361 0.000000
vt 0.736842 0.000000
vt 0.729323 0.000000
vt 0.714286 0.000000
vt 0.533835 0.000000
vt 0.721804 0.000000
vt 0.000000 0.000000
vt 0.526316 0.000000
vt 0.007519 0.000000
vt 0.518797 0.000000
vt 0.015038 0.000000
vt 0.511278 0.000000
vt 0.022556 0.000000
vt 0.233083 0.000000
vt 0.248120 0.000000
vt 0.240602 0.000000
vt 0.255639 0.000000
vt 0.225564 0.000000
vt 0.218045 0.000000
vt 0.263158 0.000000
vt 0.210526 0.000000
vt 0.270677 0.000000
vt 0.203008 0.000000
vt 0.278196 0.000000
vt 0.285714 0.000000
vt 0.195489 0.000000
vt 0.293233 0.000000
vt 0.187970 0.000000
vt 0.300752 0.000000
vt 0.180451 0.000000
vt 0.308271 0.000000
vt 0.172932 0.000000
vt 0.315789 0.000000
vt 0.165414 0.000000
vt 0.323308 0.000000
vt 0.503759 0.000000
vt 0.330827 0.000000
vt 0.030075 0.000000
vt 0.338346 0.000000
vt 0.345865 0.000000
vt 0.353383 0.000000
vt 0.360902 0.000000
vt 0.157895 0.000000
vt 0.037594 0.000000
vt 0.496241 0.000000
vt 0.150376 0.000000
vt 0.368421 0.000000
vt 0.142857 0.000000
vt 0.045113 0.000000
vt 0.488722 0.000000
vt 0.135338 0.000000
vt 0.375940 0.000000
vt 0.052632 0.000000
vt 0.127820 0.000000
vt 0.060150 0.000000
vt 0.383459 0.000000
vt 0.481203 0.000000
vt 0.120301 0.000000
vt 0.112782 0.000000
vt 0.067669 0.000000
vt 0.105263 0.000000
vt 0.390977 0.000000
vt 0.075188 0.000000
vt 0.097744 0.000000
vt 0.473684 0.000000
vt 0.090226 0.000000
vt 0.082707 0.000000
vt 0.398496 0.000000
vt 0.466165 0.000000
vt 0.406015 0.000000
vt 0.413534 0.000000
vt 0.458647 0.000000
vt 0.421053 0.000000
vt 0.451128 0.000000
vt 0.428571 0.000000
vt 0.436090 0.000000
vt 0.443609 0.000000
vt 0.326425 0.000000
vt 0.336788 0.000000
vt 0.331606 0.000000
vt 0.321244 0.000000
vt 0.341969 0.000000
vt 0.316062 0.000000
vt 0.347150 0.000000
vt 0.310881 0.000000
vt 0.352332 0.000000
vt 0.305699 0.000000
vt 0.357513 0.000000
vt 0.300518 0.000000
vt 0.362694 0.000000
vt 0.295337 0.000000
vt 0.367876 0.000000
vt 0.290155 0.000000
vt 0.373057 0.000000
vt 0.284974 0.000000
vt 0.378238 0.000000
vt 0.279793 0.000000
vt 0.274611 0.000000
vt 0.383420 0.000000
vt 0.269430 0.000000
vt 0.388601 0.000000
vt 0.264249 0.000000
vt 0.393782 0.000000
vt 0.259067 0.000000
vt 0.253886 0.000000
vt 0.398964 0.000000
vt 0.248705 0.000000
vt 0.176166 0.000000
vt 0.186529 0.000000
vt 0.181347 0.000000
vt 0.191710 0.000000
vt 0.170984 0.000000
vt 0.196891 0.000000
vt 0.404145 0.000000
vt 0.243523 0.000000
vt 0.202073 0.000000
vt 0.165803 0.000000
vt 0.207254 0.000000
vt 0.238342 0.000000
vt 0.212435 0.000000
vt 0.409326 0.000000
vt 0.217617 0.000000
vt 0.233161 0.000000
vt 0.160622 0.000000
vt 0.222798 0.000000
vt 0.227979 0.000000
vt 0.414508 0.000000
vt 0.155440 0.000000
vt 0.419689 0.000000
vt 0.150259 0.000000
vt 0.424870 0.000000
vt 0.430052 0.000000
vt 0.145078 0.000000
vt 0.435233 0.000000
vt 0.440415 0.000000
vt 0.139896 0.000000
vt 0.445596 0.000000
vt 0.134715 0.000000
vt 0.450777 0.000000
vt 0.129534 0.000000
vt 0.455959 0.000000
vt 0.124352 0.000000
vt 0.461140 0.000000
vt 0.119171 0.000000
vt 0.466321 0.000000
vt 0.113990 0.000000
vt 0.471503 0.000000
vt 0.108808 0.000000
vt 0.476684 0.000000
vt 0.103627 0.000000
vt 0.098446 0.000000
vt 0.481865 0.000000
vt 0.093264 0.000000
vt 0.088083 0.000000
vt 0.487047 0.000000
vt 0.082902 0.000000
vt 0.077720 0.000000
vt 0.072539 0.000000
vt 0.492228 0.000000
vt 0.067358 0.000000
vt 0.062176 0.000000
vt 0.056995 0.000000
vt 0.051813 0.000000
vt 0.046632 0.000000
vt 0.041451 0.000000
vt 0.036269 0.000000
vt 0.031088 0.000000
vt 0.497409 0.000000
vt 0.025907 0.000000
vt 0.020725 0.000000
vt 0.015544 0.000000
vt 0.010363 0.000000
vt 0.502591 0.000000
vt 0.005181 0.000000
vt 0.994819 0.000000
vt 0.507772 0.000000
vt 0.989637 0.000000
vt 0.512953 0.000000
vt 0.984456 0.000000
vt 0.518135 0.000000
vt 0.979275 0.000000
vt 0.523316 0.000000
vt 0.974093 0.000000
vt 0.528497 0.000000
vt 0.968912 0.000000
vt 0.533679 0.000000
vt 0.963731 0.000000
vt 0.538860 0.000000
vt 0.958549 0.000000
vt 0.544041 0.000000
vt 0.953368 0.000000
vt 0.549223 0.000000
vt 0.948187 0.000000
vt 0.554404 0.000000
vt 0.943005 0.000000
vt 0.559586 0.000000
vt 0.937824 0.000000
vt 0.564767 0.000000
vt 0.932642 0.000000
vt 0.569948 0.000000
vt 0.927461 0.000000
vt 0.575130 0.000000
vt 0.922280 0.000000
vt 0.580311 0.000000
vt 0.917098 0.000000
vt 0.585492 0.000000
vt 0.911917 0.000000
vt 0.590674 0.000000
vt 0.906736 0.000000
vt 0.595855 0.000000
vt 0.901554 0.000000
vt 0.601036 0.000000
vt 0.896373 0.000000
vt 0.606218 0.000000
vt 0.891192 0.000000
vt 0.611399 0.000000
vt 0.886010 0.000000
vt 0.616580 0.000000
vt 0.880829 0.000000
vt 0.621762 0.000000
vt 0.875648 0.000000
vt 0.626943 0.000000
vt 0.870466 0.000000
vt 0.632124 0.000000
vt 0.637306 0.000000
vt 0.865285 0.000000
vt 0.642487 0.000000
vt 0.860104 0.000000
vt 0.647668 0.000000
vt 0.854922 0.000000
vt 0.652850 0.000000
vt 0.849741 0.000000
vt 0.658031 0.000000
vt 0.844560 0.000000
vt 0.663212 0.000000
vt 0.839378 0.000000
vt 0.668394 0.000000
vt 0.834197 0.000000
vt 0.751295 0.000000
vt 0.756477 0.000000
vt 0.746114 0.000000
vt 0.761658 0.000000
vt 0.740933 0.000000
vt 0.766839 0.000000
vt 0.735751 0.000000
vt 0.772021 0.000000
vt 0.730570 0.000000
vt 0.673575 0.000000
vt 0.829016 0.000000
vt 0.777202 0.000000
vt 0.725389 0.000000
vt 0.782383 0.000000
vt 0.720207 0.000000
vt 0.787565 0.000000
vt 0.715026 0.000000
vt 0.792746 0.000000
vt 0.709845 0.000000
vt 0.678756 0.000000
vt 0.823834 0.000000
vt 0.797927 0.000000
vt 0.704663 0.000000
vt 0.803109 0.000000
vt 0.699482 0.000000
vt 0.808290 0.000000
vt 0.694301 0.000000
vt 0.683938 0.000000
vt 0.818653 0.000000
vt 0.813471 0.000000
vt 0.689119 0.000000
vt 0.136646 0.000000
vt 0.149068 0.000000
vt 0.155280 0.000000
vt 0.130435 0.000000
vt 0.161491 0.000000
vt 0.124224 0.000000
vt 0.167702 0.000000
vt 0.118012 0.000000
vt 0.173913 0.000000
vt 0.111801 0.000000
vt 0.180124 0.000000
vt 0.105590 0.000000
vt 0.186335 0.000000
vt 0.099379 0.000000
vt 0.192547 0.000000
vt 0.093168 0.000000
vt 0.198758 0.000000
vt 0.086957 0.000000
vt 0.204969 0.000000
vt 0.080745 0.000000
vt 0.211180 0.000000
vt 0.074534 0.000000
vt 0.217391 0.000000
vt 0.068323 0.000000
vt 0.062112 0.000000
vt 0.223602 0.000000
vt 0.055901 0.000000
vt 0.049689 0.000000
vt 0.043478 0.000000
vt 0.037267 0.000000
vt 0.031056 0.000000
vt 0.024845 0.000000
vt 0.018634 0.000000
vt 0.012422 0.000000
vt 0.006211 0.000000
vt 0.993789 0.000000
vt 0.229814 0.000000
vt 0.236025 0.000000
vt 0.987578 0.000000
vt 0.242236 0.000000
vt 0.981366 0.000000
vt 0.248447 0.000000
vt 0.975155 0.000000
vt 0.254658 0.000000
vt 0.968944 0.000000
vt 0.260870 0.000000
vt 0.962733 0.000000
vt 0.267081 0.000000
vt 0.956522 0.000000
vt 0.273292 0.000000
vt 0.950311 0.000000
vt 0.279503 0.000000
vt 0.944099 0.000000
vt 0.937888 0.000000
vt 0.291925 0.000000
vt 0.931677 0.000000
vt 0.298137 0.000000
vt 0.925466 0.000000
vt 0.304348 0.000000
vt 0.919255 0.000000
vt 0.310559 0.000000
vt 0.913043 0.000000
vt 0.316770 0.000000
vt 0.906832 0.000000
vt 0.322981 0.000000
vt 0.900621 0.000000
vt 0.329193 0.000000
vt 0.894410 0.000000
vt 0.335404 0.000000
vt 0.888199 0.000000
vt 0.341615 0.000000
vt 0.881988 0.000000
vt 0.347826 0.000000
vt 0.875776 0.000000
vt 0.354037 0.000000
vt 0.869565 0.000000
vt 0.360248 0.000000
vt 0.863354 0.000000
vt 0.366460 0.000000
vt 0.372671 0.000000
vt 0.850932 0.000000
vt 0.378882 0.000000
vt 0.844720 0.000000
vt 0.838509 0.000000
vt 0.385093 0.000000
vt 0.391304 0.000000
vt 0.602484 0.000000
vt 0.614907 0.000000
vt 0.608696 0.000000
vt 0.596273 0.000000
vt 0.832298 0.000000
vt 0.621118 0.000000
vt 0.590062 0.000000
vt 0.627329 0.000000
vt 0.583851 0.000000
vt 0.633540 0.000000
vt 0.577640 0.000000
vt 0.639752 0.000000
vt 0.645963 0.000000
vt 0.565217 0.000000
vt 0.652174 0.000000
vt 0.559006 0.000000
vt 0.658385 0.000000
vt 0.552795 0.000000
vt 0.664596 0.000000
vt 0.546584 0.000000
vt 0.670807 0.000000
vt 0.540373 0.000000
vt 0.677019 0.000000
vt 0.534162 0.000000
vt 0.683230 0.000000
vt 0.689441 0.000000
vt 0.397516 0.000000
vt 0.826087 0.000000
vt 0.695652 0.000000
vt 0.527950 0.000000
vt 0.403727 0.000000
vt 0.521739 0.000000
vt 0.819876 0.000000
vt 0.701863 0.000000
vt 0.409938 0.000000
vt 0.515528 0.000000
vt 0.416149 0.000000
vt 0.509317 0.000000
vt 0.708075 0.000000
vt 0.813665 0.000000
vt 0.422360 0.000000
vt 0.503106 0.000000
vt 0.496894 0.000000
vt 0.434783 0.000000
vt 0.807453 0.000000
vt 0.490683 0.000000
vt 0.440994 0.000000
vt 0.484472 0.000000
vt 0.447205 0.000000
vt 0.478261 0.000000
vt 0.453416 0.000000
vt 0.472050 0.000000
vt 0.459627 0.000000
vt 0.720497 0.000000
vt 0.465839 0.000000
vt 0.801242 0.000000
vt 0.726708 0.000000
vt 0.795031 0.000000
vt 0.732919 0.000000
vt 0.788820 0.000000
vt 0.739130 0.000000
vt 0.782609 0.000000
vt 0.745342 0.000000
vt 0.776398 0.000000
vt 0.751553 0.000000
vt 0.770186 0.000000
vt 0.757764 0.000000
vt 0.763975 0.000000
vt 0.896266 0.000000
vt 0.904564 0.000000
vt 0.900415 0.000000
vt 0.892116 0.000000
vt 0.908714 0.000000
vt 0.887967 0.000000
vt 0.912863 0.000000
vt 0.883817 0.000000
vt 0.917012 0.000000
vt 0.879668 0.000000
vt 0.921162 0.000000
vt 0.875519 0.000000
vt 0.925311 0.000000
vt 0.871369 0.000000
vt 0.929461 0.000000
vt 0.867220 0.000000
vt 0.933610 0.000000
vt 0.863071 0.000000
vt 0.937759 0.000000
vt 0.858921 0.000000
vt 0.941909 0.000000
vt 0.854772 0.000000
vt 0.946058 0.000000
vt 0.850622 0.000000
vt 0.950207 0.000000
vt 0.846473 0.000000
vt 0.954357 0.000000
vt 0.842324 0.000000
vt 0.958506 0.000000
vt 0.838174 0.000000
vt 0.962656 0.000000
vt 0.834025 0.000000
vt 0.966805 0.000000
vt 0.829876 0.000000
vt 0.970954 0.000000
vt 0.825726 0.000000
vt 0.975104 0.000000
vt 0.821577 0.000000
vt 0.979253 0.000000
vt 0.817427 0.000000
vt 0.983402 0.000000
vt 0.813278 0.000000
vt 0.987552 0.000000
vt 0.809129 0.000000
vt 0.991701 0.000000
vt 0.804979 0.000000
vt 0.995851 0.000000
vt 0.103734 0.000000
vt 0.112033 0.000000
vt 0.107884 0.000000
vt 0.116183 0.000000
vt 0.099585 0.000000
vt 0.120332 0.000000
vt 0.095436 0.000000
vt 0.124481 0.000000
vt 0.128631 0.000000
vt 0.091286 0.000000
vt 0.132780 0.000000
vt 0.087137 0.000000
vt 0.136929 0.000000
vt 0.082988 0.000000
vt 0.141079 0.000000
vt 0.078838 0.000000
vt 0.145228 0.000000
vt 0.074689 0.000000
vt 0.149378 0.000000
vt 0.070539 0.000000
vt 0.153527 0.000000
vt 0.066390 0.000000
vt 0.157676 0.000000
vt 0.062241 0.000000
vt 0.058091 0.000000
vt 0.161826 0.000000
vt 0.053942 0.000000
vt 0.165975 0.000000
vt 0.049793 0.000000
vt 0.796681 0.000000
vt 0.800830 0.000000
vt 0.792531 0.000000
vt 0.004149 0.000000
vt 0.170124 0.000000
vt 0.788382 0.000000
vt 0.045643 0.000000
vt 0.008299 0.000000
vt 0.012448 0.000000
vt 0.784232 0.000000
vt 0.041494 0.000000
vt 0.016598 0.000000
vt 0.174274 0.000000
vt 0.020747 0.000000
vt 0.037344 0.000000
vt 0.024896 0.000000
vt 0.780083 0.000000
vt 0.033195 0.000000
vt 0.029046 0.000000
vt 0.178423 0.000000
vt 0.775934 0.000000
vt 0.182573 0.000000
vt 0.186722 0.000000
vt 0.771784 0.000000
vt 0.190871 0.000000
vt 0.195021 0.000000
vt 0.767635 0.000000
vt 0.199170 0.000000
vt 0.763485 0.000000
vt 0.203320 0.000000
vt 0.759336 0.000000
vt 0.207469 0.000000
vt 0.755187 0.000000
vt 0.211618 0.000000
vt 0.751037 0.000000
vt 0.215768 0.000000
vt 0.746888 0.000000
vt 0.219917 0.000000
vt 0.742739 0.000000
vt 0.224066 0.000000
vt 0.738589 0.000000
vt 0.228216 0.000000
vt 0.734440 0.000000
vt 0.232365 0.000000
vt 0.730290 0.000000
vt 0.726141 0.000000
vt 0.236515 0.000000
vt 0.721992 0.000000
vt 0.717842 0.000000
vt 0.713693 0.000000
vt 0.240664 0.000000
vt 0.709544 0.000000
vt 0.705394 0.000000
vt 0.701245 0.000000
vt 0.697095 0.000000
vt 0.692946 0.000000
vt 0.688797 0.000000
vt 0.684647 0.000000
vt 0.680498 0.000000
vt 0.244813 0.000000
vt 0.676349 0.000000
vt 0.672199 0.000000
vt 0.668050 0.000000
vt 0.663900 0.000000
vt 0.248963 0.000000
vt 0.659751 0.000000
vt 0.655602 0.000000
vt 0.651452 0.000000
vt 0.647303 0.000000
vt 0.643154 0.000000
vt 0.253112 0.000000
vt 0.639004 0.000000
vt 0.257261 0.000000
vt 0.634855 0.000000
vt 0.261411 0.000000
vt 0.630705 0.000000
vt 0.265560 0.000000
vt 0.626556 0.000000
vt 0.269710 0.000000
vt 0.622407 0.000000
vt 0.273859 0.000000
vt 0.618257 0.000000
vt 0.278008 0.000000
vt 0.614108 0.000000
vt 0.282158 0.000000
vt 0.609959 0.000000
vt 0.286307 0.000000
vt 0.605809 0.000000
vt 0.290456 0.000000
vt 0.601660 0.000000
vt 0.294606 0.000000
vt 0.597510 0.000000
vt 0.298755 0.000000
vt 0.593361 0.000000
vt 0.302905 0.000000
vt 0.589212 0.000000
vt 0.307054 0.000000
vt 0.585062 0.000000
vt 0.311203 0.000000
vt 0.580913 0.000000
vt 0.315353 0.000000
vt 0.576764 0.000000
vt 0.319502 0.000000
vt 0.572614 0.000000
vt 0.323651 0.000000
vt 0.568465 0.000000
vt 0.327801 0.000000
vt 0.564315 0.000000
vt 0.331950 0.000000
vt 0.560166 0.000000
vt 0.336100 0.000000
vt 0.556017 0.000000
vt 0.340249 0.000000
vt 0.551867 0.000000
vt 0.344398 0.000000
vt 0.547718 0.000000
vt 0.348548 0.000000
vt 0.543568 0.000000
vt 0.352697 0.000000
vt 0.356846 0.000000
vt 0.539419 0.000000
vt 0.360996 0.000000
vt 0.535270 0.000000
vt 0.365145 0.000000
vt 0.531120 0.000000
vt 0.369295 0.000000
vt 0.526971 0.000000
vt 0.373444 0.000000
vt 0.522822 0.000000
vt 0.377593 0.000000
vt 0.518672 0.000000
vt 0.381743 0.000000
vt 0.514523 0.000000
vt 0.448133 0.000000
vt 0.452282 0.000000
vt 0.443983 0.000000
vt 0.456432 0.000000
vt 0.439834 0.000000
vt 0.460581 0.000000
vt 0.435685 0.000000
vt 0.464730 0.000000
vt 0.431535 0.000000
vt 0.385892 0.000000
vt 0.510373 0.000000
vt 0.468880 0.000000
vt 0.427386 0.000000
vt 0.473029 0.000000
vt 0.423237 0.000000
vt 0.477178 0.000000
vt 0.419087 0.000000
vt 0.481328 0.000000
vt 0.414938 0.000000
vt 0.390042 0.000000
vt 0.506224 0.000000
vt 0.485477 0.000000
vt 0.410788 0.000000
vt 0.489627 0.000000
vt 0.406639 0.000000
vt 0.493776 0.000000
vt 0.402490 0.000000
vt 0.394191 0.000000
vt 0.502075 0.000000
vt 0.497925 0.000000
vt 0.398340 0.000000
vt 0.749141 0.000000
vt 0.756014 0.000000
vt 0.752577 0.000000
vt 0.831615 0.000000
vt 0.838488 0.000000
vt 0.835052 0.000000
vt 0.759450 0.000000
vt 0.828179 0.000000
vt 0.841924 0.000000
vt 0.745704 0.000000
vt 0.762887 0.000000
vt 0.824742 0.000000
vt 0.766323 0.000000
vt 0.821306 0.000000
vt 0.845361 0.000000
vt 0.742268 0.000000
vt 0.769759 0.000000
vt 0.817869 0.000000
vt 0.773196 0.000000
vt 0.814433 0.000000
vt 0.848797 0.000000
vt 0.738832 0.000000
vt 0.776632 0.000000
vt 0.810997 0.000000
vt 0.780069 0.000000
vt 0.807560 0.000000
vt 0.852234 0.000000
vt 0.735395 0.000000
vt 0.783505 0.000000
vt 0.804124 0.000000
vt 0.786942 0.000000
vt 0.800687 0.000000
vt 0.790378 0.000000
vt 0.797251 0.000000
vt 0.793814 0.000000
vt 0.855670 0.000000
vt 0.731959 0.000000
vt 0.859107 0.000000
vt 0.728522 0.000000
vt 0.862543 0.000000
vt 0.725086 0.000000
vt 0.865979 0.000000
vt 0.721649 0.000000
vt 0.869416 0.000000
vt 0.718213 0.000000
vt 0.872852 0.000000
vt 0.714777 0.000000
vt 0.876289 0.000000
vt 0.711340 0.000000
vt 0.707904 0.000000
vt 0.879725 0.000000
vt 0.704467 0.000000
vt 0.883161 0.000000
vt 0.701031 0.000000
vt 0.886598 0.000000
vt 0.697595 0.000000
vt 0.890034 0.000000
vt 0.694158 0.000000
vt 0.893471 0.000000
vt 0.690722 0.000000
vt 0.505155 0.000000
vt 0.082474 0.000000
vt 0.079038 0.000000
vt 0.896907 0.000000
vt 0.508591 0.000000
vt 0.501718 0.000000
vt 0.498282 0.000000
vt 0.085911 0.000000
vt 0.075601 0.000000
vt 0.494845 0.000000
vt 0.089347 0.000000
vt 0.491409 0.000000
vt 0.092784 0.000000
vt 0.512028 0.000000
vt 0.072165 0.000000
vt 0.487972 0.000000
vt 0.096220 0.000000
vt 0.515464 0.000000
vt 0.068729 0.000000
vt 0.484536 0.000000
vt 0.099656 0.000000
vt 0.687285 0.000000
vt 0.900344 0.000000
vt 0.481100 0.000000
vt 0.103093 0.000000
vt 0.065292 0.000000
vt 0.518900 0.000000
vt 0.477663 0.000000
vt 0.106529 0.000000
vt 0.683849 0.000000
vt 0.903780 0.000000
vt 0.474227 0.000000
vt 0.109966 0.000000
vt 0.061856 0.000000
vt 0.522337 0.000000
vt 0.680412 0.000000
vt 0.907216 0.000000
vt 0.470790 0.000000
vt 0.113402 0.000000
vt 0.676976 0.000000
vt 0.910653 0.000000
vt 0.058419 0.000000
vt 0.525773 0.000000
vt 0.467354 0.000000
vt 0.116838 0.000000
vt 0.673540 0.000000
vt 0.914089 0.000000
vt 0.463918 0.000000
vt 0.120275 0.000000
vt 0.054983 0.000000
vt 0.529210 0.000000
vt 0.670103 0.000000
vt 0.917526 0.000000
vt 0.460481 0.000000
vt 0.123711 0.000000
vt 0.666667 0.000000
vt 0.920962 0.000000
vt 0.051546 0.000000
vt 0.532646 0.000000
vt 0.457045 0.000000
vt 0.127148 0.000000
vt 0.924399 0.000000
vt 0.663230 0.000000
vt 0.927835 0.000000
vt 0.659794 0.000000
vt 0.048110 0.000000
vt 0.536082 0.000000
vt 0.931271 0.000000
vt 0.656357 0.000000
vt 0.934708 0.000000
vt 0.652921 0.000000
vt 0.044674 0.000000
vt 0.539519 0.000000
vt 0.938144 0.000000
vt 0.649485 0.000000
vt 0.941581 0.000000
vt 0.646048 0.000000
vt 0.041237 0.000000
vt 0.542955 0.000000
vt 0.945017 0.000000
vt 0.642612 0.000000
vt 0.948454 0.000000
vt 0.639175 0.000000
vt 0.951890 0.000000
vt 0.635739 0.000000
vt 0.037801 0.000000
vt 0.546392 0.000000
vt 0.955326 0.000000
vt 0.632302 0.000000
vt 0.958763 0.000000
vt 0.628866 0.000000
vt 0.625430 0.000000
vt 0.962199 0.000000
vt 0.621993 0.000000
vt 0.965636 0.000000
vt 0.549828 0.000000
vt 0.034364 0.000000
vt 0.618557 0.000000
vt 0.969072 0.000000
vt 0.030928 0.000000
vt 0.553265 0.000000
vt 0.615120 0.000000
vt 0.972509 0.000000
vt 0.027491 0.000000
vt 0.556701 0.000000
vt 0.611684 0.000000
vt 0.975945 0.000000
vt 0.024055 0.000000
vt 0.560137 0.000000
vt 0.608247 0.000000
vt 0.979381 0.000000
vt 0.020619 0.000000
vt 0.563574 0.000000
vt 0.604811 0.000000
vt 0.982818 0.000000
vt 0.017182 0.000000
vt 0.567010 0.000000
vt 0.601375 0.000000
vt 0.986254 0.000000
vt 0.013746 0.000000
vt 0.570447 0.000000
vt 0.597938 0.000000
vt 0.989691 0.000000
vt 0.010309 0.000000
vt 0.573883 0.000000
vt 0.594502 0.000000
vt 0.993127 0.000000
vt 0.006873 0.000000
vt 0.577320 0.000000
vt 0.591065 0.000000
vt 0.996564 0.000000
vt 0.003436 0.000000
vt 0.580756 0.000000
vt 0.587629 0.000000
vt 0.584192 0.000000
vt 0.453608 0.000000
vt 0.130584 0.000000
vt 0.450172 0.000000
vt 0.134021 0.000000
vt 0.446735 0.000000
vt 0.137457 0.000000
vt 0.443299 0.000000
vt 0.140893 0.000000
vt 0.439863 0.000000
vt 0.144330 0.000000
vt 0.436426 0.000000
vt 0.147766 0.000000
vt 0.432990 0.000000
vt 0.151203 0.000000
vt 0.429553 0.000000
vt 0.154639 0.000000
vt 0.426117 0.000000
vt 0.158076 0.000000
vt 0.422680 0.000000
vt 0.161512 0.000000
vt 0.419244 0.000000
vt 0.164948 0.000000
vt 0.415808 0.000000
vt 0.168385 0.000000
vt 0.412371 0.000000
vt 0.171821 0.000000
vt 0.408935 0.000000
vt 0.175258 0.000000
vt 0.405498 0.000000
vt 0.178694 0.000000
vt 0.402062 0.000000
vt 0.182131 0.000000
vt 0.398625 0.000000
vt 0.185567 0.000000
vt 0.395189 0.000000
vt 0.189003 0.000000
vt 0.391753 0.000000
vt 0.192440 0.000000
vt 0.388316 0.000000
vt 0.195876 0.000000
vt 0.384880 0.000000
vt 0.199313 0.000000
vt 0.381443 0.000000
vt 0.202749 0.000000
vt 0.378007 0.000000
vt 0.206186 0.000000
vt 0.374570 0.000000
vt 0.209622 0.000000
vt 0.371134 0.000000
vt 0.213058 0.000000
vt 0.216495 0.000000
vt 0.367698 0.000000
vt 0.219931 0.000000
vt 0.364261 0.000000
vt 0.223368 0.000000
vt 0.360825 0.000000
vt 0.226804 0.000000
vt 0.357388 0.000000
vt 0.230241 0.000000
vt 0.353952 0.000000
vt 0.233677 0.000000
vt 0.350515 0.000000
vt 0.237113 0.000000
vt 0.347079 0.000000
vt 0.292096 0.000000
vt 0.295533 0.000000
vt 0.288660 0.000000
vt 0.298969 0.000000
vt 0.285223 0.000000
vt 0.302406 0.000000
vt 0.281787 0.000000
vt 0.305842 0.000000
vt 0.278351 0.000000
vt 0.240550 0.000000
vt 0.343643 0.000000
vt 0.309278 0.000000
vt 0.274914 0.000000
vt 0.312715 0.000000
vt 0.271478 0.000000
vt 0.316151 0.000000
vt 0.268041 0.000000
vt 0.319588 0.000000
vt 0.264605 0.000000
vt 0.243986 0.000000
vt 0.340206 0.000000
vt 0.323024 0.000000
vt 0.261168 0.000000
vt 0.326460 0.000000
vt 0.257732 0.000000
vt 0.329897 0.000000
vt 0.254296 0.000000
vt 0.247423 0.000000
vt 0.336770 0.000000
vt 0.333333 0.000000
vt 0.250859 0.000000
vt 0.000000 1.000000
vt 0.003425 1.000000
vt 0.003425 0.000000
vt 0.006849 1.000000
vt 0.006849 0.000000
vt 0.010274 1.000000
vt 0.010274 0.000000
vt 0.013699 1.000000
vt 0.013699 0.000000
vt 0.017123 1.000000
vt 0.017123 0.000000
vt 0.020548 1.000000
vt 0.020548 0.000000
vt 0.023973 1.000000
vt 0.023973 0.000000
vt 0.027397 1.000000
vt 0.027397 0.000000
vt 0.030822 1.000000
vt 0.030822 0.000000
vt 0.034247 1.000000
vt 0.034247 0.000000
vt 0.037671 1.000000
vt 0.037671 0.000000
vt 0.041096 1.000000
vt 0.041096 0.000000
vt 0.044521 1.000000
vt 0.044521 0.000000
vt 0.047945 1.000000
vt 0.047945 0.000000
vt 0.051370 1.000000
vt 0.051370 0.000000
vt 0.054795 1.000000
vt 0.054795 0.000000
vt 0.058219 1.000000
vt 0.058219 0.000000
vt 0.061644 1.000000
vt 0.061644 0.000000
vt 0.065068 1.000000
vt 0.065068 0.000000
vt 0.068493 1.000000
vt 0.068493 0.000000
vt 0.071918 1.000000
vt 0.071918 0.000000
vt 0.075342 1.000000
vt 0.075342 0.000000
vt 0.078767 1.000000
vt 0.078767 0.000000
vt 0.082192 1.000000
vt 0.082192 0.000000
vt 0.085616 1.000000
vt 0.085616 0.000000
vt 0.089041 1.000000
vt 0.089041 0.000000
vt 0.092466 1.000000
vt 0.092466 0.000000
vt 0.095890 1.000000
vt 0.095890 0.000000
vt 0.099315 1.000000
vt 0.099315 0.000000
vt 0.102740 1.000000
vt 0.102740 0.000000
vt 0.106164 1.000000
vt 0.106164 0.000000
vt 0.109589 1.000000
vt 0.109589 0.000000
vt 0.113014 1.000000
vt 0.113014 0.000000
vt 0.116438 1.000000
vt 0.116438 0.000000
vt 0.119863 1.000000
vt 0.119863 0.000000
vt 0.123288 1.000000
vt 0.123288 0.000000
vt 0.126712 1.000000
vt 0.126712 0.000000
vt 0.130137 1.000000
vt 0.130137 0.000000
vt 0.133562 1.000000
vt 0.133562 0.000000
vt 0.136986 1.000000
vt 0.136986 0.000000
vt 0.140411 1.000000
vt 0.140411 0.000000
vt 0.143836 1.000000
vt 0.143836 0.000000
vt 0.147260 1.000000
vt 0.147260 0.000000
vt 0.150685 1.000000
vt 0.150685 0.000000
vt 0.154110 1.000000
vt 0.154110 0.000000
vt 0.157534 1.000000
vt 0.157534 0.000000
vt 0.160959 1.000000
vt 0.160959 0.000000
vt 0.164384 1.000000
vt 0.164384 0.000000
vt 0.167808 1.000000
vt 0.167808 0.000000
vt 0.171233 1.000000
vt 0.171233 0.000000
vt 0.174658 1.000000
vt 0.174658 0.000000
vt 0.178082 1.000000
vt 0.178082 0.000000
vt 0.181507 1.000000
vt 0.181507 0.000000
vt 0.184932 1.000000
vt 0.184932 0.000000
vt 0.188356 1.000000
vt 0.188356 0.000000
vt 0.191781 1.000000
vt 0.191781 0.000000
vt 0.195205 1.000000
vt 0.195205 0.000000
vt 0.198630 1.000000
vt 0.198630 0.000000
vt 0.202055 1.000000
vt 0.202055 0.000000
vt 0.205479 1.000000
vt 0.205479 0.000000
vt 0.208904 1.000000
vt 0.208904 0.000000
vt 0.212329 1.000000
vt 0.212329 0.000000
vt 0.215753 1.000000
vt 0.215753 0.000000
vt 0.219178 1.000000
vt 0.219178 0.000000
vt 0.222603 1.000000
vt 0.222603 0.000000
vt 0.226027 1.000000
vt 0.226027 0.000000
vt 0.229452 1.000000
vt 0.229452 0.000000
vt 0.232877 1.000000
vt 0.232877 0.000000
vt 0.236301 1.000000
vt 0.236301 0.000000
vt 0.239726 1.000000
vt 0.239726 0.000000
vt 0.243151 1.000000
vt 0.243151 0.000000
vt 0.246575 1.000000
vt 0.246575 0.000000
vt 0.250000 1.000000
vt 0.250000 0.000000
vt 0.253425 1.000000
vt 0.253425 0.000000
vt 0.256849 1.000000
vt 0.256849 0.000000
vt 0.260274 1.000000
vt 0.260274 0.000000
vt 0.263699 1.000000
vt 0.263699 0.000000
vt 0.267123 1.000000
vt 0.267123 0.000000
vt 0.270548 1.000000
vt 0.270548 0.000000
vt 0.273973 1.000000
vt 0.273973 0.000000
vt 0.277397 1.000000
vt 0.277397 0.000000
vt 0.280822 1.000000
vt 0.280822 0.000000
vt 0.284247 1.000000
vt 0.284247 0.000000
vt 0.287671 1.000000
vt 0.287671 0.000000
vt 0.291096 1.000000
vt 0.291096 0.000000
vt 0.294521 1.000000
vt 0.294521 0.000000
vt 0.297945 1.000000
vt 0.297945 0.000000
vt 0.301370 1.000000
vt 0.301370 0.000000
vt 0.304795 1.000000
vt 0.304795 0.000000
vt 0.308219 1.000000
vt 0.308219 0.000000
vt 0.311644 1.000000
vt 0.311644 0.000000
vt 0.315068 1.000000
vt 0.315068 0.000000
vt 0.318493 1.000000
vt 0.318493 0.000000
vt 0.321918 1.000000
vt 0.321918 0.000000
vt 0.325342 1.000000
vt 0.325342 0.000000
vt 0.328767 1.000000
vt 0.328767 0.000000
vt 0.332192 1.000000
vt 0.332192 0.000000
vt 0.335616 1.000000
vt 0.335616 0.000000
vt 0.339041 1.000000
vt 0.339041 0.000000
vt 0.342466 1.000000
vt 0.342466 0.000000
vt 0.345890 1.000000
vt 0.345890 0.000000
vt 0.349315 1.000000
vt 0.349315 0.000000
vt 0.352740 1.000000
vt 0.352740 0.000000
vt 0.356164 1.000000
vt 0.356164 0.000000
vt 0.359589 1.000000
vt 0.359589 0.000000
vt 0.363014 1.000000
vt 0.363014 0.000000
vt 0.366438 1.000000
vt 0.366438 0.000000
vt 0.369863 1.000000
vt 0.369863 0.000000
vt 0.373288 1.000000
vt 0.373288 0.000000
vt 0.376712 1.000000
vt 0.376712 0.000000
vt 0.380137 1.000000
vt 0.380137 0.000000
vt 0.383562 1.000000
vt 0.383562 0.000000
vt 0.386986 1.000000
vt 0.386986 0.000000
vt 0.390411 1.000000
vt 0.390411 0.000000
vt 0.393836 1.000000
vt 0.393836 0.000000
vt 0.397260 1.000000
vt 0.397260 0.000000
vt 0.400685 1.000000
vt 0.400685 0.000000
vt 0.404110 1.000000
vt 0.404110 0.000000
vt 0.407534 1.000000
vt 0.407534 0.000000
vt 0.410959 1.000000
vt 0.410959 0.000000
vt 0.414384 1.000000
vt 0.414384 0.000000
vt 0.417808 1.000000
vt 0.417808 0.000000
vt 0.421233 1.000000
vt 0.421233 0.000000
vt 0.424658 1.000000
vt 0.424658 0.000000
vt 0.428082 1.000000
vt 0.428082 0.000000
vt 0.431507 1.000000
vt 0.431507 0.000000
vt 0.434932 1.000000
vt 0.434932 0.000000
vt 0.438356 1.000000
vt 0.438356 0.000000
vt 0.441781 1.000000
vt 0.441781 0.000000
vt 0.445205 1.000000
vt 0.445205 0.000000
vt 0.448630 1.000000
vt 0.448630 0.000000
vt 0.452055 1.000000
vt 0.452055 0.000000
vt 0.455479 1.000000
vt 0.455479 0.000000
vt 0.458904 1.000000
vt 0.458904 0.000000
vt 0.462329 1.000000
vt 0.462329 0.000000
vt 0.465753 1.000000
vt 0.465753 0.000000
vt 0.469178 1.000000
vt 0.469178 0.000000
vt 0.472603 1.000000
vt 0.472603 0.000000
vt 0.476027 1.000000
vt 0.476027 0.000000
vt 0.479452 1.000000
vt 0.479452 0.000000
vt 0.482877 1.000000
vt 0.482877 0.000000
vt 0.486301 1.000000
vt 0.486301 0.000000
vt 0.489726 1.000000
vt 0.489726 0.000000
vt 0.493151 1.000000
vt 0.493151 0.000000
vt 0.496575 1.000000
vt 0.496575 0.000000
vt 0.500000 1.000000
vt 0.500000 0.000000
vt 0.503425 1.000000
vt 0.503425 0.000000
vt 0.506849 1.000000
vt 0.506849 0.000000
vt 0.510274 1.000000
vt 0.510274 0.000000
vt 0.513699 1.000000
vt 0.513699 0.000000
vt 0.517123 1.000000
vt 0.517123 0.000000
vt 0.520548 1.000000
vt 0.520548 0.000000
vt 0.523973 1.000000
vt 0.523973 0.000000
vt 0.527397 1.000000
vt 0.527397 0.000000
vt 0.530822 1.000000
vt 0.530822 0.000000
vt 0.534247 1.000000
vt 0.534247 0.000000
vt 0.537671 1.000000
vt 0.537671 0.000000
vt 0.541096 1.000000
vt 0.541096 0.000000
vt 0.544521 1.000000
vt 0.544521 0.000000
vt 0.547945 1.000000
vt 0.547945 0.000000
vt 0.551370 1.000000
vt 0.551370 0.000000
vt 0.554795 1.000000
vt 0.554795 0.000000
vt 0.558219 1.000000
vt 0.558219 0.000000
vt 0.561644 1.000000
vt 0.561644 0.000000
vt 0.565068 1.000000
vt 0.565068 0.000000
vt 0.568493 1.000000
vt 0.568493 0.000000
vt 0.571918 1.000000
vt 0.571918 0.000000
vt 0.575342 1.000000
vt 0.575342 0.000000
vt 0.578767 1.000000
vt 0.578767 0.000000
vt 0.582192 1.000000
vt 0.582192 0.000000
vt 0.585616 1.000000
vt 0.585616 0.000000
vt 0.589041 1.000000
vt 0.589041 0.000000
vt 0.592466 1.000000
vt 0.592466 0.000000
vt 0.595890 1.000000
vt 0.595890 0.000000
vt 0.599315 1.000000
vt 0.599315 0.000000
vt 0.602740 1.000000
vt 0.602740 0.000000
vt 0.606164 1.000000
vt 0.606164 0.000000
vt 0.609589 1.000000
vt 0.609589 0.000000
vt 0.613014 1.000000
vt 0.613014 0.000000
vt 0.616438 1.000000
vt 0.616438 0.000000
vt 0.619863 1.000000
vt 0.619863 0.000000
vt 0.623288 1.000000
vt 0.623288 0.000000
vt 0.626712 1.000000
vt 0.626712 0.000000
vt 0.630137 1.000000
vt 0.630137 0.000000
vt 0.633562 1.000000
vt 0.633562 0.000000
vt 0.636986 1.000000
vt 0.636986 0.000000
vt 0.640411 1.000000
vt 0.640411 0.000000
vt 0.643836 1.000000
vt 0.643836 0.000000
vt 0.647260 1.000000
vt 0.647260 0.000000
vt 0.650685 1.000000
vt 0.650685 0.000000
vt 0.654110 1.000000
vt 0.654110 0.000000
vt 0.657534 1.000000
vt 0.657534 0.000000
vt 0.660959 1.000000
vt 0.660959 0.000000
vt 0.664384 1.000000
vt 0.664384 0.000000
vt 0.667808 1.000000
vt 0.667808 0.000000
vt 0.671233 1.000000
vt 0.671233 0.000000
vt 0.674658 1.000000
vt 0.674658 0.000000
vt 0.678082 1.000000
vt 0.678082 0.000000
vt 0.681507 1.000000
vt 0.681507 0.000000
vt 0.684932 1.000000
vt 0.684932 0.000000
vt 0.688356 1.000000
vt 0.688356 0.000000
vt 0.691781 1.000000
vt 0.691781 0.000000
vt 0.695205 1.000000
vt 0.695205 0.000000
vt 0.698630 1.000000
vt 0.698630 0.000000
vt 0.702055 1.000000
vt 0.702055 0.000000
vt 0.705479 1.000000
vt 0.705479 0.000000
vt 0.708904 1.000000
vt 0.708904 0.000000
vt 0.712329 1.000000
vt 0.712329 0.000000
vt 0.715753 1.000000
vt 0.715753 0.000000
vt 0.719178 1.000000
vt 0.719178 0.000000
vt 0.722603 1.000000
vt 0.722603 0.000000
vt 0.726027 1.000000
vt 0.726027 0.000000
vt 0.729452 1.000000
vt 0.729452 0.000000
vt 0.732877 1.000000
vt 0.732877 0.000000
vt 0.736301 1.000000
vt 0.736301 0.000000
vt 0.739726 1.000000
vt 0.739726 0.000000
vt 0.743151 1.000000
vt 0.743151 0.000000
vt 0.746575 1.000000
vt 0.746575 0.000000
vt 0.750000 1.000000
vt 0.750000 0.000000
vt 0.753425 1.000000
vt 0.753425 0.000000
vt 0.756849 1.000000
vt 0.756849 0.000000
vt 0.760274 1.000000
vt 0.760274 0.000000
vt 0.763699 1.000000
vt 0.763699 0.000000
vt 0.767123 1.000000
vt 0.767123 0.000000
vt 0.770548 1.000000
vt 0.770548 0.000000
vt 0.773973 1.000000
vt 0.773973 0.000000
vt 0.777397 1.000000
vt 0.777397 0.000000
vt 0.780822 1.000000
vt 0.780822 0.000000
vt 0.784247 1.000000
vt 0.784247 0.000000
vt 0.787671 1.000000
vt 0.787671 0.000000
vt 0.791096 1.000000
vt 0.791096 0.000000
vt 0.794521 1.000000
vt 0.794521 0.000000
vt 0.797945 1.000000
vt 0.797945 0.000000
vt 0.801370 1.000000
vt 0.801370 0.000000
vt 0.804795 1.000000
vt 0.804795 0.000000
vt 0.808219 1.000000
vt 0.808219 0.000000
vt 0.811644 1.000000
vt 0.811644 0.000000
vt 0.815068 1.000000
vt 0.815068 0.000000
vt 0.818493 1.000000
vt 0.818493 0.000000
vt 0.821918 1.000000
vt 0.821918 0.000000
vt 0.825342 1.000000
vt 0.825342 0.000000
vt 0.828767 1.000000
vt 0.828767 0.000000
vt 0.832192 1.000000
vt 0.832192 0.000000
vt 0.835616 1.000000
vt 0.835616 0.000000
vt 0.839041 1.000000
vt 0.839041 0.000000
vt 0.842466 1.000000
vt 0.842466 0.000000
vt 0.845890 1.000000
vt 0.845890 0.000000
vt 0.849315 1.000000
vt 0.849315 0.000000
vt 0.852740 1.000000
vt 0.852740 0.000000
vt 0.856164 1.000000
vt 0.856164 0.000000
vt 0.859589 1.000000
vt 0.859589 0.000000
vt 0.863014 1.000000
vt 0.863014 0.000000
vt 0.866438 1.000000
vt 0.866438 0.000000
vt 0.869863 1.000000
vt 0.869863 0.000000
vt 0.873288 1.000000
vt 0.873288 0.000000
vt 0.876712 1.000000
vt 0.876712 0.000000
vt 0.880137 1.000000
vt 0.880137 0.000000
vt 0.883562 1.000000
vt 0.883562 0.000000
vt 0.886986 1.000000
vt 0.886986 0.000000
vt 0.890411 1.000000
vt 0.890411 0.000000
vt 0.893836 1.000000
vt 0.893836 0.000000
vt 0.897260 1.000000
vt 0.897260 0.000000
vt 0.900685 1.000000
vt 0.900685 0.000000
vt 0.904110 1.000000
vt 0.904110 0.000000
vt 0.907534 1.000000
vt 0.907534 0.000000
vt 0.910959 1.000000
vt 0.910959 0.000000
vt 0.914384 1.000000
vt 0.914384 0.000000
vt 0.917808 1.000000
vt 0.917808 0.000000
vt 0.921233 1.000000
vt 0.921233 0.000000
vt 0.924658 1.000000
vt 0.924658 0.000000
vt 0.928082 1.000000
vt 0.928082 0.000000
vt 0.931507 1.000000
vt 0.931507 0.000000
vt 0.934932 1.000000
vt 0.934932 0.000000
vt 0.938356 1.000000
vt 0.938356 0.000000
vt 0.941781 1.000000
vt 0.941781 0.000000
vt 0.945205 1.000000
vt 0.945205 0.000000
vt 0.948630 1.000000
vt 0.948630 0.000000
vt 0.952055 1.000000
vt 0.952055 0.000000
vt 0.955479 1.000000
vt 0.955479 0.000000
vt 0.958904 1.000000
vt 0.958904 0.000000
vt 0.962329 1.000000
vt 0.962329 0.000000
vt 0.965753 1.000000
vt 0.965753 0.000000
vt 0.969178 1.000000
vt 0.969178 0.000000
vt 0.972603 1.000000
vt 0.972603 0.000000
vt 0.976027 1.000000
vt 0.976027 0.000000
vt 0.979452 1.000000
vt 0.979452 0.000000
vt 0.982877 1.000000
vt 0.982877 0.000000
vt 0.986301 1.000000
vt 0.986301 0.000000
vt 0.989726 1.000000
vt 0.989726 0.000000
vt 0.993151 1.000000
vt 0.993151 0.000000
vt 0.996575 1.000000
vt 0.996575 0.000000
vt 1.000000 1.000000
vt 0.020833 1.000000
vt 0.020833 0.000000
vt 0.041667 1.000000
vt 0.041667 0.000000
vt 0.062500 1.000000
vt 0.062500 0.000000
vt 0.083333 1.000000
vt 0.083333 0.000000
vt 0.104167 1.000000
vt 0.104167 0.000000
vt 0.125000 1.000000
vt 0.125000 0.000000
vt 0.145833 1.000000
vt 0.145833 0.000000
vt 0.166667 1.000000
vt 0.166667 0.000000
vt 0.187500 1.000000
vt 0.187500 0.000000
vt 0.208333 1.000000
vt 0.208333 0.000000
vt 0.229167 1.000000
vt 0.229167 0.000000
vt 0.270833 1.000000
vt 0.270833 0.000000
vt 0.291667 1.000000
vt 0.291667 0.000000
vt 0.312500 1.000000
vt 0.312500 0.000000
vt 0.333333 1.000000
vt 0.354167 1.000000
vt 0.354167 0.000000
vt 0.375000 1.000000
vt 0.375000 0.000000
vt 0.395833 1.000000
vt 0.395833 0.000000
vt 0.416667 1.000000
vt 0.416667 0.000000
vt 0.437500 1.000000
vt 0.437500 0.000000
vt 0.458333 1.000000
vt 0.458333 0.000000
vt 0.479167 1.000000
vt 0.479167 0.000000
vt 0.520833 1.000000
vt 0.520833 0.000000
vt 0.541667 1.000000
vt 0.541667 0.000000
vt 0.562500 1.000000
vt 0.562500 0.000000
vt 0.583333 1.000000
vt 0.583333 0.000000
vt 0.604167 1.000000
vt 0.604167 0.000000
vt 0.625000 1.000000
vt 0.625000 0.000000
vt 0.645833 1.000000
vt 0.645833 0.000000
vt 0.666667 1.000000
vt 0.687500 1.000000
vt 0.687500 0.000000
vt 0.708333 1.000000
vt 0.708333 0.000000
vt 0.729167 1.000000
vt 0.729167 0.000000
vt 0.770833 1.000000
vt 0.770833 0.000000
vt 0.791667 1.000000
vt 0.791667 0.000000
vt 0.812500 1.000000
vt 0.812500 0.000000
vt 0.833333 1.000000
vt 0.833333 0.000000
vt 0.854167 1.000000
vt 0.854167 0.000000
vt 0.875000 1.000000
vt 0.875000 0.000000
vt 0.895833 1.000000
vt 0.895833 0.000000
vt 0.916667 1.000000
vt 0.916667 0.000000
vt 0.937500 1.000000
vt 0.937500 0.000000
vt 0.958333 1.000000
vt 0.958333 0.000000
vt 0.979167 1.000000
vt 0.979167 0.000000
vt 0.005155 1.000000
vt 0.005155 0.000000
vt 0.010309 1.000000
vt 0.015464 1.000000
vt 0.015464 0.000000
vt 0.020619 1.000000
vt 0.025773 1.000000
vt 0.025773 0.000000
vt 0.030928 1.000000
vt 0.036082 1.000000
vt 0.036082 0.000000
vt 0.041237 1.000000
vt 0.046392 1.000000
vt 0.046392 0.000000
vt 0.051546 1.000000
vt 0.056701 1.000000
vt 0.056701 0.000000
vt 0.061856 1.000000
vt 0.067010 1.000000
vt 0.067010 0.000000
vt 0.072165 1.000000
vt 0.077320 1.000000
vt 0.077320 0.000000
vt 0.082474 1.000000
vt 0.087629 1.000000
vt 0.087629 0.000000
vt 0.092784 1.000000
vt 0.097938 1.000000
vt 0.097938 0.000000
vt 0.103093 1.000000
vt 0.108247 1.000000
vt 0.108247 0.000000
vt 0.113402 1.000000
vt 0.118557 1.000000
vt 0.118557 0.000000
vt 0.123711 1.000000
vt 0.128866 1.000000
vt 0.128866 0.000000
vt 0.134021 1.000000
vt 0.139175 1.000000
vt 0.139175 0.000000
vt 0.144330 1.000000
vt 0.149485 1.000000
vt 0.149485 0.000000
vt 0.154639 1.000000
vt 0.159794 1.000000
vt 0.159794 0.000000
vt 0.164948 1.000000
vt 0.170103 1.000000
vt 0.170103 0.000000
vt 0.175258 1.000000
vt 0.180412 1.000000
vt 0.180412 0.000000
vt 0.185567 1.000000
vt 0.190722 1.000000
vt 0.190722 0.000000
vt 0.195876 1.000000
vt 0.201031 1.000000
vt 0.201031 0.000000
vt 0.206186 1.000000
vt 0.211340 1.000000
vt 0.211340 0.000000
vt 0.216495 1.000000
vt 0.221649 1.000000
vt 0.221649 0.000000
vt 0.226804 1.000000
vt 0.231959 1.000000
vt 0.231959 0.000000
vt 0.237113 1.000000
vt 0.242268 1.000000
vt 0.242268 0.000000
vt 0.247423 1.000000
vt 0.252577 1.000000
vt 0.252577 0.000000
vt 0.257732 1.000000
vt 0.262887 1.000000
vt 0.262887 0.000000
vt 0.268041 1.000000
vt 0.273196 1.000000
vt 0.273196 0.000000
vt 0.278351 1.000000
vt 0.283505 1.000000
vt 0.283505 0.000000
vt 0.288660 1.000000
vt 0.293814 1.000000
vt 0.293814 0.000000
vt 0.298969 1.000000
vt 0.304124 1.000000
vt 0.304124 0.000000
vt 0.309278 1.000000
vt 0.314433 1.000000
vt 0.314433 0.000000
vt 0.319588 1.000000
vt 0.324742 1.000000
vt 0.324742 0.000000
vt 0.329897 1.000000
vt 0.335052 1.000000
vt 0.335052 0.000000
vt 0.340206 1.000000
vt 0.345361 1.000000
vt 0.345361 0.000000
vt 0.350515 1.000000
vt 0.355670 1.000000
vt 0.355670 0.000000
vt 0.360825 1.000000
vt 0.365979 1.000000
vt 0.365979 0.000000
vt 0.371134 1.000000
vt 0.376289 1.000000
vt 0.376289 0.000000
vt 0.381443 1.000000
vt 0.386598 1.000000
vt 0.386598 0.000000
vt 0.391753 1.000000
vt 0.396907 1.000000
vt 0.396907 0.000000
vt 0.402062 1.000000
vt 0.407216 1.000000
vt 0.407216 0.000000
vt 0.412371 1.000000
vt 0.417526 1.000000
vt 0.417526 0.000000
vt 0.422680 1.000000
vt 0.427835 1.000000
vt 0.427835 0.000000
vt 0.432990 1.000000
vt 0.438144 1.000000
vt 0.438144 0.000000
vt 0.443299 1.000000
vt 0.448454 1.000000
vt 0.448454 0.000000
vt 0.453608 1.000000
vt 0.458763 1.000000
vt 0.458763 0.000000
vt 0.463918 1.000000
vt 0.469072 1.000000
vt 0.469072 0.000000
vt 0.474227 1.000000
vt 0.479381 1.000000
vt 0.479381 0.000000
vt 0.484536 1.000000
vt 0.489691 1.000000
vt 0.489691 0.000000
vt 0.494845 1.000000
vt 0.505155 1.000000
vt 0.510309 1.000000
vt 0.510309 0.000000
vt 0.515464 1.000000
vt 0.520619 1.000000
vt 0.520619 0.000000
vt 0.525773 1.000000
vt 0.530928 1.000000
vt 0.530928 0.000000
vt 0.536082 1.000000
vt 0.541237 1.000000
vt 0.541237 0.000000
vt 0.546392 1.000000
vt 0.551546 1.000000
vt 0.551546 0.000000
vt 0.556701 1.000000
vt 0.561856 1.000000
vt 0.561856 0.000000
vt 0.567010 1.000000
vt 0.572165 1.000000
vt 0.572165 0.000000
vt 0.577320 1.000000
vt 0.582474 1.000000
vt 0.582474 0.000000
vt 0.587629 1.000000
vt 0.592784 1.000000
vt 0.592784 0.000000
vt 0.597938 1.000000
vt 0.603093 1.000000
vt 0.603093 0.000000
vt 0.608247 1.000000
vt 0.613402 1.000000
vt 0.613402 0.000000
vt 0.618557 1.000000
vt 0.623711 1.000000
vt 0.623711 0.000000
vt 0.628866 1.000000
vt 0.634021 1.000000
vt 0.634021 0.000000
vt 0.639175 1.000000
vt 0.644330 1.000000
vt 0.644330 0.000000
vt 0.649485 1.000000
vt 0.654639 1.000000
vt 0.654639 0.000000
vt 0.659794 1.000000
vt 0.664948 1.000000
vt 0.664948 0.000000
vt 0.670103 1.000000
vt 0.675258 1.000000
vt 0.675258 0.000000
vt 0.680412 1.000000
vt 0.685567 1.000000
vt 0.685567 0.000000
vt 0.690722 1.000000
vt 0.695876 1.000000
vt 0.695876 0.000000
vt 0.701031 1.000000
vt 0.706186 1.000000
vt 0.706186 0.000000
vt 0.711340 1.000000
vt 0.716495 1.000000
vt 0.716495 0.000000
vt 0.721649 1.000000
vt 0.726804 1.000000
vt 0.726804 0.000000
vt 0.731959 1.000000
vt 0.737113 1.000000
vt 0.737113 0.000000
vt 0.742268 1.000000
vt 0.747423 1.000000
vt 0.747423 0.000000
vt 0.752577 1.000000
vt 0.757732 1.000000
vt 0.757732 0.000000
vt 0.762887 1.000000
vt 0.768041 1.000000
vt 0.768041 0.000000
vt 0.773196 1.000000
vt 0.778351 1.000000
vt 0.778351 0.000000
vt 0.783505 1.000000
vt 0.788660 1.000000
vt 0.788660 0.000000
vt 0.793814 1.000000
vt 0.798969 1.000000
vt 0.798969 0.000000
vt 0.804124 1.000000
vt 0.809278 1.000000
vt 0.809278 0.000000
vt 0.814433 1.000000
vt 0.819588 1.000000
vt 0.819588 0.000000
vt 0.824742 1.000000
vt 0.829897 1.000000
vt 0.829897 0.000000
vt 0.835052 1.000000
vt 0.840206 1.000000
vt 0.840206 0.000000
vt 0.845361 1.000000
vt 0.850515 1.000000
vt 0.850515 0.000000
vt 0.855670 1.000000
vt 0.860825 1.000000
vt 0.860825 0.000000
vt 0.865979 1.000000
vt 0.871134 1.000000
vt 0.871134 0.000000
vt 0.876289 1.000000
vt 0.881443 1.000000
vt 0.881443 0.000000
vt 0.886598 1.000000
vt 0.891753 1.000000
vt 0.891753 0.000000
vt 0.896907 1.000000
vt 0.902062 1.000000
vt 0.902062 0.000000
vt 0.907216 1.000000
vt 0.912371 1.000000
vt 0.912371 0.000000
vt 0.917526 1.000000
vt 0.922680 1.000000
vt 0.922680 0.000000
vt 0.927835 1.000000
vt 0.932990 1.000000
vt 0.932990 0.000000
vt 0.938144 1.000000
vt 0.943299 1.000000
vt 0.943299 0.000000
vt 0.948454 1.000000
vt 0.953608 1.000000
vt 0.953608 0.000000
vt 0.958763 1.000000
vt 0.963918 1.000000
vt 0.963918 0.000000
vt 0.969072 1.000000
vt 0.974227 1.000000
vt 0.974227 0.000000
vt 0.979381 1.000000
vt 0.984536 1.000000
vt 0.984536 0.000000
vt 0.989691 1.000000
vt 0.994845 1.000000
vt 0.994845 0.000000
vt 0.006173 1.000000
vt 0.006173 0.000000
vt 0.012346 1.000000
vt 0.012346 0.000000
vt 0.018519 1.000000
vt 0.018519 0.000000
vt 0.024691 1.000000
vt 0.024691 0.000000
vt 0.030864 1.000000
vt 0.030864 0.000000
vt 0.037037 1.000000
vt 0.037037 0.000000
vt 0.043210 1.000000
vt 0.043210 0.000000
vt 0.049383 1.000000
vt 0.049383 0.000000
vt 0.055556 1.000000
vt 0.055556 0.000000
vt 0.061728 1.000000
vt 0.061728 0.000000
vt 0.067901 1.000000
vt 0.067901 0.000000
vt 0.074074 1.000000
vt 0.074074 0.000000
vt 0.080247 1.000000
vt 0.080247 0.000000
vt 0.086420 1.000000
vt 0.086420 0.000000
vt 0.092593 1.000000
vt 0.092593 0.000000
vt 0.098765 1.000000
vt 0.098765 0.000000
vt 0.104938 1.000000
vt 0.104938 0.000000
vt 0.111111 1.000000
vt 0.111111 0.000000
vt 0.117284 1.000000
vt 0.117284 0.000000
vt 0.123457 1.000000
vt 0.123457 0.000000
vt 0.129630 1.000000
vt 0.129630 0.000000
vt 0.135802 1.000000
vt 0.135802 0.000000
vt 0.141975 1.000000
vt 0.141975 0.000000
vt 0.148148 1.000000
vt 0.148148 0.000000
vt 0.154321 1.000000
vt 0.154321 0.000000
vt 0.160494 1.000000
vt 0.160494 0.000000
vt 0.172840 1.000000
vt 0.172840 0.000000
vt 0.179012 1.000000
vt 0.179012 0.000000
vt 0.185185 1.000000
vt 0.185185 0.000000
vt 0.191358 1.000000
vt 0.191358 0.000000
vt 0.197531 1.000000
vt 0.197531 0.000000
vt 0.203704 1.000000
vt 0.203704 0.000000
vt 0.209877 1.000000
vt 0.209877 0.000000
vt 0.216049 1.000000
vt 0.216049 0.000000
vt 0.222222 1.000000
vt 0.222222 0.000000
vt 0.228395 1.000000
vt 0.228395 0.000000
vt 0.234568 1.000000
vt 0.234568 0.000000
vt 0.240741 1.000000
vt 0.240741 0.000000
vt 0.246914 1.000000
vt 0.246914 0.000000
vt 0.253086 1.000000
vt 0.253086 0.000000
vt 0.259259 1.000000
vt 0.259259 0.000000
vt 0.265432 1.000000
vt 0.265432 0.000000
vt 0.271605 1.000000
vt 0.271605 0.000000
vt 0.277778 1.000000
vt 0.277778 0.000000
vt 0.283951 1.000000
vt 0.283951 0.000000
vt 0.290123 1.000000
vt 0.290123 0.000000
vt 0.296296 1.000000
vt 0.296296 0.000000
vt 0.302469 1.000000
vt 0.302469 0.000000
vt 0.308642 1.000000
vt 0.308642 0.000000
vt 0.314815 1.000000
vt 0.314815 0.000000
vt 0.320988 1.000000
vt 0.320988 0.000000
vt 0.327161 1.000000
vt 0.327161 0.000000
vt 0.339506 1.000000
vt 0.339506 0.000000
vt 0.345679 1.000000
vt 0.345679 0.000000
vt 0.351852 1.000000
vt 0.351852 0.000000
vt 0.358025 1.000000
vt 0.358025 0.000000
vt 0.364198 1.000000
vt 0.364198 0.000000
vt 0.370370 1.000000
vt 0.370370 0.000000
vt 0.376543 1.000000
vt 0.376543 0.000000
vt 0.382716 1.000000
vt 0.382716 0.000000
vt 0.388889 1.000000
vt 0.388889 0.000000
vt 0.395062 1.000000
vt 0.395062 0.000000
vt 0.401235 1.000000
vt 0.401235 0.000000
vt 0.407407 1.000000
vt 0.407407 0.000000
vt 0.413580 1.000000
vt 0.413580 0.000000
vt 0.419753 1.000000
vt 0.419753 0.000000
vt 0.425926 1.000000
vt 0.425926 0.000000
vt 0.432099 1.000000
vt 0.432099 0.000000
vt 0.438272 1.000000
vt 0.438272 0.000000
vt 0.444444 1.000000
vt 0.444444 0.000000
vt 0.450617 1.000000
vt 0.450617 0.000000
vt 0.456790 1.000000
vt 0.456790 0.000000
vt 0.462963 1.000000
vt 0.462963 0.000000
vt 0.469136 1.000000
vt 0.469136 0.000000
vt 0.475309 1.000000
vt 0.475309 0.000000
vt 0.481481 1.000000
vt 0.481481 0.000000
vt 0.487654 1.000000
vt 0.487654 0.000000
vt 0.493827 1.000000
vt 0.493827 0.000000
vt 0.506173 1.000000
vt 0.506173 0.000000
vt 0.512346 1.000000
vt 0.512346 0.000000
vt 0.518519 1.000000
vt 0.518519 0.000000
vt 0.524691 1.000000
vt 0.524691 0.000000
vt 0.530864 1.000000
vt 0.530864 0.000000
vt 0.537037 1.000000
vt 0.537037 0.000000
vt 0.543210 1.000000
vt 0.543210 0.000000
vt 0.549383 1.000000
vt 0.549383 0.000000
vt 0.555556 1.000000
vt 0.555556 0.000000
vt 0.561728 1.000000
vt 0.561728 0.000000
vt 0.567901 1.000000
vt 0.567901 0.000000
vt 0.574074 1.000000
vt 0.574074 0.000000
vt 0.580247 1.000000
vt 0.580247 0.000000
vt 0.586420 1.000000
vt 0.586420 0.000000
vt 0.592593 1.000000
vt 0.592593 0.000000
vt 0.598765 1.000000
vt 0.598765 0.000000
vt 0.604938 1.000000
vt 0.604938 0.000000
vt 0.611111 1.000000
vt 0.611111 0.000000
vt 0.617284 1.000000
vt 0.617284 0.000000
vt 0.623457 1.000000
vt 0.623457 0.000000
vt 0.629630 1.000000
vt 0.629630 0.000000
vt 0.635802 1.000000
vt 0.635802 0.000000
vt 0.641975 1.000000
vt 0.641975 0.000000
vt 0.648148 1.000000
vt 0.648148 0.000000
vt 0.654321 1.000000
vt 0.654321 0.000000
vt 0.660494 1.000000
vt 0.660494 0.000000
vt 0.672840 1.000000
vt 0.672840 0.000000
vt 0.679012 1.000000
vt 0.679012 0.000000
vt 0.685185 1.000000
vt 0.685185 0.000000
vt 0.691358 1.000000
vt 0.691358 0.000000
vt 0.697531 1.000000
vt 0.697531 0.000000
vt 0.703704 1.000000
vt 0.703704 0.000000
vt 0.709877 1.000000
vt 0.709877 0.000000
vt 0.716049 1.000000
vt 0.716049 0.000000
vt 0.722222 1.000000
vt 0.722222 0.000000
vt 0.728395 1.000000
vt 0.728395 0.000000
vt 0.734568 1.000000
vt 0.734568 0.000000
vt 0.740741 1.000000
vt 0.740741 0.000000
vt 0.746914 1.000000
vt 0.746914 0.000000
vt 0.753086 1.000000
vt 0.753086 0.000000
vt 0.759259 1.000000
vt 0.759259 0.000000
vt 0.765432 1.000000
vt 0.765432 0.000000
vt 0.771605 1.000000
vt 0.771605 0.000000
vt 0.777778 1.000000
vt 0.777778 0.000000
vt 0.783951 1.000000
vt 0.783951 0.000000
vt 0.790123 1.000000
vt 0.790123 0.000000
vt 0.796296 1.000000
vt 0.796296 0.000000
vt 0.802469 1.000000
vt 0.802469 0.000000
vt 0.808642 1.000000
vt 0.808642 0.000000
vt 0.814815 1.000000
vt 0.814815 0.000000
vt 0.820988 1.000000
vt 0.820988 0.000000
vt 0.827160 1.000000
vt 0.827160 0.000000
vt 0.839506 1.000000
vt 0.839506 0.000000
vt 0.845679 1.000000
vt 0.845679 0.000000
vt 0.851852 1.000000
vt 0.851852 0.000000
vt 0.858025 1.000000
vt 0.858025 0.000000
vt 0.864198 1.000000
vt 0.864198 0.000000
vt 0.870370 1.000000
vt 0.870370 0.000000
vt 0.876543 1.000000
vt 0.876543 0.000000
vt 0.882716 1.000000
vt 0.882716 0.000000
vt 0.888889 1.000000
vt 0.888889 0.000000
vt 0.895062 1.000000
vt 0.895062 0.000000
vt 0.901235 1.000000
vt 0.901235 0.000000
vt 0.907407 1.000000
vt 0.907407 0.000000
vt 0.913580 1.000000
vt 0.913580 0.000000
vt 0.919753 1.000000
vt 0.919753 0.000000
vt 0.925926 1.000000
vt 0.925926 0.000000
vt 0.932099 1.000000
vt 0.932099 0.000000
vt 0.938272 1.000000
vt 0.938272 0.000000
vt 0.944444 1.000000
vt 0.944444 0.000000
vt 0.950617 1.000000
vt 0.950617 0.000000
vt 0.956790 1.000000
vt 0.956790 0.000000
vt 0.962963 1.000000
vt 0.962963 0.000000
vt 0.969136 1.000000
vt 0.969136 0.000000
vt 0.975309 1.000000
vt 0.975309 0.000000
vt 0.981481 1.000000
vt 0.981481 0.000000
vt 0.987654 1.000000
vt 0.987654 0.000000
vt 0.993827 1.000000
vt 0.993827 0.000000
vt 0.027027 1.000000
vt 0.027027 0.000000
vt 0.054054 1.000000
vt 0.054054 0.000000
vt 0.081081 1.000000
vt 0.081081 0.000000
vt 0.108108 1.000000
vt 0.108108 0.000000
vt 0.135135 1.000000
vt 0.135135 0.000000
vt 0.162162 1.000000
vt 0.162162 0.000000
vt 0.189189 1.000000
vt 0.189189 0.000000
vt 0.216216 1.000000
vt 0.216216 0.000000
vt 0.243243 1.000000
vt 0.243243 0.000000
vt 0.270270 1.000000
vt 0.270270 0.000000
vt 0.297297 1.000000
vt 0.297297 0.000000
vt 0.324324 1.000000
vt 0.324324 0.000000
vt 0.351351 1.000000
vt 0.351351 0.000000
vt 0.378378 1.000000
vt 0.378378 0.000000
vt 0.405405 1.000000
vt 0.405405 0.000000
vt 0.432432 1.000000
vt 0.432432 0.000000
vt 0.459459 1.000000
vt 0.459459 0.000000
vt 0.486486 1.000000
vt 0.486486 0.000000
vt 0.513514 1.000000
vt 0.513514 0.000000
vt 0.540541 1.000000
vt 0.540541 0.000000
vt 0.567568 1.000000
vt 0.567568 0.000000
vt 0.594595 1.000000
vt 0.594595 0.000000
vt 0.621622 1.000000
vt 0.621622 0.000000
vt 0.648649 1.000000
vt 0.648649 0.000000
vt 0.675676 1.000000
vt 0.675676 0.000000
vt 0.702703 1.000000
vt 0.702703 0.000000
vt 0.729730 1.000000
vt 0.729730 0.000000
vt 0.756757 1.000000
vt 0.756757 0.000000
vt 0.783784 1.000000
vt 0.783784 0.000000
vt 0.810811 1.000000
vt 0.810811 0.000000
vt 0.837838 1.000000
vt 0.837838 0.000000
vt 0.864865 1.000000
vt 0.864865 0.000000
vt 0.891892 1.000000
vt 0.891892 0.000000
vt 0.918919 1.000000
vt 0.918919 0.000000
vt 0.945946 1.000000
vt 0.945946 0.000000
vt 0.972973 1.000000
vt 0.972973 0.000000
s 0
f 83/1/1 85/2/1 84/3/1
f 83/1/1 86/4/1 85/2/1
f 82/5/1 86/4/1 83/1/1
f 82/5/1 87/6/1 86/4/1
f 81/7/1 87/6/1 82/5/1
f 81/7/1 88/8/1 87/6/1
f 80/9/1 88/8/1 81/7/1
f 80/9/1 89/10/1 88/8/1
f 79/11/1 89/10/1 80/9/1
f 79/11/1 122/12/1 89/10/1
f 122/12/1 90/13/1 89/10/1
f 78/14/1 123/15/1 79/11/1
f 123/15/1 122/12/1 79/11/1
f 121/16/1 90/13/1 122/12/1
f 120/17/1 90/13/1 121/16/1
f 78/14/1 124/18/1 123/15/1
f 119/19/1 90/13/1 120/17/1
f 78/14/1 125/20/1 124/18/1
f 118/21/1 90/13/1 119/19/1
f 118/21/1 91/22/1 90/13/1
f 78/14/1 126/23/1 125/20/1
f 117/24/1 91/22/1 118/21/1
f 77/25/1 126/23/1 78/14/1
f 77/25/1 127/26/1 126/23/1
f 116/27/1 91/22/1 117/24/1
f 77/25/1 128/28/1 127/26/1
f 116/27/1 92/29/1 91/22/1
f 115/30/1 92/29/1 116/27/1
f 77/25/1 129/31/1 128/28/1
f 114/32/1 92/29/1 115/30/1
f 76/33/1 129/31/1 77/25/1
f 113/34/1 92/29/1 114/32/1
f 76/33/1 130/35/1 129/31/1
f 113/34/1 93/36/1 92/29/1
f 112/37/1 93/36/1 113/34/1
f 76/33/1 131/38/1 130/35/1
f 75/39/1 131/38/1 76/33/1
f 111/40/1 93/36/1 112/37/1
f 111/40/1 94/41/1 93/36/1
f 75/39/1 132/42/1 131/38/1
f 110/43/1 94/41/1 111/40/1
f 74/44/1 132/42/1 75/39/1
f 74/44/1 133/45/1 132/42/1
f 109/46/1 94/41/1 110/43/1
f 108/47/1 94/41/1 109/46/1
f 108/47/1 95/48/1 94/41/1
f 107/49/1 95/48/1 108/47/1
f 74/44/1 134/50/1 133/45/1
f 106/51/1 95/48/1 107/49/1
f 105/52/1 95/48/1 106/51/1
f 104/53/1 95/48/1 105/52/1
f 103/54/1 95/48/1 104/53/1
f 73/55/1 134/50/1 74/44/1
f 102/56/1 95/48/1 103/54/1
f 101/57/1 95/48/1 102/56/1
f 100/58/1 95/48/1 101/57/1
f 99/59/1 95/48/1 100/58/1
f 98/60/1 95/48/1 99/59/1
f 73/55/1 98/60/1 134/50/1
f 73/55/1 95/48/1 98/60/1
f 73/55/1 96/61/1 95/48/1
f 72/62/1 97/63/1 73/55/1
f 97/63/1 96/61/1 73/55/1
f 72/62/1 1/64/1 97/63/1
f 71/65/1 1/64/1 72/62/1
f 71/65/1 2/66/1 1/64/1
f 70/67/1 2/66/1 71/65/1
f 70/67/1 3/68/1 2/66/1
f 69/69/1 3/68/1 70/67/1
f 69/69/1 4/70/1 3/68/1
f 32/71/1 34/72/1 33/73/1
f 32/71/1 35/74/1 34/72/1
f 31/75/1 35/74/1 32/71/1
f 30/76/1 35/74/1 31/75/1
f 30/76/1 36/77/1 35/74/1
f 29/78/1 36/77/1 30/76/1
f 29/78/1 37/79/1 36/77/1
f 28/80/1 37/79/1 29/78/1
f 28/80/1 38/81/1 37/79/1
f 28/80/1 39/82/1 38/81/1
f 27/83/1 39/82/1 28/80/1
f 27/83/1 40/84/1 39/82/1
f 26/85/1 40/84/1 27/83/1
f 26/85/1 41/86/1 40/84/1
f 25/87/1 41/86/1 26/85/1
f 25/87/1 42/88/1 41/86/1
f 24/89/1 42/88/1 25/87/1
f 24/89/1 43/90/1 42/88/1
f 23/91/1 43/90/1 24/89/1
f 23/91/1 44/92/1 43/90/1
f 68/93/1 4/70/1 69/69/1
f 23/91/1 45/94/1 44/92/1
f 68/93/1 5/95/1 4/70/1
f 23/91/1 46/96/1 45/94/1
f 23/91/1 47/97/1 46/96/1
f 23/91/1 48/98/1 47/97/1
f 23/91/1 49/99/1 48/98/1
f 22/100/1 49/99/1 23/91/1
f 68/93/1 6/101/1 5/95/1
f 67/102/1 6/101/1 68/93/1
f 21/103/1 49/99/1 22/100/1
f 21/103/1 50/104/1 49/99/1
f 20/105/1 50/104/1 21/103/1
f 67/102/1 7/106/1 6/101/1
f 66/107/1 7/106/1 67/102/1
f 19/108/1 50/104/1 20/105/1
f 19/108/1 51/109/1 50/104/1
f 66/107/1 8/110/1 7/106/1
f 18/111/1 51/109/1 19/108/1
f 66/107/1 9/112/1 8/110/1
f 18/111/1 52/113/1 51/109/1
f 65/114/1 9/112/1 66/107/1
f 17/115/1 52/113/1 18/111/1
f 16/116/1 52/113/1 17/115/1
f 65/114/1 10/117/1 9/112/1
f 15/118/1 52/113/1 16/116/1
f 15/118/1 53/119/1 52/113/1
f 65/114/1 11/120/1 10/117/1
f 14/121/1 53/119/1 15/118/1
f 64/122/1 11/120/1 65/114/1
f 13/123/1 53/119/1 14/121/1
f 64/122/1 12/124/1 11/120/1
f 12/124/1 53/119/1 13/123/1
f 64/122/1 53/119/1 12/124/1
f 64/122/1 54/125/1 53/119/1
f 63/126/1 54/125/1 64/122/1
f 63/126/1 55/127/1 54/125/1
f 63/126/1 56/128/1 55/127/1
f 62/129/1 56/128/1 63/126/1
f 62/129/1 57/130/1 56/128/1
f 61/131/1 57/130/1 62/129/1
f 61/131/1 58/132/1 57/130/1
f 61/131/1 59/133/1 58/132/1
f 60/134/1 59/133/1 61/131/1
f 198/135/1 200/136/1 199/137/1
f 197/138/1 200/136/1 198/135/1
f 197/138/1 201/139/1 200/136/1
f 196/140/1 201/139/1 197/138/1
f 196/140/1 202/141/1 201/139/1
f 195/142/1 202/141/1 196/140/1
f 195/142/1 203/143/1 202/141/1
f 194/144/1 203/143/1 195/142/1
f 194/144/1 204/145/1 203/143/1
f 193/146/1 204/145/1 194/144/1
f 193/146/1 205/147/1 204/145/1
f 192/148/1 205/147/1 193/146/1
f 192/148/1 206/149/1 205/147/1
f 191/150/1 206/149/1 192/148/1
f 191/150/1 207/151/1 206/149/1
f 190/152/1 207/151/1 191/150/1
f 190/152/1 208/153/1 207/151/1
f 189/154/1 208/153/1 190/152/1
f 188/155/1 208/153/1 189/154/1
f 188/155/1 209/156/1 208/153/1
f 187/157/1 209/156/1 188/155/1
f 187/157/1 210/158/1 209/156/1
f 186/159/1 210/158/1 187/157/1
f 186/159/1 211/160/1 210/158/1
f 185/161/1 211/160/1 186/159/1
f 184/162/1 211/160/1 185/161/1
f 184/162/1 212/163/1 211/160/1
f 183/164/1 212/163/1 184/162/1
f 169/165/1 171/166/1 170/167/1
f 169/165/1 172/168/1 171/166/1
f 168/169/1 172/168/1 169/165/1
f 168/169/1 173/170/1 172/168/1
f 183/164/1 213/171/1 212/163/1
f 182/172/1 213/171/1 183/164/1
f 168/169/1 174/173/1 173/170/1
f 167/174/1 174/173/1 168/169/1
f 167/174/1 175/175/1 174/173/1
f 181/176/1 213/171/1 182/172/1
f 167/174/1 176/177/1 175/175/1
f 181/176/1 214/178/1 213/171/1
f 167/174/1 177/179/1 176/177/1
f 180/180/1 214/178/1 181/176/1
f 166/181/1 177/179/1 167/174/1
f 166/181/1 178/182/1 177/179/1
f 179/183/1 214/178/1 180/180/1
f 166/181/1 179/183/1 178/182/1
f 166/181/1 214/178/1 179/183/1
f 166/181/1 215/184/1 214/178/1
f 165/185/1 215/184/1 166/181/1
f 165/185/1 216/186/1 215/184/1
f 164/187/1 216/186/1 165/185/1
f 164/187/1 217/188/1 216/186/1
f 164/187/1 218/189/1 217/188/1
f 163/190/1 218/189/1 164/187/1
f 163/190/1 219/191/1 218/189/1
f 163/190/1 220/192/1 219/191/1
f 162/193/1 220/192/1 163/190/1
f 162/193/1 221/194/1 220/192/1
f 161/195/1 221/194/1 162/193/1
f 161/195/1 222/196/1 221/194/1
f 160/197/1 222/196/1 161/195/1
f 160/197/1 223/198/1 222/196/1
f 159/199/1 223/198/1 160/197/1
f 159/199/1 224/200/1 223/198/1
f 158/201/1 224/200/1 159/199/1
f 158/201/1 225/202/1 224/200/1
f 157/203/1 225/202/1 158/201/1
f 157/203/1 226/204/1 225/202/1
f 156/205/1 226/204/1 157/203/1
f 156/205/1 227/206/1 226/204/1
f 155/207/1 227/206/1 156/205/1
f 154/208/1 227/206/1 155/207/1
f 154/208/1 228/209/1 227/206/1
f 153/210/1 228/209/1 154/208/1
f 152/211/1 228/209/1 153/210/1
f 152/211/1 229/212/1 228/209/1
f 151/213/1 229/212/1 152/211/1
f 150/214/1 229/212/1 151/213/1
f 149/215/1 229/212/1 150/214/1
f 149/215/1 230/216/1 229/212/1
f 148/217/1 230/216/1 149/215/1
f 147/218/1 230/216/1 148/217/1
f 146/219/1 230/216/1 147/218/1
f 145/220/1 230/216/1 146/219/1
f 144/221/1 230/216/1 145/220/1
f 143/222/1 230/216/1 144/221/1
f 142/223/1 230/216/1 143/222/1
f 141/224/1 230/216/1 142/223/1
f 141/224/1 231/225/1 230/216/1
f 140/226/1 231/225/1 141/224/1
f 139/227/1 231/225/1 140/226/1
f 139/227/1 138/228/1 231/225/1
f 138/228/1 137/229/1 231/225/1
f 137/229/1 232/230/1 231/225/1
f 136/231/1 232/230/1 137/229/1
f 135/64/1 232/230/1 136/231/1
f 328/50/1 232/230/1 135/64/1
f 327/232/1 232/230/1 328/50/1
f 327/232/1 233/233/1 232/230/1
f 326/234/1 233/233/1 327/232/1
f 326/234/1 234/235/1 233/233/1
f 325/236/1 234/235/1 326/234/1
f 325/236/1 235/237/1 234/235/1
f 324/238/1 235/237/1 325/236/1
f 324/238/1 236/239/1 235/237/1
f 323/240/1 236/239/1 324/238/1
f 323/240/1 237/241/1 236/239/1
f 322/242/1 237/241/1 323/240/1
f 322/242/1 238/243/1 237/241/1
f 321/244/1 238/243/1 322/242/1
f 321/244/1 239/245/1 238/243/1
f 320/246/1 239/245/1 321/244/1
f 320/246/1 240/247/1 239/245/1
f 319/248/1 240/247/1 320/246/1
f 319/248/1 241/249/1 240/247/1
f 318/250/1 241/249/1 319/248/1
f 318/250/1 242/251/1 241/249/1
f 317/252/1 242/251/1 318/250/1
f 317/252/1 243/253/1 242/251/1
f 316/254/1 243/253/1 317/252/1
f 316/254/1 244/255/1 243/253/1
f 315/256/1 244/255/1 316/254/1
f 315/256/1 245/257/1 244/255/1
f 314/258/1 245/257/1 315/256/1
f 314/258/1 246/259/1 245/257/1
f 313/260/1 246/259/1 314/258/1
f 313/260/1 247/261/1 246/259/1
f 312/262/1 247/261/1 313/260/1
f 312/262/1 248/263/1 247/261/1
f 311/264/1 248/263/1 312/262/1
f 311/264/1 249/265/1 248/263/1
f 310/266/1 249/265/1 311/264/1
f 310/266/1 250/267/1 249/265/1
f 309/268/1 250/267/1 310/266/1
f 309/268/1 251/269/1 250/267/1
f 308/270/1 251/269/1 309/268/1
f 308/270/1 252/271/1 251/269/1
f 307/272/1 252/271/1 308/270/1
f 307/272/1 253/273/1 252/271/1
f 306/274/1 253/273/1 307/272/1
f 306/274/1 254/275/1 253/273/1
f 305/276/1 254/275/1 306/274/1
f 305/276/1 255/277/1 254/275/1
f 304/278/1 255/277/1 305/276/1
f 304/278/1 256/279/1 255/277/1
f 303/280/1 256/279/1 304/278/1
f 303/280/1 257/281/1 256/279/1
f 303/280/1 258/282/1 257/281/1
f 302/283/1 258/282/1 303/280/1
f 302/283/1 259/284/1 258/282/1
f 301/285/1 259/284/1 302/283/1
f 301/285/1 260/286/1 259/284/1
f 300/287/1 260/286/1 301/285/1
f 300/287/1 261/288/1 260/286/1
f 299/289/1 261/288/1 300/287/1
f 299/289/1 262/290/1 261/288/1
f 298/291/1 262/290/1 299/289/1
f 298/291/1 263/292/1 262/290/1
f 297/293/1 263/292/1 298/291/1
f 297/293/1 264/294/1 263/292/1
f 296/295/1 280/296/1 297/293/1
f 280/296/1 264/294/1 297/293/1
f 296/295/1 281/297/1 280/296/1
f 279/298/1 264/294/1 280/296/1
f 296/295/1 282/299/1 281/297/1
f 278/300/1 264/294/1 279/298/1
f 296/295/1 283/301/1 282/299/1
f 277/302/1 264/294/1 278/300/1
f 296/295/1 284/303/1 283/301/1
f 276/304/1 264/294/1 277/302/1
f 276/304/1 265/305/1 264/294/1
f 295/306/1 284/303/1 296/295/1
f 295/306/1 285/307/1 284/303/1
f 275/308/1 265/305/1 276/304/1
f 295/306/1 286/309/1 285/307/1
f 274/310/1 265/305/1 275/308/1
f 295/306/1 287/311/1 286/309/1
f 273/312/1 265/305/1 274/310/1
f 295/306/1 288/313/1 287/311/1
f 272/314/1 265/305/1 273/312/1
f 272/314/1 266/315/1 265/305/1
f 294/316/1 288/313/1 295/306/1
f 294/316/1 289/317/1 288/313/1
f 271/318/1 266/315/1 272/314/1
f 294/316/1 290/319/1 289/317/1
f 270/320/1 266/315/1 271/318/1
f 294/316/1 291/321/1 290/319/1
f 269/322/1 266/315/1 270/320/1
f 269/322/1 267/323/1 266/315/1
f 293/324/1 291/321/1 294/316/1
f 293/324/1 292/325/1 291/321/1
f 268/326/1 267/323/1 269/322/1
f 351/327/1 353/328/1 352/105/1
f 351/327/1 354/329/1 353/328/1
f 350/330/1 354/329/1 351/327/1
f 350/330/1 355/331/1 354/329/1
f 349/332/1 355/331/1 350/330/1
f 349/332/1 356/333/1 355/331/1
f 348/334/1 356/333/1 349/332/1
f 348/334/1 357/335/1 356/333/1
f 347/336/1 357/335/1 348/334/1
f 347/336/1 358/337/1 357/335/1
f 346/338/1 358/337/1 347/336/1
f 346/338/1 359/339/1 358/337/1
f 345/340/1 359/339/1 346/338/1
f 345/340/1 360/341/1 359/339/1
f 344/342/1 360/341/1 345/340/1
f 344/342/1 361/343/1 360/341/1
f 343/344/1 361/343/1 344/342/1
f 343/344/1 362/345/1 361/343/1
f 342/346/1 362/345/1 343/344/1
f 342/346/1 363/347/1 362/345/1
f 341/348/1 363/347/1 342/346/1
f 341/348/1 364/349/1 363/347/1
f 340/350/1 364/349/1 341/348/1
f 339/351/1 364/349/1 340/350/1
f 339/351/1 365/352/1 364/349/1
f 338/353/1 365/352/1 339/351/1
f 337/354/1 365/352/1 338/353/1
f 336/355/1 365/352/1 337/354/1
f 335/356/1 365/352/1 336/355/1
f 334/357/1 365/352/1 335/356/1
f 333/358/1 365/352/1 334/357/1
f 332/359/1 365/352/1 333/358/1
f 331/360/1 365/352/1 332/359/1
f 330/361/1 365/352/1 331/360/1
f 329/64/1 365/352/1 330/361/1
f 490/50/1 365/352/1 329/64/1
f 489/362/1 365/352/1 490/50/1
f 489/362/1 366/363/1 365/352/1
f 489/362/1 367/364/1 366/363/1
f 488/365/1 367/364/1 489/362/1
f 488/365/1 368/366/1 367/364/1
f 487/367/1 368/366/1 488/365/1
f 487/367/1 369/368/1 368/366/1
f 486/369/1 369/368/1 487/367/1
f 486/369/1 370/370/1 369/368/1
f 485/371/1 370/370/1 486/369/1
f 485/371/1 371/372/1 370/370/1
f 484/373/1 371/372/1 485/371/1
f 484/373/1 372/374/1 371/372/1
f 483/375/1 372/374/1 484/373/1
f 483/375/1 373/376/1 372/374/1
f 482/377/1 373/376/1 483/375/1
f 482/377/1 374/378/1 373/376/1
f 481/379/1 374/378/1 482/377/1
f 481/379/1 375/82/1 374/378/1
f 480/380/1 375/82/1 481/379/1
f 480/380/1 376/381/1 375/82/1
f 479/382/1 376/381/1 480/380/1
f 479/382/1 377/383/1 376/381/1
f 478/384/1 377/383/1 479/382/1
f 478/384/1 378/385/1 377/383/1
f 477/386/1 378/385/1 478/384/1
f 477/386/1 379/387/1 378/385/1
f 476/388/1 379/387/1 477/386/1
f 476/388/1 380/389/1 379/387/1
f 475/390/1 380/389/1 476/388/1
f 475/390/1 381/391/1 380/389/1
f 474/392/1 381/391/1 475/390/1
f 474/392/1 382/393/1 381/391/1
f 473/394/1 382/393/1 474/392/1
f 473/394/1 383/395/1 382/393/1
f 472/396/1 383/395/1 473/394/1
f 472/396/1 384/397/1 383/395/1
f 471/398/1 384/397/1 472/396/1
f 471/398/1 385/399/1 384/397/1
f 470/400/1 385/399/1 471/398/1
f 470/400/1 386/401/1 385/399/1
f 469/402/1 386/401/1 470/400/1
f 469/402/1 387/403/1 386/401/1
f 468/404/1 387/403/1 469/402/1
f 468/404/1 388/405/1 387/403/1
f 467/30/1 388/405/1 468/404/1
f 467/30/1 389/406/1 388/405/1
f 466/407/1 389/406/1 467/30/1
f 466/407/1 390/408/1 389/406/1
f 465/409/1 390/408/1 466/407/1
f 464/410/1 391/411/1 465/409/1
f 391/411/1 390/408/1 465/409/1
f 464/410/1 392/412/1 391/411/1
f 426/413/1 428/414/1 427/415/1
f 425/416/1 428/414/1 426/413/1
f 463/417/1 392/412/1 464/410/1
f 425/416/1 429/418/1 428/414/1
f 424/419/1 429/418/1 425/416/1
f 424/419/1 430/420/1 429/418/1
f 423/421/1 430/420/1 424/419/1
f 423/421/1 431/422/1 430/420/1
f 422/423/1 431/422/1 423/421/1
f 422/423/1 432/424/1 431/422/1
f 421/25/1 432/424/1 422/423/1
f 421/25/1 433/425/1 432/424/1
f 420/426/1 433/425/1 421/25/1
f 420/426/1 434/427/1 433/425/1
f 419/428/1 434/427/1 420/426/1
f 419/428/1 435/429/1 434/427/1
f 418/430/1 435/429/1 419/428/1
f 418/430/1 436/431/1 435/429/1
f 417/432/1 436/431/1 418/430/1
f 417/432/1 437/433/1 436/431/1
f 416/434/1 437/433/1 417/432/1
f 416/434/1 438/435/1 437/433/1
f 415/436/1 438/435/1 416/434/1
f 415/436/1 439/437/1 438/435/1
f 415/436/1 440/438/1 439/437/1
f 463/417/1 393/439/1 392/412/1
f 462/440/1 393/439/1 463/417/1
f 415/436/1 441/441/1 440/438/1
f 414/442/1 441/441/1 415/436/1
f 462/440/1 394/443/1 393/439/1
f 413/444/1 441/441/1 414/442/1
f 461/445/1 394/443/1 462/440/1
f 413/444/1 442/446/1 441/441/1
f 461/445/1 395/447/1 394/443/1
f 412/448/1 442/446/1 413/444/1
f 461/445/1 396/449/1 395/447/1
f 411/450/1 442/446/1 412/448/1
f 411/450/1 443/451/1 442/446/1
f 460/452/1 396/449/1 461/445/1
f 460/452/1 397/453/1 396/449/1
f 410/454/1 443/451/1 411/450/1
f 460/452/1 398/132/1 397/453/1
f 409/455/1 443/451/1 410/454/1
f 409/455/1 444/61/1 443/451/1
f 460/452/1 399/456/1 398/132/1
f 459/457/1 399/456/1 460/452/1
f 408/458/1 444/61/1 409/455/1
f 459/457/1 400/459/1 399/456/1
f 407/460/1 444/61/1 408/458/1
f 459/457/1 401/461/1 400/459/1
f 406/462/1 444/61/1 407/460/1
f 459/457/1 402/463/1 401/461/1
f 405/464/1 444/61/1 406/462/1
f 459/457/1 403/465/1 402/463/1
f 405/464/1 445/466/1 444/61/1
f 404/467/1 445/466/1 405/464/1
f 459/457/1 404/467/1 403/465/1
f 459/457/1 445/466/1 404/467/1
f 458/468/1 445/466/1 459/457/1
f 458/468/1 446/469/1 445/466/1
f 457/470/1 446/469/1 458/468/1
f 457/470/1 447/471/1 446/469/1
f 456/472/1 447/471/1 457/470/1
f 456/472/1 448/473/1 447/471/1
f 455/474/1 448/473/1 456/472/1
f 455/474/1 449/475/1 448/473/1
f 454/476/1 449/475/1 455/474/1
f 454/476/1 450/477/1 449/475/1
f 453/478/1 450/477/1 454/476/1
f 453/478/1 451/479/1 450/477/1
f 452/480/1 451/479/1 453/478/1
f 707/481/1 709/482/1 708/483/1
f 706/484/1 709/482/1 707/481/1
f 706/484/1 710/485/1 709/482/1
f 705/486/1 710/485/1 706/484/1
f 705/486/1 711/487/1 710/485/1
f 704/488/1 711/487/1 705/486/1
f 704/488/1 712/489/1 711/487/1
f 703/490/1 712/489/1 704/488/1
f 703/490/1 713/491/1 712/489/1
f 702/492/1 713/491/1 703/490/1
f 702/492/1 714/493/1 713/491/1
f 701/494/1 714/493/1 702/492/1
f 701/494/1 715/495/1 714/493/1
f 700/496/1 715/495/1 701/494/1
f 700/496/1 716/497/1 715/495/1
f 699/498/1 716/497/1 700/496/1
f 699/498/1 717/499/1 716/497/1
f 698/500/1 717/499/1 699/498/1
f 698/500/1 718/501/1 717/499/1
f 697/502/1 718/501/1 698/500/1
f 697/502/1 719/503/1 718/501/1
f 696/504/1 719/503/1 697/502/1
f 696/504/1 720/505/1 719/503/1
f 695/506/1 720/505/1 696/504/1
f 695/506/1 721/507/1 720/505/1
f 694/508/1 721/507/1 695/506/1
f 694/508/1 722/509/1 721/507/1
f 693/510/1 722/509/1 694/508/1
f 693/510/1 723/511/1 722/509/1
f 692/512/1 723/511/1 693/510/1
f 692/512/1 724/513/1 723/511/1
f 691/514/1 724/513/1 692/512/1
f 691/514/1 725/515/1 724/513/1
f 690/516/1 725/515/1 691/514/1
f 690/516/1 726/517/1 725/515/1
f 689/518/1 726/517/1 690/516/1
f 689/518/1 727/519/1 726/517/1
f 688/520/1 727/519/1 689/518/1
f 688/520/1 728/521/1 727/519/1
f 687/522/1 728/521/1 688/520/1
f 687/522/1 729/523/1 728/521/1
f 686/524/1 729/523/1 687/522/1
f 686/524/1 730/525/1 729/523/1
f 685/526/1 730/525/1 686/524/1
f 685/526/1 731/527/1 730/525/1
f 732/50/1 731/527/1 685/526/1
f 516/528/1 518/529/1 517/530/1
f 516/528/1 519/531/1 518/529/1
f 515/532/1 519/531/1 516/528/1
f 515/532/1 520/533/1 519/531/1
f 514/534/1 520/533/1 515/532/1
f 514/534/1 521/535/1 520/533/1
f 514/534/1 522/536/1 521/535/1
f 513/537/1 522/536/1 514/534/1
f 513/537/1 523/538/1 522/536/1
f 512/539/1 523/538/1 513/537/1
f 512/539/1 524/540/1 523/538/1
f 511/541/1 524/540/1 512/539/1
f 511/541/1 525/542/1 524/540/1
f 510/543/1 525/542/1 511/541/1
f 510/543/1 526/544/1 525/542/1
f 509/545/1 526/544/1 510/543/1
f 509/545/1 527/546/1 526/544/1
f 508/547/1 527/546/1 509/545/1
f 508/547/1 528/548/1 527/546/1
f 507/549/1 528/548/1 508/547/1
f 507/549/1 529/550/1 528/548/1
f 506/551/1 529/550/1 507/549/1
f 505/552/1 529/550/1 506/551/1
f 505/552/1 530/553/1 529/550/1
f 504/554/1 530/553/1 505/552/1
f 504/554/1 531/555/1 530/553/1
f 503/556/1 531/555/1 504/554/1
f 683/557/1 491/64/1 684/558/1
f 682/559/1 491/64/1 683/557/1
f 682/559/1 492/560/1 491/64/1
f 503/556/1 532/561/1 531/555/1
f 681/562/1 492/560/1 682/559/1
f 502/563/1 532/561/1 503/556/1
f 681/562/1 493/564/1 492/560/1
f 681/562/1 494/565/1 493/564/1
f 680/566/1 494/565/1 681/562/1
f 501/567/1 532/561/1 502/563/1
f 680/566/1 495/568/1 494/565/1
f 501/567/1 533/569/1 532/561/1
f 680/566/1 496/570/1 495/568/1
f 500/571/1 533/569/1 501/567/1
f 680/566/1 497/572/1 496/570/1
f 679/573/1 497/572/1 680/566/1
f 499/574/1 533/569/1 500/571/1
f 679/573/1 498/575/1 497/572/1
f 498/575/1 533/569/1 499/574/1
f 679/573/1 533/569/1 498/575/1
f 679/573/1 534/576/1 533/569/1
f 678/577/1 534/576/1 679/573/1
f 678/577/1 535/578/1 534/576/1
f 678/577/1 536/579/1 535/578/1
f 677/580/1 536/579/1 678/577/1
f 677/580/1 537/581/1 536/579/1
f 677/580/1 538/582/1 537/581/1
f 676/583/1 538/582/1 677/580/1
f 676/583/1 539/584/1 538/582/1
f 675/585/1 539/584/1 676/583/1
f 675/585/1 540/586/1 539/584/1
f 674/587/1 540/586/1 675/585/1
f 674/587/1 541/588/1 540/586/1
f 673/589/1 541/588/1 674/587/1
f 673/589/1 542/590/1 541/588/1
f 672/591/1 542/590/1 673/589/1
f 672/591/1 543/592/1 542/590/1
f 671/593/1 543/592/1 672/591/1
f 671/593/1 544/594/1 543/592/1
f 670/595/1 544/594/1 671/593/1
f 670/595/1 545/596/1 544/594/1
f 669/597/1 545/596/1 670/595/1
f 669/597/1 546/598/1 545/596/1
f 668/599/1 546/598/1 669/597/1
f 668/599/1 547/600/1 546/598/1
f 667/601/1 547/600/1 668/599/1
f 666/602/1 547/600/1 667/601/1
f 666/602/1 548/603/1 547/600/1
f 665/604/1 548/603/1 666/602/1
f 664/605/1 548/603/1 665/604/1
f 663/606/1 548/603/1 664/605/1
f 663/606/1 549/607/1 548/603/1
f 662/608/1 549/607/1 663/606/1
f 661/609/1 549/607/1 662/608/1
f 660/610/1 549/607/1 661/609/1
f 659/611/1 549/607/1 660/610/1
f 658/612/1 549/607/1 659/611/1
f 657/613/1 549/607/1 658/612/1
f 656/614/1 549/607/1 657/613/1
f 655/615/1 549/607/1 656/614/1
f 655/615/1 550/616/1 549/607/1
f 654/617/1 550/616/1 655/615/1
f 653/618/1 550/616/1 654/617/1
f 652/619/1 550/616/1 653/618/1
f 652/619/1 651/620/1 550/616/1
f 651/620/1 551/621/1 550/616/1
f 650/622/1 551/621/1 651/620/1
f 649/623/1 551/621/1 650/622/1
f 648/624/1 551/621/1 649/623/1
f 647/625/1 551/621/1 648/624/1
f 646/626/1 551/621/1 647/625/1
f 646/626/1 552/627/1 551/621/1
f 645/628/1 552/627/1 646/626/1
f 645/628/1 553/629/1 552/627/1
f 644/630/1 553/629/1 645/628/1
f 644/630/1 554/631/1 553/629/1
f 643/632/1 554/631/1 644/630/1
f 643/632/1 555/633/1 554/631/1
f 642/634/1 555/633/1 643/632/1
f 642/634/1 556/635/1 555/633/1
f 641/636/1 556/635/1 642/634/1
f 641/636/1 557/637/1 556/635/1
f 640/638/1 557/637/1 641/636/1
f 640/638/1 558/639/1 557/637/1
f 639/640/1 558/639/1 640/638/1
f 639/640/1 559/641/1 558/639/1
f 638/642/1 559/641/1 639/640/1
f 638/642/1 560/643/1 559/641/1
f 637/644/1 560/643/1 638/642/1
f 637/644/1 561/645/1 560/643/1
f 636/646/1 561/645/1 637/644/1
f 636/646/1 562/647/1 561/645/1
f 635/648/1 562/647/1 636/646/1
f 635/648/1 563/649/1 562/647/1
f 634/650/1 563/649/1 635/648/1
f 634/650/1 564/651/1 563/649/1
f 633/652/1 564/651/1 634/650/1
f 633/652/1 565/653/1 564/651/1
f 632/654/1 565/653/1 633/652/1
f 632/654/1 566/655/1 565/653/1
f 631/656/1 566/655/1 632/654/1
f 631/656/1 567/657/1 566/655/1
f 630/658/1 567/657/1 631/656/1
f 630/658/1 568/659/1 567/657/1
f 629/660/1 568/659/1 630/658/1
f 629/660/1 569/661/1 568/659/1
f 628/662/1 569/661/1 629/660/1
f 628/662/1 570/663/1 569/661/1
f 627/664/1 570/663/1 628/662/1
f 627/664/1 571/665/1 570/663/1
f 626/666/1 571/665/1 627/664/1
f 626/666/1 572/667/1 571/665/1
f 625/668/1 572/667/1 626/666/1
f 625/668/1 573/669/1 572/667/1
f 624/670/1 573/669/1 625/668/1
f 624/670/1 574/671/1 573/669/1
f 623/672/1 574/671/1 624/670/1
f 623/672/1 575/673/1 574/671/1
f 622/674/1 575/673/1 623/672/1
f 622/674/1 576/675/1 575/673/1
f 622/674/1 577/676/1 576/675/1
f 621/677/1 577/676/1 622/674/1
f 621/677/1 578/678/1 577/676/1
f 620/679/1 578/678/1 621/677/1
f 620/679/1 579/680/1 578/678/1
f 619/681/1 579/680/1 620/679/1
f 619/681/1 580/682/1 579/680/1
f 618/683/1 580/682/1 619/681/1
f 618/683/1 581/684/1 580/682/1
f 617/685/1 581/684/1 618/683/1
f 617/685/1 582/686/1 581/684/1
f 616/687/1 582/686/1 617/685/1
f 616/687/1 583/688/1 582/686/1
f 615/689/1 599/690/1 616/687/1
f 599/690/1 583/688/1 616/687/1
f 615/689/1 600/691/1 599/690/1
f 598/692/1 583/688/1 599/690/1
f 615/689/1 601/693/1 600/691/1
f 597/694/1 583/688/1 598/692/1
f 615/689/1 602/695/1 601/693/1
f 596/696/1 583/688/1 597/694/1
f 615/689/1 603/697/1 602/695/1
f 595/698/1 583/688/1 596/696/1
f 595/698/1 584/699/1 583/688/1
f 614/700/1 603/697/1 615/689/1
f 614/700/1 604/701/1 603/697/1
f 594/702/1 584/699/1 595/698/1
f 614/700/1 605/703/1 604/701/1
f 593/704/1 584/699/1 594/702/1
f 614/700/1 606/705/1 605/703/1
f 592/706/1 584/699/1 593/704/1
f 614/700/1 607/707/1 606/705/1
f 591/708/1 584/699/1 592/706/1
f 591/708/1 585/709/1 584/699/1
f 613/710/1 607/707/1 614/700/1
f 613/710/1 608/711/1 607/707/1
f 590/712/1 585/709/1 591/708/1
f 613/710/1 609/713/1 608/711/1
f 589/714/1 585/709/1 590/712/1
f 613/710/1 610/715/1 609/713/1
f 588/716/1 585/709/1 589/714/1
f 588/716/1 586/717/1 585/709/1
f 612/718/1 610/715/1 613/710/1
f 612/718/1 611/719/1 610/715/1
f 587/720/1 586/717/1 588/716/1
f 951/721/1 953/722/1 952/723/1
f 975/724/1 977/725/1 976/726/1
f 951/721/1 954/727/1 953/722/1
f 974/728/1 977/725/1 975/724/1
f 974/728/1 978/729/1 977/725/1
f 950/730/1 954/727/1 951/721/1
f 950/730/1 955/731/1 954/727/1
f 973/732/1 978/729/1 974/728/1
f 950/730/1 956/733/1 955/731/1
f 972/734/1 978/729/1 973/732/1
f 972/734/1 979/735/1 978/729/1
f 949/736/1 956/733/1 950/730/1
f 949/736/1 957/737/1 956/733/1
f 971/738/1 979/735/1 972/734/1
f 949/736/1 958/739/1 957/737/1
f 970/740/1 979/735/1 971/738/1
f 970/740/1 980/741/1 979/735/1
f 948/742/1 958/739/1 949/736/1
f 948/742/1 959/743/1 958/739/1
f 969/744/1 980/741/1 970/740/1
f 948/742/1 960/745/1 959/743/1
f 968/746/1 980/741/1 969/744/1
f 968/746/1 981/747/1 980/741/1
f 947/748/1 960/745/1 948/742/1
f 947/748/1 961/749/1 960/745/1
f 967/750/1 981/747/1 968/746/1
f 947/748/1 962/751/1 961/749/1
f 966/752/1 981/747/1 967/750/1
f 947/748/1 963/753/1 962/751/1
f 965/754/1 981/747/1 966/752/1
f 947/748/1 964/755/1 963/753/1
f 964/755/1 981/747/1 965/754/1
f 947/748/1 981/747/1 964/755/1
f 947/748/1 982/756/1 981/747/1
f 946/757/1 982/756/1 947/748/1
f 946/757/1 983/758/1 982/756/1
f 945/759/1 983/758/1 946/757/1
f 945/759/1 984/760/1 983/758/1
f 944/761/1 984/760/1 945/759/1
f 944/761/1 985/762/1 984/760/1
f 943/763/1 985/762/1 944/761/1
f 943/763/1 986/764/1 985/762/1
f 942/765/1 986/764/1 943/763/1
f 942/765/1 987/766/1 986/764/1
f 941/767/1 987/766/1 942/765/1
f 941/767/1 988/768/1 987/766/1
f 940/769/1 988/768/1 941/767/1
f 939/770/1 988/768/1 940/769/1
f 939/770/1 989/771/1 988/768/1
f 938/772/1 989/771/1 939/770/1
f 938/772/1 990/773/1 989/771/1
f 937/774/1 990/773/1 938/772/1
f 937/774/1 991/775/1 990/773/1
f 936/776/1 991/775/1 937/774/1
f 936/776/1 992/777/1 991/775/1
f 935/778/1 992/777/1 936/776/1
f 935/778/1 993/779/1 992/777/1
f 934/780/1 880/781/1 935/778/1
f 880/781/1 993/779/1 935/778/1
f 880/781/1 757/782/1 993/779/1
f 757/782/1 756/783/1 993/779/1
f 756/783/1 994/784/1 993/779/1
f 934/780/1 881/785/1 880/781/1
f 879/786/1 757/782/1 880/781/1
f 878/787/1 757/782/1 879/786/1
f 878/787/1 758/788/1 757/782/1
f 755/789/1 994/784/1 756/783/1
f 877/790/1 758/788/1 878/787/1
f 877/790/1 759/791/1 758/788/1
f 876/792/1 759/791/1 877/790/1
f 876/792/1 760/793/1 759/791/1
f 934/780/1 882/794/1 881/785/1
f 754/795/1 994/784/1 755/789/1
f 875/796/1 760/793/1 876/792/1
f 875/796/1 761/797/1 760/793/1
f 934/780/1 883/798/1 882/794/1
f 753/799/1 994/784/1 754/795/1
f 874/800/1 761/797/1 875/796/1
f 874/800/1 762/801/1 761/797/1
f 933/802/1 883/798/1 934/780/1
f 753/799/1 995/803/1 994/784/1
f 873/804/1 762/801/1 874/800/1
f 873/804/1 763/805/1 762/801/1
f 752/806/1 995/803/1 753/799/1
f 933/802/1 884/807/1 883/798/1
f 872/808/1 763/805/1 873/804/1
f 872/808/1 764/809/1 763/805/1
f 932/810/1 884/807/1 933/802/1
f 752/806/1 996/811/1 995/803/1
f 871/812/1 764/809/1 872/808/1
f 871/812/1 765/813/1 764/809/1
f 751/814/1 996/811/1 752/806/1
f 932/810/1 885/815/1 884/807/1
f 931/816/1 885/815/1 932/810/1
f 751/814/1 997/817/1 996/811/1
f 870/818/1 765/813/1 871/812/1
f 870/818/1 766/819/1 765/813/1
f 930/820/1 885/815/1 931/816/1
f 751/814/1 998/821/1 997/817/1
f 750/822/1 998/821/1 751/814/1
f 930/820/1 886/823/1 885/815/1
f 869/824/1 766/819/1 870/818/1
f 869/824/1 767/825/1 766/819/1
f 929/826/1 886/823/1 930/820/1
f 750/822/1 999/827/1 998/821/1
f 868/828/1 767/825/1 869/824/1
f 868/828/1 768/829/1 767/825/1
f 749/830/1 999/827/1 750/822/1
f 929/826/1 887/831/1 886/823/1
f 928/832/1 887/831/1 929/826/1
f 749/830/1 1000/833/1 999/827/1
f 867/834/1 768/829/1 868/828/1
f 867/834/1 769/835/1 768/829/1
f 927/836/1 887/831/1 928/832/1
f 749/830/1 1001/837/1 1000/833/1
f 748/838/1 1001/837/1 749/830/1
f 927/836/1 888/839/1 887/831/1
f 866/840/1 769/835/1 867/834/1
f 866/840/1 770/841/1 769/835/1
f 748/838/1 1002/842/1 1001/837/1
f 926/843/1 888/839/1 927/836/1
f 748/838/1 1003/844/1 1002/842/1
f 925/845/1 888/839/1 926/843/1
f 747/846/1 1003/844/1 748/838/1
f 925/845/1 889/847/1 888/839/1
f 747/846/1 1004/848/1 1003/844/1
f 924/849/1 889/847/1 925/845/1
f 747/846/1 1005/850/1 1004/848/1
f 923/851/1 889/847/1 924/849/1
f 746/852/1 1005/850/1 747/846/1
f 923/851/1 890/853/1 889/847/1
f 746/852/1 1006/854/1 1005/850/1
f 922/855/1 890/853/1 923/851/1
f 746/852/1 1007/856/1 1006/854/1
f 921/857/1 890/853/1 922/855/1
f 745/858/1 1007/856/1 746/852/1
f 921/857/1 891/859/1 890/853/1
f 745/858/1 1008/860/1 1007/856/1
f 920/861/1 891/859/1 921/857/1
f 745/858/1 1009/862/1 1008/860/1
f 919/863/1 891/859/1 920/861/1
f 745/858/1 1010/864/1 1009/862/1
f 918/865/1 891/859/1 919/863/1
f 744/866/1 1010/864/1 745/858/1
f 918/865/1 892/867/1 891/859/1
f 744/866/1 1011/868/1 1010/864/1
f 917/869/1 892/867/1 918/865/1
f 744/866/1 1012/870/1 1011/868/1
f 916/871/1 892/867/1 917/869/1
f 915/872/1 892/867/1 916/871/1
f 744/866/1 1013/873/1 1012/870/1
f 914/874/1 892/867/1 915/872/1
f 744/866/1 1014/875/1 1013/873/1
f 914/874/1 893/876/1 892/867/1
f 743/877/1 1014/875/1 744/866/1
f 913/878/1 893/876/1 914/874/1
f 743/877/1 1015/879/1 1014/875/1
f 742/880/1 1015/879/1 743/877/1
f 913/878/1 894/881/1 893/876/1
f 912/882/1 894/881/1 913/878/1
f 742/880/1 1016/883/1 1015/879/1
f 741/884/1 1016/883/1 742/880/1
f 912/882/1 895/885/1 894/881/1
f 911/886/1 895/885/1 912/882/1
f 741/884/1 1017/887/1 1016/883/1
f 740/888/1 1017/887/1 741/884/1
f 911/886/1 896/889/1 895/885/1
f 910/890/1 896/889/1 911/886/1
f 740/888/1 1018/891/1 1017/887/1
f 739/892/1 1018/891/1 740/888/1
f 910/890/1 897/893/1 896/889/1
f 909/894/1 897/893/1 910/890/1
f 739/892/1 1019/895/1 1018/891/1
f 738/896/1 1019/895/1 739/892/1
f 909/894/1 898/897/1 897/893/1
f 908/898/1 898/897/1 909/894/1
f 738/896/1 1020/899/1 1019/895/1
f 737/900/1 1020/899/1 738/896/1
f 908/898/1 899/901/1 898/897/1
f 907/902/1 899/901/1 908/898/1
f 737/900/1 1021/903/1 1020/899/1
f 736/904/1 1021/903/1 737/900/1
f 907/902/1 900/905/1 899/901/1
f 906/906/1 900/905/1 907/902/1
f 736/904/1 1022/907/1 1021/903/1
f 735/908/1 1022/907/1 736/904/1
f 906/906/1 901/909/1 900/905/1
f 905/910/1 901/909/1 906/906/1
f 735/908/1 1023/911/1 1022/907/1
f 734/912/1 1023/911/1 735/908/1
f 905/910/1 902/913/1 901/909/1
f 904/914/1 902/913/1 905/910/1
f 734/912/1 1024/50/1 1023/911/1
f 733/64/1 1024/50/1 734/912/1
f 904/914/1 903/915/1 902/913/1
f 865/916/1 770/841/1 866/840/1
f 865/916/1 771/917/1 770/841/1
f 864/918/1 771/917/1 865/916/1
f 864/918/1 772/919/1 771/917/1
f 863/920/1 772/919/1 864/918/1
f 863/920/1 773/921/1 772/919/1
f 862/922/1 773/921/1 863/920/1
f 862/922/1 774/923/1 773/921/1
f 861/924/1 774/923/1 862/922/1
f 861/924/1 775/925/1 774/923/1
f 860/926/1 775/925/1 861/924/1
f 860/926/1 776/927/1 775/925/1
f 859/928/1 776/927/1 860/926/1
f 859/928/1 777/929/1 776/927/1
f 858/930/1 777/929/1 859/928/1
f 858/930/1 778/931/1 777/929/1
f 857/932/1 778/931/1 858/930/1
f 857/932/1 779/933/1 778/931/1
f 856/934/1 779/933/1 857/932/1
f 856/934/1 780/935/1 779/933/1
f 855/936/1 780/935/1 856/934/1
f 855/936/1 781/937/1 780/935/1
f 854/938/1 781/937/1 855/936/1
f 854/938/1 782/939/1 781/937/1
f 853/940/1 782/939/1 854/938/1
f 853/940/1 783/941/1 782/939/1
f 852/942/1 783/941/1 853/940/1
f 852/942/1 784/943/1 783/941/1
f 851/944/1 784/943/1 852/942/1
f 851/944/1 785/945/1 784/943/1
f 850/946/1 785/945/1 851/944/1
f 850/946/1 786/947/1 785/945/1
f 849/948/1 786/947/1 850/946/1
f 849/948/1 787/949/1 786/947/1
f 848/950/1 787/949/1 849/948/1
f 848/950/1 788/951/1 787/949/1
f 847/952/1 788/951/1 848/950/1
f 847/952/1 789/953/1 788/951/1
f 846/954/1 789/953/1 847/952/1
f 846/954/1 790/955/1 789/953/1
f 845/956/1 790/955/1 846/954/1
f 845/956/1 791/957/1 790/955/1
f 844/958/1 791/957/1 845/956/1
f 844/958/1 792/959/1 791/957/1
f 843/960/1 792/959/1 844/958/1
f 843/960/1 793/961/1 792/959/1
f 842/962/1 793/961/1 843/960/1
f 842/962/1 794/963/1 793/961/1
f 841/964/1 794/963/1 842/962/1
f 841/964/1 795/965/1 794/963/1
f 841/964/1 796/966/1 795/965/1
f 840/967/1 796/966/1 841/964/1
f 840/967/1 797/968/1 796/966/1
f 839/969/1 797/968/1 840/967/1
f 839/969/1 798/970/1 797/968/1
f 838/971/1 798/970/1 839/969/1
f 838/971/1 799/972/1 798/970/1
f 837/973/1 799/972/1 838/971/1
f 837/973/1 800/974/1 799/972/1
f 836/975/1 800/974/1 837/973/1
f 836/975/1 801/976/1 800/974/1
f 835/977/1 801/976/1 836/975/1
f 835/977/1 802/978/1 801/976/1
f 834/979/1 818/980/1 835/977/1
f 818/980/1 802/978/1 835/977/1
f 834/979/1 819/981/1 818/980/1
f 817/982/1 802/978/1 818/980/1
f 834/979/1 820/983/1 819/981/1
f 816/984/1 802/978/1 817/982/1
f 834/979/1 821/985/1 820/983/1
f 815/986/1 802/978/1 816/984/1
f 834/979/1 822/987/1 821/985/1
f 814/988/1 802/978/1 815/986/1
f 814/988/1 803/989/1 802/978/1
f 833/990/1 822/987/1 834/979/1
f 833/990/1 823/991/1 822/987/1
f 813/992/1 803/989/1 814/988/1
f 833/990/1 824/993/1 823/991/1
f 812/994/1 803/989/1 813/992/1
f 833/990/1 825/995/1 824/993/1
f 811/996/1 803/989/1 812/994/1
f 833/990/1 826/997/1 825/995/1
f 810/998/1 803/989/1 811/996/1
f 810/998/1 804/999/1 803/989/1
f 832/1000/1 826/997/1 833/990/1
f 832/1000/1 827/1001/1 826/997/1
f 809/1002/1 804/999/1 810/998/1
f 832/1000/1 828/1003/1 827/1001/1
f 808/1004/1 804/999/1 809/1002/1
f 832/1000/1 829/1005/1 828/1003/1
f 807/1006/1 804/999/1 808/1004/1
f 807/1006/1 805/1007/1 804/999/1
f 831/1008/1 829/1005/1 832/1000/1
f 831/1008/1 830/1009/1 829/1005/1
f 806/1010/1 805/1007/1 807/1006/1
f 1107/1/2 1108/3/2 1109/2/2
f 1107/1/2 1109/2/2 1110/4/2
f 1106/5/2 1107/1/2 1110/4/2
f 1106/5/2 1110/4/2 1111/6/2
f 1105/7/2 1106/5/2 1111/6/2
f 1105/7/2 1111/6/2 1112/8/2
f 1104/9/2 1105/7/2 1112/8/2
f 1104/9/2 1112/8/2 1113/10/2
f 1103/11/2 1104/9/2 1113/10/2
f 1103/11/2 1113/10/2 1146/12/2
f 1146/12/2 1113/10/2 1114/13/2
f 1102/14/2 1103/11/2 1147/15/2
f 1147/15/2 1103/11/2 1146/12/2
f 1145/16/2 1146/12/2 1114/13/2
f 1144/17/2 1145/16/2 1114/13/2
f 1102/14/2 1147/15/2 1148/18/2
f 1143/19/2 1144/17/2 1114/13/2
f 1102/14/2 1148/18/2 1149/20/2
f 1142/21/2 1143/19/2 1114/13/2
f 1142/21/2 1114/13/2 1115/22/2
f 1102/14/2 1149/20/2 1150/23/2
f 1141/24/2 1142/21/2 1115/22/2
f 1101/25/2 1102/14/2 1150/23/2
f 1101/25/2 1150/23/2 1151/26/2
f 1140/27/2 1141/24/2 1115/22/2
f 1101/25/2 1151/26/2 1152/28/2
f 1140/27/2 1115/22/2 1116/29/2
f 1139/30/2 1140/27/2 1116/29/2
f 1101/25/2 1152/28/2 1153/31/2
f 1138/32/2 1139/30/2 1116/29/2
f 1100/33/2 1101/25/2 1153/31/2
f 1137/34/2 1138/32/2 1116/29/2
f 1100/33/2 1153/31/2 1154/35/2
f 1137/34/2 1116/29/2 1117/36/2
f 1136/37/2 1137/34/2 1117/36/2
f 1100/33/2 1154/35/2 1155/38/2
f 1099/39/2 1100/33/2 1155/38/2
f 1135/40/2 1136/37/2 1117/36/2
f 1135/40/2 1117/36/2 1118/41/2
f 1099/39/2 1155/38/2 1156/42/2
f 1134/43/2 1135/40/2 1118/41/2
f 1098/44/2 1099/39/2 1156/42/2
f 1098/44/2 1156/42/2 1157/45/2
f 1133/46/2 1134/43/2 1118/41/2
f 1132/47/2 1133/46/2 1118/41/2
f 1132/47/2 1118/41/2 1119/48/2
f 1131/49/2 1132/47/2 1119/48/2
f 1098/44/2 1157/45/2 1158/50/2
f 1130/51/2 1131/49/2 1119/48/2
f 1129/52/2 1130/51/2 1119/48/2
f 1128/53/2 1129/52/2 1119/48/2
f 1127/54/2 1128/53/2 1119/48/2
f 1097/55/2 1098/44/2 1158/50/2
f 1126/56/2 1127/54/2 1119/48/2
f 1125/57/2 1126/56/2 1119/48/2
f 1124/58/2 1125/57/2 1119/48/2
f 1123/59/2 1124/58/2 1119/48/2
f 1122/60/2 1123/59/2 1119/48/2
f 1097/55/2 1158/50/2 1122/60/2
f 1097/55/2 1122/60/2 1119/48/2
f 1097/55/2 1119/48/2 1120/61/2
f 1096/62/2 1097/55/2 1121/63/2
f 1121/63/2 1097/55/2 1120/61/2
f 1096/62/2 1121/63/2 1025/64/2
f 1095/65/2 1096/62/2 1025/64/2
f 1095/65/2 1025/64/2 1026/66/2
f 1094/67/2 1095/65/2 1026/66/2
f 1094/67/2 1026/66/2 1027/68/2
f 1093/69/2 1094/67/2 1027/68/2
f 1093/69/2 1027/68/2 1028/70/2
f 1056/71/2 1057/73/2 1058/72/2
f 1056/71/2 1058/72/2 1059/74/2
f 1055/75/2 1056/71/2 1059/74/2
f 1054/76/2 1055/75/2 1059/74/2
f 1054/76/2 1059/74/2 1060/77/2
f 1053/78/2 1054/76/2 1060/77/2
f 1053/78/2 1060/77/2 1061/79/2
f 1052/80/2 1053/78/2 1061/79/2
f 1052/80/2 1061/79/2 1062/81/2
f 1052/80/2 1062/81/2 1063/82/2
f 1051/83/2 1052/80/2 1063/82/2
f 1051/83/2 1063/82/2 1064/84/2
f 1050/85/2 1051/83/2 1064/84/2
f 1050/85/2 1064/84/2 1065/86/2
f 1049/87/2 1050/85/2 1065/86/2
f 1049/87/2 1065/86/2 1066/88/2
f 1048/89/2 1049/87/2 1066/88/2
f 1048/89/2 1066/88/2 1067/90/2
f 1047/91/2 1048/89/2 1067/90/2
f 1047/91/2 1067/90/2 1068/92/2
f 1092/93/2 1093/69/2 1028/70/2
f 1047/91/2 1068/92/2 1069/94/2
f 1092/93/2 1028/70/2 1029/95/2
f 1047/91/2 1069/94/2 1070/96/2
f 1047/91/2 1070/96/2 1071/97/2
f 1047/91/2 1071/97/2 1072/98/2
f 1047/91/2 1072/98/2 1073/99/2
f 1046/100/2 1047/91/2 1073/99/2
f 1092/93/2 1029/95/2 1030/101/2
f 1091/102/2 1092/93/2 1030/101/2
f 1045/103/2 1046/100/2 1073/99/2
f 1045/103/2 1073/99/2 1074/104/2
f 1044/105/2 1045/103/2 1074/104/2
f 1091/102/2 1030/101/2 1031/106/2
f 1090/107/2 1091/102/2 1031/106/2
f 1043/108/2 1044/105/2 1074/104/2
f 1043/108/2 1074/104/2 1075/109/2
f 1090/107/2 1031/106/2 1032/110/2
f 1042/111/2 1043/108/2 1075/109/2
f 1090/107/2 1032/110/2 1033/112/2
f 1042/111/2 1075/109/2 1076/113/2
f 1089/114/2 1090/107/2 1033/112/2
f 1041/115/2 1042/111/2 1076/113/2
f 1040/116/2 1041/115/2 1076/113/2
f 1089/114/2 1033/112/2 1034/117/2
f 1039/118/2 1040/116/2 1076/113/2
f 1039/118/2 1076/113/2 1077/119/2
f 1089/114/2 1034/117/2 1035/120/2
f 1038/121/2 1039/118/2 1077/119/2
f 1088/122/2 1089/114/2 1035/120/2
f 1037/123/2 1038/121/2 1077/119/2
f 1088/122/2 1035/120/2 1036/124/2
f 1036/124/2 1037/123/2 1077/119/2
f 1088/122/2 1036/124/2 1077/119/2
f 1088/122/2 1077/119/2 1078/125/2
f 1087/126/2 1088/122/2 1078/125/2
f 1087/126/2 1078/125/2 1079/127/2
f 1087/126/2 1079/127/2 1080/128/2
f 1086/129/2 1087/126/2 1080/128/2
f 1086/129/2 1080/128/2 1081/130/2
f 1085/131/2 1086/129/2 1081/130/2
f 1085/131/2 1081/130/2 1082/132/2
f 1085/131/2 1082/132/2 1083/133/2
f 1084/134/2 1085/131/2 1083/133/2
f 1222/135/2 1223/137/2 1224/136/2
f 1221/138/2 1222/135/2 1224/136/2
f 1221/138/2 1224/136/2 1225/139/2
f 1220/140/2 1221/138/2 1225/139/2
f 1220/140/2 1225/139/2 1226/141/2
f 1219/142/2 1220/140/2 1226/141/2
f 1219/142/2 1226/141/2 1227/143/2
f 1218/144/2 1219/142/2 1227/143/2
f 1218/144/2 1227/143/2 1228/145/2
f 1217/146/2 1218/144/2 1228/145/2
f 1217/146/2 1228/145/2 1229/147/2
f 1216/148/2 1217/146/2 1229/147/2
f 1216/148/2 1229/147/2 1230/149/2
f 1215/150/2 1216/148/2 1230/149/2
f 1215/150/2 1230/149/2 1231/151/2
f 1214/152/2 1215/150/2 1231/151/2
f 1214/152/2 1231/151/2 1232/153/2
f 1213/154/2 1214/152/2 1232/153/2
f 1212/155/2 1213/154/2 1232/153/2
f 1212/155/2 1232/153/2 1233/156/2
f 1211/157/2 1212/155/2 1233/156/2
f 1211/157/2 1233/156/2 1234/158/2
f 1210/159/2 1211/157/2 1234/158/2
f 1210/159/2 1234/158/2 1235/160/2
f 1209/161/2 1210/159/2 1235/160/2
f 1208/162/2 1209/161/2 1235/160/2
f 1208/162/2 1235/160/2 1236/163/2
f 1207/164/2 1208/162/2 1236/163/2
f 1193/165/2 1194/167/2 1195/166/2
f 1193/165/2 1195/166/2 1196/168/2
f 1192/169/2 1193/165/2 1196/168/2
f 1192/169/2 1196/168/2 1197/170/2
f 1207/164/2 1236/163/2 1237/171/2
f 1206/172/2 1207/164/2 1237/171/2
f 1192/169/2 1197/170/2 1198/173/2
f 1191/174/2 1192/169/2 1198/173/2
f 1191/174/2 1198/173/2 1199/175/2
f 1205/176/2 1206/172/2 1237/171/2
f 1191/174/2 1199/175/2 1200/177/2
f 1205/176/2 1237/171/2 1238/178/2
f 1191/174/2 1200/177/2 1201/179/2
f 1204/180/2 1205/176/2 1238/178/2
f 1190/181/2 1191/174/2 1201/179/2
f 1190/181/2 1201/179/2 1202/182/2
f 1203/183/2 1204/180/2 1238/178/2
f 1190/181/2 1202/182/2 1203/183/2
f 1190/181/2 1203/183/2 1238/178/2
f 1190/181/2 1238/178/2 1239/184/2
f 1189/185/2 1190/181/2 1239/184/2
f 1189/185/2 1239/184/2 1240/186/2
f 1188/187/2 1189/185/2 1240/186/2
f 1188/187/2 1240/186/2 1241/188/2
f 1188/187/2 1241/188/2 1242/189/2
f 1187/190/2 1188/187/2 1242/189/2
f 1187/190/2 1242/189/2 1243/191/2
f 1187/190/2 1243/191/2 1244/192/2
f 1186/193/2 1187/190/2 1244/192/2
f 1186/193/2 1244/192/2 1245/194/2
f 1185/195/2 1186/193/2 1245/194/2
f 1185/195/2 1245/194/2 1246/196/2
f 1184/197/2 1185/195/2 1246/196/2
f 1184/197/2 1246/196/2 1247/198/2
f 1183/199/2 1184/197/2 1247/198/2
f 1183/199/2 1247/198/2 1248/200/2
f 1182/201/2 1183/199/2 1248/200/2
f 1182/201/2 1248/200/2 1249/202/2
f 1181/203/2 1182/201/2 1249/202/2
f 1181/203/2 1249/202/2 1250/204/2
f 1180/205/2 1181/203/2 1250/204/2
f 1180/205/2 1250/204/2 1251/206/2
f 1179/207/2 1180/205/2 1251/206/2
f 1178/208/2 1179/207/2 1251/206/2
f 1178/208/2 1251/206/2 1252/209/2
f 1177/210/2 1178/208/2 1252/209/2
f 1176/211/2 1177/210/2 1252/209/2
f 1176/211/2 1252/209/2 1253/212/2
f 1175/213/2 1176/211/2 1253/212/2
f 1174/214/2 1175/213/2 1253/212/2
f 1173/215/2 1174/214/2 1253/212/2
f 1173/215/2 1253/212/2 1254/216/2
f 1172/217/2 1173/215/2 1254/216/2
f 1171/218/2 1172/217/2 1254/216/2
f 1170/219/2 1171/218/2 1254/216/2
f 1169/220/2 1170/219/2 1254/216/2
f 1168/221/2 1169/220/2 1254/216/2
f 1167/222/2 1168/221/2 1254/216/2
f 1166/223/2 1167/222/2 1254/216/2
f 1165/224/2 1166/223/2 1254/216/2
f 1165/224/2 1254/216/2 1255/225/2
f 1164/226/2 1165/224/2 1255/225/2
f 1163/227/2 1164/226/2 1255/225/2
f 1163/227/2 1255/225/2 1162/228/2
f 1162/228/2 1255/225/2 1161/229/2
f 1161/229/2 1255/225/2 1256/230/2
f 1160/231/2 1161/229/2 1256/230/2
f 1159/64/2 1160/231/2 1256/230/2
f 1352/50/2 1159/64/2 1256/230/2
f 1351/232/2 1352/50/2 1256/230/2
f 1351/232/2 1256/230/2 1257/233/2
f 1350/234/2 1351/232/2 1257/233/2
f 1350/234/2 1257/233/2 1258/235/2
f 1349/236/2 1350/234/2 1258/235/2
f 1349/236/2 1258/235/2 1259/237/2
f 1348/238/2 1349/236/2 1259/237/2
f 1348/238/2 1259/237/2 1260/239/2
f 1347/240/2 1348/238/2 1260/239/2
f 1347/240/2 1260/239/2 1261/241/2
f 1346/242/2 1347/240/2 1261/241/2
f 1346/242/2 1261/241/2 1262/243/2
f 1345/244/2 1346/242/2 1262/243/2
f 1345/244/2 1262/243/2 1263/245/2
f 1344/246/2 1345/244/2 1263/245/2
f 1344/246/2 1263/245/2 1264/247/2
f 1343/248/2 1344/246/2 1264/247/2
f 1343/248/2 1264/247/2 1265/249/2
f 1342/250/2 1343/248/2 1265/249/2
f 1342/250/2 1265/249/2 1266/251/2
f 1341/252/2 1342/250/2 1266/251/2
f 1341/252/2 1266/251/2 1267/253/2
f 1340/254/2 1341/252/2 1267/253/2
f 1340/254/2 1267/253/2 1268/255/2
f 1339/256/2 1340/254/2 1268/255/2
f 1339/256/2 1268/255/2 1269/257/2
f 1338/258/2 1339/256/2 1269/257/2
f 1338/258/2 1269/257/2 1270/259/2
f 1337/260/2 1338/258/2 1270/259/2
f 1337/260/2 1270/259/2 1271/261/2
f 1336/262/2 1337/260/2 1271/261/2
f 1336/262/2 1271/261/2 1272/263/2
f 1335/264/2 1336/262/2 1272/263/2
f 1335/264/2 1272/263/2 1273/265/2
f 1334/266/2 1335/264/2 1273/265/2
f 1334/266/2 1273/265/2 1274/267/2
f 1333/268/2 1334/266/2 1274/267/2
f 1333/268/2 1274/267/2 1275/269/2
f 1332/270/2 1333/268/2 1275/269/2
f 1332/270/2 1275/269/2 1276/271/2
f 1331/272/2 1332/270/2 1276/271/2
f 1331/272/2 1276/271/2 1277/273/2
f 1330/274/2 1331/272/2 1277/273/2
f 1330/274/2 1277/273/2 1278/275/2
f 1329/276/2 1330/274/2 1278/275/2
f 1329/276/2 1278/275/2 1279/277/2
f 1328/278/2 1329/276/2 1279/277/2
f 1328/278/2 1279/277/2 1280/279/2
f 1327/280/2 1328/278/2 1280/279/2
f 1327/280/2 1280/279/2 1281/281/2
f 1327/280/2 1281/281/2 1282/282/2
f 1326/283/2 1327/280/2 1282/282/2
f 1326/283/2 1282/282/2 1283/284/2
f 1325/285/2 1326/283/2 1283/284/2
f 1325/285/2 1283/284/2 1284/286/2
f 1324/287/2 1325/285/2 1284/286/2
f 1324/287/2 1284/286/2 1285/288/2
f 1323/289/2 1324/287/2 1285/288/2
f 1323/289/2 1285/288/2 1286/290/2
f 1322/291/2 1323/289/2 1286/290/2
f 1322/291/2 1286/290/2 1287/292/2
f 1321/293/2 1322/291/2 1287/292/2
f 1321/293/2 1287/292/2 1288/294/2
f 1320/295/2 1321/293/2 1304/296/2
f 1304/296/2 1321/293/2 1288/294/2
f 1320/295/2 1304/296/2 1305/297/2
f 1303/298/2 1304/296/2 1288/294/2
f 1320/295/2 1305/297/2 1306/299/2
f 1302/300/2 1303/298/2 1288/294/2
f 1320/295/2 1306/299/2 1307/301/2
f 1301/302/2 1302/300/2 1288/294/2
f 1320/295/2 1307/301/2 1308/303/2
f 1300/304/2 1301/302/2 1288/294/2
f 1300/304/2 1288/294/2 1289/305/2
f 1319/306/2 1320/295/2 1308/303/2
f 1319/306/2 1308/303/2 1309/307/2
f 1299/308/2 1300/304/2 1289/305/2
f 1319/306/2 1309/307/2 1310/309/2
f 1298/310/2 1299/308/2 1289/305/2
f 1319/306/2 1310/309/2 1311/311/2
f 1297/312/2 1298/310/2 1289/305/2
f 1319/306/2 1311/311/2 1312/313/2
f 1296/314/2 1297/312/2 1289/305/2
f 1296/314/2 1289/305/2 1290/315/2
f 1318/316/2 1319/306/2 1312/313/2
f 1318/316/2 1312/313/2 1313/317/2
f 1295/318/2 1296/314/2 1290/315/2
f 1318/316/2 1313/317/2 1314/319/2
f 1294/320/2 1295/318/2 1290/315/2
f 1318/316/2 1314/319/2 1315/321/2
f 1293/322/2 1294/320/2 1290/315/2
f 1293/322/2 1290/315/2 1291/323/2
f 1317/324/2 1318/316/2 1315/321/2
f 1317/324/2 1315/321/2 1316/325/2
f 1292/326/2 1293/322/2 1291/323/2
f 1375/327/2 1376/105/2 1377/328/2
f 1375/327/2 1377/328/2 1378/329/2
f 1374/330/2 1375/327/2 1378/329/2
f 1374/330/2 1378/329/2 1379/331/2
f 1373/332/2 1374/330/2 1379/331/2
f 1373/332/2 1379/331/2 1380/333/2
f 1372/334/2 1373/332/2 1380/333/2
f 1372/334/2 1380/333/2 1381/335/2
f 1371/336/2 1372/334/2 1381/335/2
f 1371/336/2 1381/335/2 1382/337/2
f 1370/338/2 1371/336/2 1382/337/2
f 1370/338/2 1382/337/2 1383/339/2
f 1369/340/2 1370/338/2 1383/339/2
f 1369/340/2 1383/339/2 1384/341/2
f 1368/342/2 1369/340/2 1384/341/2
f 1368/342/2 1384/341/2 1385/343/2
f 1367/344/2 1368/342/2 1385/343/2
f 1367/344/2 1385/343/2 1386/345/2
f 1366/346/2 1367/344/2 1386/345/2
f 1366/346/2 1386/345/2 1387/347/2
f 1365/348/2 1366/346/2 1387/347/2
f 1365/348/2 1387/347/2 1388/349/2
f 1364/350/2 1365/348/2 1388/349/2
f 1363/351/2 1364/350/2 1388/349/2
f 1363/351/2 1388/349/2 1389/352/2
f 1362/353/2 1363/351/2 1389/352/2
f 1361/354/2 1362/353/2 1389/352/2
f 1360/355/2 1361/354/2 1389/352/2
f 1359/356/2 1360/355/2 1389/352/2
f 1358/357/2 1359/356/2 1389/352/2
f 1357/358/2 1358/357/2 1389/352/2
f 1356/359/2 1357/358/2 1389/352/2
f 1355/360/2 1356/359/2 1389/352/2
f 1354/361/2 1355/360/2 1389/352/2
f 1353/64/2 1354/361/2 1389/352/2
f 1514/50/2 1353/64/2 1389/352/2
f 1513/362/2 1514/50/2 1389/352/2
f 1513/362/2 1389/352/2 1390/363/2
f 1513/362/2 1390/363/2 1391/364/2
f 1512/365/2 1513/362/2 1391/364/2
f 1512/365/2 1391/364/2 1392/366/2
f 1511/367/2 1512/365/2 1392/366/2
f 1511/367/2 1392/366/2 1393/368/2
f 1510/369/2 1511/367/2 1393/368/2
f 1510/369/2 1393/368/2 1394/370/2
f 1509/371/2 1510/369/2 1394/370/2
f 1509/371/2 1394/370/2 1395/372/2
f 1508/373/2 1509/371/2 1395/372/2
f 1508/373/2 1395/372/2 1396/374/2
f 1507/375/2 1508/373/2 1396/374/2
f 1507/375/2 1396/374/2 1397/376/2
f 1506/377/2 1507/375/2 1397/376/2
f 1506/377/2 1397/376/2 1398/378/2
f 1505/379/2 1506/377/2 1398/378/2
f 1505/379/2 1398/378/2 1399/82/2
f 1504/380/2 1505/379/2 1399/82/2
f 1504/380/2 1399/82/2 1400/381/2
f 1503/382/2 1504/380/2 1400/381/2
f 1503/382/2 1400/381/2 1401/383/2
f 1502/384/2 1503/382/2 1401/383/2
f 1502/384/2 1401/383/2 1402/385/2
f 1501/386/2 1502/384/2 1402/385/2
f 1501/386/2 1402/385/2 1403/387/2
f 1500/388/2 1501/386/2 1403/387/2
f 1500/388/2 1403/387/2 1404/389/2
f 1499/390/2 1500/388/2 1404/389/2
f 1499/390/2 1404/389/2 1405/391/2
f 1498/392/2 1499/390/2 1405/391/2
f 1498/392/2 1405/391/2 1406/393/2
f 1497/394/2 1498/392/2 1406/393/2
f 1497/394/2 1406/393/2 1407/395/2
f 1496/396/2 1497/394/2 1407/395/2
f 1496/396/2 1407/395/2 1408/397/2
f 1495/398/2 1496/396/2 1408/397/2
f 1495/398/2 1408/397/2 1409/399/2
f 1494/400/2 1495/398/2 1409/399/2
f 1494/400/2 1409/399/2 1410/401/2
f 1493/402/2 1494/400/2 1410/401/2
f 1493/402/2 1410/401/2 1411/403/2
f 1492/404/2 1493/402/2 1411/403/2
f 1492/404/2 1411/403/2 1412/405/2
f 1491/30/2 1492/404/2 1412/405/2
f 1491/30/2 1412/405/2 1413/406/2
f 1490/407/2 1491/30/2 1413/406/2
f 1490/407/2 1413/406/2 1414/408/2
f 1489/409/1 1490/407/1 1414/408/1
f 1488/410/2 1489/409/2 1415/411/2
f 1415/411/1 1489/409/1 1414/408/1
f 1488/410/2 1415/411/2 1416/412/2
f 1450/413/2 1451/415/2 1452/414/2
f 1449/416/2 1450/413/2 1452/414/2
f 1487/417/2 1488/410/2 1416/412/2
f 1449/416/2 1452/414/2 1453/418/2
f 1448/419/2 1449/416/2 1453/418/2
f 1448/419/2 1453/418/2 1454/420/2
f 1447/421/2 1448/419/2 1454/420/2
f 1447/421/2 1454/420/2 1455/422/2
f 1446/423/2 1447/421/2 1455/422/2
f 1446/423/2 1455/422/2 1456/424/2
f 1445/25/2 1446/423/2 1456/424/2
f 1445/25/2 1456/424/2 1457/425/2
f 1444/426/2 1445/25/2 1457/425/2
f 1444/426/2 1457/425/2 1458/427/2
f 1443/428/2 1444/426/2 1458/427/2
f 1443/428/2 1458/427/2 1459/429/2
f 1442/430/2 1443/428/2 1459/429/2
f 1442/430/2 1459/429/2 1460/431/2
f 1441/432/2 1442/430/2 1460/431/2
f 1441/432/2 1460/431/2 1461/433/2
f 1440/434/2 1441/432/2 1461/433/2
f 1440/434/2 1461/433/2 1462/435/2
f 1439/436/2 1440/434/2 1462/435/2
f 1439/436/2 1462/435/2 1463/437/2
f 1439/436/2 1463/437/2 1464/438/2
f 1487/417/2 1416/412/2 1417/439/2
f 1486/440/2 1487/417/2 1417/439/2
f 1439/436/2 1464/438/2 1465/441/2
f 1438/442/2 1439/436/2 1465/441/2
f 1486/440/2 1417/439/2 1418/443/2
f 1437/444/2 1438/442/2 1465/441/2
f 1485/445/2 1486/440/2 1418/443/2
f 1437/444/2 1465/441/2 1466/446/2
f 1485/445/2 1418/443/2 1419/447/2
f 1436/448/2 1437/444/2 1466/446/2
f 1485/445/2 1419/447/2 1420/449/2
f 1435/450/2 1436/448/2 1466/446/2
f 1435/450/2 1466/446/2 1467/451/2
f 1484/452/2 1485/445/2 1420/449/2
f 1484/452/2 1420/449/2 1421/453/2
f 1434/454/2 1435/450/2 1467/451/2
f 1484/452/2 1421/453/2 1422/132/2
f 1433/455/2 1434/454/2 1467/451/2
f 1433/455/2 1467/451/2 1468/61/2
f 1484/452/2 1422/132/2 1423/456/2
f 1483/457/2 1484/452/2 1423/456/2
f 1432/458/2 1433/455/2 1468/61/2
f 1483/457/2 1423/456/2 1424/459/2
f 1431/460/2 1432/458/2 1468/61/2
f 1483/457/2 1424/459/2 1425/461/2
f 1430/462/2 1431/460/2 1468/61/2
f 1483/457/2 1425/461/2 1426/463/2
f 1429/464/2 1430/462/2 1468/61/2
f 1483/457/2 1426/463/2 1427/465/2
f 1429/464/2 1468/61/2 1469/466/2
f 1428/467/2 1429/464/2 1469/466/2
f 1483/457/2 1427/465/2 1428/467/2
f 1483/457/2 1428/467/2 1469/466/2
f 1482/468/2 1483/457/2 1469/466/2
f 1482/468/2 1469/466/2 1470/469/2
f 1481/470/2 1482/468/2 1470/469/2
f 1481/470/2 1470/469/2 1471/471/2
f 1480/472/2 1481/470/2 1471/471/2
f 1480/472/2 1471/471/2 1472/473/2
f 1479/474/2 1480/472/2 1472/473/2
f 1479/474/2 1472/473/2 1473/475/2
f 1478/476/2 1479/474/2 1473/475/2
f 1478/476/2 1473/475/2 1474/477/2
f 1477/478/2 1478/476/2 1474/477/2
f 1477/478/2 1474/477/2 1475/479/2
f 1476/480/2 1477/478/2 1475/479/2
f 1731/481/2 1732/483/2 1733/482/2
f 1730/484/2 1731/481/2 1733/482/2
f 1730/484/2 1733/482/2 1734/485/2
f 1729/486/2 1730/484/2 1734/485/2
f 1729/486/2 1734/485/2 1735/487/2
f 1728/488/2 1729/486/2 1735/487/2
f 1728/488/2 1735/487/2 1736/489/2
f 1727/490/2 1728/488/2 1736/489/2
f 1727/490/2 1736/489/2 1737/491/2
f 1726/492/2 1727/490/2 1737/491/2
f 1726/492/2 1737/491/2 1738/493/2
f 1725/494/2 1726/492/2 1738/493/2
f 1725/494/2 1738/493/2 1739/495/2
f 1724/496/2 1725/494/2 1739/495/2
f 1724/496/2 1739/495/2 1740/497/2
f 1723/498/2 1724/496/2 1740/497/2
f 1723/498/2 1740/497/2 1741/499/2
f 1722/500/2 1723/498/2 1741/499/2
f 1722/500/2 1741/499/2 1742/501/2
f 1721/502/2 1722/500/2 1742/501/2
f 1721/502/2 1742/501/2 1743/503/2
f 1720/504/2 1721/502/2 1743/503/2
f 1720/504/2 1743/503/2 1744/505/2
f 1719/506/2 1720/504/2 1744/505/2
f 1719/506/2 1744/505/2 1745/507/2
f 1718/508/2 1719/506/2 1745/507/2
f 1718/508/2 1745/507/2 1746/509/2
f 1717/510/2 1718/508/2 1746/509/2
f 1717/510/2 1746/509/2 1747/511/2
f 1716/512/2 1717/510/2 1747/511/2
f 1716/512/2 1747/511/2 1748/513/2
f 1715/514/2 1716/512/2 1748/513/2
f 1715/514/2 1748/513/2 1749/515/2
f 1714/516/2 1715/514/2 1749/515/2
f 1714/516/2 1749/515/2 1750/517/2
f 1713/518/2 1714/516/2 1750/517/2
f 1713/518/2 1750/517/2 1751/519/2
f 1712/520/2 1713/518/2 1751/519/2
f 1712/520/2 1751/519/2 1752/521/2
f 1711/522/2 1712/520/2 1752/521/2
f 1711/522/2 1752/521/2 1753/523/2
f 1710/524/2 1711/522/2 1753/523/2
f 1710/524/2 1753/523/2 1754/525/2
f 1709/526/2 1710/524/2 1754/525/2
f 1709/526/2 1754/525/2 1755/527/2
f 1756/50/2 1709/526/2 1755/527/2
f 1540/528/2 1541/530/2 1542/529/2
f 1540/528/2 1542/529/2 1543/531/2
f 1539/532/2 1540/528/2 1543/531/2
f 1539/532/2 1543/531/2 1544/533/2
f 1538/534/2 1539/532/2 1544/533/2
f 1538/534/2 1544/533/2 1545/535/2
f 1538/534/2 1545/535/2 1546/536/2
f 1537/537/2 1538/534/2 1546/536/2
f 1537/537/2 1546/536/2 1547/538/2
f 1536/539/2 1537/537/2 1547/538/2
f 1536/539/2 1547/538/2 1548/540/2
f 1535/541/2 1536/539/2 1548/540/2
f 1535/541/2 1548/540/2 1549/542/2
f 1534/543/2 1535/541/2 1549/542/2
f 1534/543/2 1549/542/2 1550/544/2
f 1533/545/2 1534/543/2 1550/544/2
f 1533/545/2 1550/544/2 1551/546/2
f 1532/547/2 1533/545/2 1551/546/2
f 1532/547/2 1551/546/2 1552/548/2
f 1531/549/2 1532/547/2 1552/548/2
f 1531/549/2 1552/548/2 1553/550/2
f 1530/551/2 1531/549/2 1553/550/2
f 1529/552/2 1530/551/2 1553/550/2
f 1529/552/2 1553/550/2 1554/553/2
f 1528/554/2 1529/552/2 1554/553/2
f 1528/554/2 1554/553/2 1555/555/2
f 1527/556/2 1528/554/2 1555/555/2
f 1707/557/2 1708/558/2 1515/64/2
f 1706/559/2 1707/557/2 1515/64/2
f 1706/559/2 1515/64/2 1516/560/2
f 1527/556/2 1555/555/2 1556/561/2
f 1705/562/2 1706/559/2 1516/560/2
f 1526/563/2 1527/556/2 1556/561/2
f 1705/562/2 1516/560/2 1517/564/2
f 1705/562/2 1517/564/2 1518/565/2
f 1704/566/2 1705/562/2 1518/565/2
f 1525/567/2 1526/563/2 1556/561/2
f 1704/566/2 1518/565/2 1519/568/2
f 1525/567/2 1556/561/2 1557/569/2
f 1704/566/2 1519/568/2 1520/570/2
f 1524/571/2 1525/567/2 1557/569/2
f 1704/566/2 1520/570/2 1521/572/2
f 1703/573/2 1704/566/2 1521/572/2
f 1523/574/2 1524/571/2 1557/569/2
f 1703/573/2 1521/572/2 1522/575/2
f 1522/575/2 1523/574/2 1557/569/2
f 1703/573/2 1522/575/2 1557/569/2
f 1703/573/2 1557/569/2 1558/576/2
f 1702/577/2 1703/573/2 1558/576/2
f 1702/577/2 1558/576/2 1559/578/2
f 1702/577/2 1559/578/2 1560/579/2
f 1701/580/2 1702/577/2 1560/579/2
f 1701/580/2 1560/579/2 1561/581/2
f 1701/580/2 1561/581/2 1562/582/2
f 1700/583/2 1701/580/2 1562/582/2
f 1700/583/2 1562/582/2 1563/584/2
f 1699/585/2 1700/583/2 1563/584/2
f 1699/585/2 1563/584/2 1564/586/2
f 1698/587/2 1699/585/2 1564/586/2
f 1698/587/2 1564/586/2 1565/588/2
f 1697/589/2 1698/587/2 1565/588/2
f 1697/589/2 1565/588/2 1566/590/2
f 1696/591/2 1697/589/2 1566/590/2
f 1696/591/2 1566/590/2 1567/592/2
f 1695/593/2 1696/591/2 1567/592/2
f 1695/593/2 1567/592/2 1568/594/2
f 1694/595/2 1695/593/2 1568/594/2
f 1694/595/2 1568/594/2 1569/596/2
f 1693/597/2 1694/595/2 1569/596/2
f 1693/597/2 1569/596/2 1570/598/2
f 1692/599/2 1693/597/2 1570/598/2
f 1692/599/2 1570/598/2 1571/600/2
f 1691/601/2 1692/599/2 1571/600/2
f 1690/602/2 1691/601/2 1571/600/2
f 1690/602/2 1571/600/2 1572/603/2
f 1689/604/2 1690/602/2 1572/603/2
f 1688/605/2 1689/604/2 1572/603/2
f 1687/606/2 1688/605/2 1572/603/2
f 1687/606/2 1572/603/2 1573/607/2
f 1686/608/2 1687/606/2 1573/607/2
f 1685/609/2 1686/608/2 1573/607/2
f 1684/610/2 1685/609/2 1573/607/2
f 1683/611/2 1684/610/2 1573/607/2
f 1682/612/2 1683/611/2 1573/607/2
f 1681/613/2 1682/612/2 1573/607/2
f 1680/614/2 1681/613/2 1573/607/2
f 1679/615/2 1680/614/2 1573/607/2
f 1679/615/2 1573/607/2 1574/616/2
f 1678/617/2 1679/615/2 1574/616/2
f 1677/618/2 1678/617/2 1574/616/2
f 1676/619/2 1677/618/2 1574/616/2
f 1676/619/2 1574/616/2 1675/620/2
f 1675/620/2 1574/616/2 1575/621/2
f 1674/622/2 1675/620/2 1575/621/2
f 1673/623/2 1674/622/2 1575/621/2
f 1672/624/2 1673/623/2 1575/621/2
f 1671/625/2 1672/624/2 1575/621/2
f 1670/626/2 1671/625/2 1575/621/2
f 1670/626/2 1575/621/2 1576/627/2
f 1669/628/2 1670/626/2 1576/627/2
f 1669/628/2 1576/627/2 1577/629/2
f 1668/630/2 1669/628/2 1577/629/2
f 1668/630/2 1577/629/2 1578/631/2
f 1667/632/2 1668/630/2 1578/631/2
f 1667/632/2 1578/631/2 1579/633/2
f 1666/634/2 1667/632/2 1579/633/2
f 1666/634/2 1579/633/2 1580/635/2
f 1665/636/2 1666/634/2 1580/635/2
f 1665/636/2 1580/635/2 1581/637/2
f 1664/638/2 1665/636/2 1581/637/2
f 1664/638/2 1581/637/2 1582/639/2
f 1663/640/2 1664/638/2 1582/639/2
f 1663/640/2 1582/639/2 1583/641/2
f 1662/642/2 1663/640/2 1583/641/2
f 1662/642/2 1583/641/2 1584/643/2
f 1661/644/2 1662/642/2 1584/643/2
f 1661/644/2 1584/643/2 1585/645/2
f 1660/646/2 1661/644/2 1585/645/2
f 1660/646/2 1585/645/2 1586/647/2
f 1659/648/2 1660/646/2 1586/647/2
f 1659/648/2 1586/647/2 1587/649/2
f 1658/650/2 1659/648/2 1587/649/2
f 1658/650/2 1587/649/2 1588/651/2
f 1657/652/2 1658/650/2 1588/651/2
f 1657/652/2 1588/651/2 1589/653/2
f 1656/654/2 1657/652/2 1589/653/2
f 1656/654/2 1589/653/2 1590/655/2
f 1655/656/2 1656/654/2 1590/655/2
f 1655/656/2 1590/655/2 1591/657/2
f 1654/658/2 1655/656/2 1591/657/2
f 1654/658/2 1591/657/2 1592/659/2
f 1653/660/2 1654/658/2 1592/659/2
f 1653/660/2 1592/659/2 1593/661/2
f 1652/662/2 1653/660/2 1593/661/2
f 1652/662/2 1593/661/2 1594/663/2
f 1651/664/2 1652/662/2 1594/663/2
f 1651/664/2 1594/663/2 1595/665/2
f 1650/666/2 1651/664/2 1595/665/2
f 1650/666/2 1595/665/2 1596/667/2
f 1649/668/2 1650/666/2 1596/667/2
f 1649/668/2 1596/667/2 1597/669/2
f 1648/670/2 1649/668/2 1597/669/2
f 1648/670/2 1597/669/2 1598/671/2
f 1647/672/2 1648/670/2 1598/671/2
f 1647/672/2 1598/671/2 1599/673/2
f 1646/674/2 1647/672/2 1599/673/2
f 1646/674/2 1599/673/2 1600/675/2
f 1646/674/2 1600/675/2 1601/676/2
f 1645/677/2 1646/674/2 1601/676/2
f 1645/677/2 1601/676/2 1602/678/2
f 1644/679/2 1645/677/2 1602/678/2
f 1644/679/2 1602/678/2 1603/680/2
f 1643/681/2 1644/679/2 1603/680/2
f 1643/681/2 1603/680/2 1604/682/2
f 1642/683/2 1643/681/2 1604/682/2
f 1642/683/2 1604/682/2 1605/684/2
f 1641/685/2 1642/683/2 1605/684/2
f 1641/685/2 1605/684/2 1606/686/2
f 1640/687/2 1641/685/2 1606/686/2
f 1640/687/2 1606/686/2 1607/688/2
f 1639/689/2 1640/687/2 1623/690/2
f 1623/690/2 1640/687/2 1607/688/2
f 1639/689/2 1623/690/2 1624/691/2
f 1622/692/2 1623/690/2 1607/688/2
f 1639/689/2 1624/691/2 1625/693/2
f 1621/694/2 1622/692/2 1607/688/2
f 1639/689/2 1625/693/2 1626/695/2
f 1620/696/2 1621/694/2 1607/688/2
f 1639/689/2 1626/695/2 1627/697/2
f 1619/698/2 1620/696/2 1607/688/2
f 1619/698/2 1607/688/2 1608/699/2
f 1638/700/2 1639/689/2 1627/697/2
f 1638/700/2 1627/697/2 1628/701/2
f 1618/702/2 1619/698/2 1608/699/2
f 1638/700/2 1628/701/2 1629/703/2
f 1617/704/2 1618/702/2 1608/699/2
f 1638/700/2 1629/703/2 1630/705/2
f 1616/706/2 1617/704/2 1608/699/2
f 1638/700/2 1630/705/2 1631/707/2
f 1615/708/2 1616/706/2 1608/699/2
f 1615/708/2 1608/699/2 1609/709/2
f 1637/710/2 1638/700/2 1631/707/2
f 1637/710/2 1631/707/2 1632/711/2
f 1614/712/2 1615/708/2 1609/709/2
f 1637/710/2 1632/711/2 1633/713/2
f 1613/714/2 1614/712/2 1609/709/2
f 1637/710/2 1633/713/2 1634/715/2
f 1612/716/2 1613/714/2 1609/709/2
f 1612/716/2 1609/709/2 1610/717/2
f 1636/718/2 1637/710/2 1634/715/2
f 1636/718/2 1634/715/2 1635/719/2
f 1611/720/2 1612/716/2 1610/717/2
f 1975/721/2 1976/723/2 1977/722/2
f 1999/724/2 2000/726/2 2001/725/2
f 1975/721/2 1977/722/2 1978/727/2
f 1998/728/2 1999/724/2 2001/725/2
f 1998/728/2 2001/725/2 2002/729/2
f 1974/730/2 1975/721/2 1978/727/2
f 1974/730/2 1978/727/2 1979/731/2
f 1997/732/2 1998/728/2 2002/729/2
f 1974/730/2 1979/731/2 1980/733/2
f 1996/734/2 1997/732/2 2002/729/2
f 1996/734/2 2002/729/2 2003/735/2
f 1973/736/2 1974/730/2 1980/733/2
f 1973/736/2 1980/733/2 1981/737/2
f 1995/738/2 1996/734/2 2003/735/2
f 1973/736/2 1981/737/2 1982/739/2
f 1994/740/2 1995/738/2 2003/735/2
f 1994/740/2 2003/735/2 2004/741/2
f 1972/742/2 1973/736/2 1982/739/2
f 1972/742/2 1982/739/2 1983/743/2
f 1993/744/2 1994/740/2 2004/741/2
f 1972/742/2 1983/743/2 1984/745/2
f 1992/746/2 1993/744/2 2004/741/2
f 1992/746/2 2004/741/2 2005/747/2
f 1971/748/2 1972/742/2 1984/745/2
f 1971/748/2 1984/745/2 1985/749/2
f 1991/750/2 1992/746/2 2005/747/2
f 1971/748/2 1985/749/2 1986/751/2
f 1990/752/2 1991/750/2 2005/747/2
f 1971/748/2 1986/751/2 1987/753/2
f 1989/754/2 1990/752/2 2005/747/2
f 1971/748/2 1987/753/2 1988/755/2
f 1988/755/2 1989/754/2 2005/747/2
f 1971/748/2 1988/755/2 2005/747/2
f 1971/748/2 2005/747/2 2006/756/2
f 1970/757/2 1971/748/2 2006/756/2
f 1970/757/2 2006/756/2 2007/758/2
f 1969/759/2 1970/757/2 2007/758/2
f 1969/759/2 2007/758/2 2008/760/2
f 1968/761/2 1969/759/2 2008/760/2
f 1968/761/2 2008/760/2 2009/762/2
f 1967/763/2 1968/761/2 2009/762/2
f 1967/763/2 2009/762/2 2010/764/2
f 1966/765/2 1967/763/2 2010/764/2
f 1966/765/2 2010/764/2 2011/766/2
f 1965/767/2 1966/765/2 2011/766/2
f 1965/767/2 2011/766/2 2012/768/2
f 1964/769/2 1965/767/2 2012/768/2
f 1963/770/2 1964/769/2 2012/768/2
f 1963/770/2 2012/768/2 2013/771/2
f 1962/772/2 1963/770/2 2013/771/2
f 1962/772/2 2013/771/2 2014/773/2
f 1961/774/2 1962/772/2 2014/773/2
f 1961/774/2 2014/773/2 2015/775/2
f 1960/776/2 1961/774/2 2015/775/2
f 1960/776/2 2015/775/2 2016/777/2
f 1959/778/2 1960/776/2 2016/777/2
f 1959/778/2 2016/777/2 2017/779/2
f 1958/780/2 1959/778/2 1904/781/2
f 1904/781/2 1959/778/2 2017/779/2
f 1904/781/2 2017/779/2 1781/782/2
f 1781/782/2 2017/779/2 1780/783/2
f 1780/783/2 2017/779/2 2018/784/2
f 1958/780/2 1904/781/2 1905/785/2
f 1903/786/1 1904/781/1 1781/782/1
f 1902/787/2 1903/786/2 1781/782/2
f 1902/787/2 1781/782/2 1782/788/2
f 1779/789/2 1780/783/2 2018/784/2
f 1901/790/2 1902/787/2 1782/788/2
f 1901/790/2 1782/788/2 1783/791/2
f 1900/792/2 1901/790/2 1783/791/2
f 1900/792/2 1783/791/2 1784/793/2
f 1958/780/2 1905/785/2 1906/794/2
f 1778/795/2 1779/789/2 2018/784/2
f 1899/796/2 1900/792/2 1784/793/2
f 1899/796/2 1784/793/2 1785/797/2
f 1958/780/2 1906/794/2 1907/798/2
f 1777/799/2 1778/795/2 2018/784/2
f 1898/800/2 1899/796/2 1785/797/2
f 1898/800/2 1785/797/2 1786/801/2
f 1957/802/2 1958/780/2 1907/798/2
f 1777/799/2 2018/784/2 2019/803/2
f 1897/804/2 1898/800/2 1786/801/2
f 1897/804/2 1786/801/2 1787/805/2
f 1776/806/2 1777/799/2 2019/803/2
f 1957/802/2 1907/798/2 1908/807/2
f 1896/808/2 1897/804/2 1787/805/2
f 1896/808/2 1787/805/2 1788/809/2
f 1956/810/2 1957/802/2 1908/807/2
f 1776/806/2 2019/803/2 2020/811/2
f 1895/812/2 1896/808/2 1788/809/2
f 1895/812/2 1788/809/2 1789/813/2
f 1775/814/2 1776/806/2 2020/811/2
f 1956/810/2 1908/807/2 1909/815/2
f 1955/816/2 1956/810/2 1909/815/2
f 1775/814/2 2020/811/2 2021/817/2
f 1894/818/2 1895/812/2 1789/813/2
f 1894/818/2 1789/813/2 1790/819/2
f 1954/820/2 1955/816/2 1909/815/2
f 1775/814/2 2021/817/2 2022/821/2
f 1774/822/2 1775/814/2 2022/821/2
f 1954/820/2 1909/815/2 1910/823/2
f 1893/824/2 1894/818/2 1790/819/2
f 1893/824/2 1790/819/2 1791/825/2
f 1953/826/2 1954/820/2 1910/823/2
f 1774/822/2 2022/821/2 2023/827/2
f 1892/828/2 1893/824/2 1791/825/2
f 1892/828/2 1791/825/2 1792/829/2
f 1773/830/2 1774/822/2 2023/827/2
f 1953/826/2 1910/823/2 1911/831/2
f 1952/832/2 1953/826/2 1911/831/2
f 1773/830/2 2023/827/2 2024/833/2
f 1891/834/2 1892/828/2 1792/829/2
f 1891/834/2 1792/829/2 1793/835/2
f 1951/836/2 1952/832/2 1911/831/2
f 1773/830/2 2024/833/2 2025/837/2
f 1772/838/2 1773/830/2 2025/837/2
f 1951/836/2 1911/831/2 1912/839/2
f 1890/840/2 1891/834/2 1793/835/2
f 1890/840/2 1793/835/2 1794/841/2
f 1772/838/2 2025/837/2 2026/842/2
f 1950/843/2 1951/836/2 1912/839/2
f 1772/838/2 2026/842/2 2027/844/2
f 1949/845/2 1950/843/2 1912/839/2
f 1771/846/2 1772/838/2 2027/844/2
f 1949/845/2 1912/839/2 1913/847/2
f 1771/846/2 2027/844/2 2028/848/2
f 1948/849/2 1949/845/2 1913/847/2
f 1771/846/2 2028/848/2 2029/850/2
f 1947/851/2 1948/849/2 1913/847/2
f 1770/852/2 1771/846/2 2029/850/2
f 1947/851/2 1913/847/2 1914/853/2
f 1770/852/2 2029/850/2 2030/854/2
f 1946/855/2 1947/851/2 1914/853/2
f 1770/852/2 2030/854/2 2031/856/2
f 1945/857/2 1946/855/2 1914/853/2
f 1769/858/2 1770/852/2 2031/856/2
f 1945/857/2 1914/853/2 1915/859/2
f 1769/858/2 2031/856/2 2032/860/2
f 1944/861/2 1945/857/2 1915/859/2
f 1769/858/2 2032/860/2 2033/862/2
f 1943/863/2 1944/861/2 1915/859/2
f 1769/858/2 2033/862/2 2034/864/2
f 1942/865/2 1943/863/2 1915/859/2
f 1768/866/2 1769/858/2 2034/864/2
f 1942/865/2 1915/859/2 1916/867/2
f 1768/866/2 2034/864/2 2035/868/2
f 1941/869/2 1942/865/2 1916/867/2
f 1768/866/2 2035/868/2 2036/870/2
f 1940/871/2 1941/869/2 1916/867/2
f 1939/872/2 1940/871/2 1916/867/2
f 1768/866/2 2036/870/2 2037/873/2
f 1938/874/2 1939/872/2 1916/867/2
f 1768/866/2 2037/873/2 2038/875/2
f 1938/874/2 1916/867/2 1917/876/2
f 1767/877/2 1768/866/2 2038/875/2
f 1937/878/2 1938/874/2 1917/876/2
f 1767/877/2 2038/875/2 2039/879/2
f 1766/880/2 1767/877/2 2039/879/2
f 1937/878/2 1917/876/2 1918/881/2
f 1936/882/2 1937/878/2 1918/881/2
f 1766/880/2 2039/879/2 2040/883/2
f 1765/884/2 1766/880/2 2040/883/2
f 1936/882/2 1918/881/2 1919/885/2
f 1935/886/2 1936/882/2 1919/885/2
f 1765/884/2 2040/883/2 2041/887/2
f 1764/888/2 1765/884/2 2041/887/2
f 1935/886/2 1919/885/2 1920/889/2
f 1934/890/2 1935/886/2 1920/889/2
f 1764/888/2 2041/887/2 2042/891/2
f 1763/892/2 1764/888/2 2042/891/2
f 1934/890/2 1920/889/2 1921/893/2
f 1933/894/2 1934/890/2 1921/893/2
f 1763/892/2 2042/891/2 2043/895/2
f 1762/896/2 1763/892/2 2043/895/2
f 1933/894/2 1921/893/2 1922/897/2
f 1932/898/2 1933/894/2 1922/897/2
f 1762/896/2 2043/895/2 2044/899/2
f 1761/900/2 1762/896/2 2044/899/2
f 1932/898/2 1922/897/2 1923/901/2
f 1931/902/2 1932/898/2 1923/901/2
f 1761/900/2 2044/899/2 2045/903/2
f 1760/904/2 1761/900/2 2045/903/2
f 1931/902/2 1923/901/2 1924/905/2
f 1930/906/2 1931/902/2 1924/905/2
f 1760/904/2 2045/903/2 2046/907/2
f 1759/908/2 1760/904/2 2046/907/2
f 1930/906/2 1924/905/2 1925/909/2
f 1929/910/2 1930/906/2 1925/909/2
f 1759/908/2 2046/907/2 2047/911/2
f 1758/912/2 1759/908/2 2047/911/2
f 1929/910/2 1925/909/2 1926/913/2
f 1928/914/2 1929/910/2 1926/913/2
f 1758/912/2 2047/911/2 2048/50/2
f 1757/64/2 1758/912/2 2048/50/2
f 1928/914/2 1926/913/2 1927/915/2
f 1889/916/2 1890/840/2 1794/841/2
f 1889/916/2 1794/841/2 1795/917/2
f 1888/918/2 1889/916/2 1795/917/2
f 1888/918/2 1795/917/2 1796/919/2
f 1887/920/2 1888/918/2 1796/919/2
f 1887/920/2 1796/919/2 1797/921/2
f 1886/922/2 1887/920/2 1797/921/2
f 1886/922/2 1797/921/2 1798/923/2
f 1885/924/2 1886/922/2 1798/923/2
f 1885/924/2 1798/923/2 1799/925/2
f 1884/926/2 1885/924/2 1799/925/2
f 1884/926/2 1799/925/2 1800/927/2
f 1883/928/2 1884/926/2 1800/927/2
f 1883/928/2 1800/927/2 1801/929/2
f 1882/930/2 1883/928/2 1801/929/2
f 1882/930/2 1801/929/2 1802/931/2
f 1881/932/2 1882/930/2 1802/931/2
f 1881/932/2 1802/931/2 1803/933/2
f 1880/934/2 1881/932/2 1803/933/2
f 1880/934/2 1803/933/2 1804/935/2
f 1879/936/2 1880/934/2 1804/935/2
f 1879/936/2 1804/935/2 1805/937/2
f 1878/938/2 1879/936/2 1805/937/2
f 1878/938/2 1805/937/2 1806/939/2
f 1877/940/2 1878/938/2 1806/939/2
f 1877/940/2 1806/939/2 1807/941/2
f 1876/942/2 1877/940/2 1807/941/2
f 1876/942/2 1807/941/2 1808/943/2
f 1875/944/2 1876/942/2 1808/943/2
f 1875/944/2 1808/943/2 1809/945/2
f 1874/946/2 1875/944/2 1809/945/2
f 1874/946/2 1809/945/2 1810/947/2
f 1873/948/2 1874/946/2 1810/947/2
f 1873/948/2 1810/947/2 1811/949/2
f 1872/950/2 1873/948/2 1811/949/2
f 1872/950/2 1811/949/2 1812/951/2
f 1871/952/2 1872/950/2 1812/951/2
f 1871/952/2 1812/951/2 1813/953/2
f 1870/954/2 1871/952/2 1813/953/2
f 1870/954/2 1813/953/2 1814/955/2
f 1869/956/2 1870/954/2 1814/955/2
f 1869/956/2 1814/955/2 1815/957/2
f 1868/958/2 1869/956/2 1815/957/2
f 1868/958/2 1815/957/2 1816/959/2
f 1867/960/2 1868/958/2 1816/959/2
f 1867/960/2 1816/959/2 1817/961/2
f 1866/962/2 1867/960/2 1817/961/2
f 1866/962/2 1817/961/2 1818/963/2
f 1865/964/2 1866/962/2 1818/963/2
f 1865/964/2 1818/963/2 1819/965/2
f 1865/964/2 1819/965/2 1820/966/2
f 1864/967/2 1865/964/2 1820/966/2
f 1864/967/2 1820/966/2 1821/968/2
f 1863/969/2 1864/967/2 1821/968/2
f 1863/969/2 1821/968/2 1822/970/2
f 1862/971/2 1863/969/2 1822/970/2
f 1862/971/2 1822/970/2 1823/972/2
f 1861/973/2 1862/971/2 1823/972/2
f 1861/973/2 1823/972/2 1824/974/2
f 1860/975/2 1861/973/2 1824/974/2
f 1860/975/2 1824/974/2 1825/976/2
f 1859/977/2 1860/975/2 1825/976/2
f 1859/977/2 1825/976/2 1826/978/2
f 1858/979/2 1859/977/2 1842/980/2
f 1842/980/2 1859/977/2 1826/978/2
f 1858/979/2 1842/980/2 1843/981/2
f 1841/982/2 1842/980/2 1826/978/2
f 1858/979/2 1843/981/2 1844/983/2
f 1840/984/2 1841/982/2 1826/978/2
f 1858/979/2 1844/983/2 1845/985/2
f 1839/986/2 1840/984/2 1826/978/2
f 1858/979/2 1845/985/2 1846/987/2
f 1838/988/2 1839/986/2 1826/978/2
f 1838/988/2 1826/978/2 1827/989/2
f 1857/990/2 1858/979/2 1846/987/2
f 1857/990/2 1846/987/2 1847/991/2
f 1837/992/2 1838/988/2 1827/989/2
f 1857/990/2 1847/991/2 1848/993/2
f 1836/994/2 1837/992/2 1827/989/2
f 1857/990/2 1848/993/2 1849/995/2
f 1835/996/2 1836/994/2 1827/989/2
f 1857/990/2 1849/995/2 1850/997/2
f 1834/998/2 1835/996/2 1827/989/2
f 1834/998/2 1827/989/2 1828/999/2
f 1856/1000/2 1857/990/2 1850/997/2
f 1856/1000/2 1850/997/2 1851/1001/2
f 1833/1002/2 1834/998/2 1828/999/2
f 1856/1000/2 1851/1001/2 1852/1003/2
f 1832/1004/2 1833/1002/2 1828/999/2
f 1856/1000/2 1852/1003/2 1853/1005/2
f 1831/1006/2 1832/1004/2 1828/999/2
f 1831/1006/2 1828/999/2 1829/1007/2
f 1855/1008/2 1856/1000/2 1853/1005/2
f 1855/1008/2 1853/1005/2 1854/1009/2
f 1830/1010/2 1831/1006/2 1829/1007/2
s 1
f 2050/1011/3 2052/1012/4 2051/1013/4 2049/64/3
f 2052/1012/4 2054/1014/5 2053/1015/5 2051/1013/4
f 2054/1014/5 2056/1016/6 2055/1017/6 2053/1015/5
f 2056/1016/6 2058/1018/7 2057/1019/7 2055/1017/6
f 2058/1018/7 2060/1020/8 2059/1021/8 2057/1019/7
f 2060/1020/8 2062/1022/9 2061/1023/9 2059/1021/8
f 2062/1022/9 2064/1024/10 2063/1025/10 2061/1023/9
f 2064/1024/10 2066/1026/11 2065/1027/11 2063/1025/10
f 2066/1026/11 2068/1028/12 2067/1029/12 2065/1027/11
f 2068/1028/12 2070/1030/13 2069/1031/13 2067/1029/12
f 2070/1030/13 2072/1032/14 2071/1033/14 2069/1031/13
f 2072/1032/14 2074/1034/15 2073/1035/15 2071/1033/14
f 2074/1034/15 2076/1036/16 2075/1037/16 2073/1035/15
f 2076/1036/16 2078/1038/17 2077/1039/17 2075/1037/16
f 2078/1038/17 2080/1040/18 2079/1041/18 2077/1039/17
f 2080/1040/18 2082/1042/19 2081/1043/19 2079/1041/18
f 2082/1042/19 2084/1044/20 2083/1045/20 2081/1043/19
f 2084/1044/20 2086/1046/21 2085/1047/21 2083/1045/20
f 2086/1046/21 2088/1048/22 2087/1049/22 2085/1047/21
f 2088/1048/22 2090/1050/23 2089/1051/23 2087/1049/22
f 2090/1050/23 2092/1052/24 2091/1053/24 2089/1051/23
f 2092/1052/24 2094/1054/25 2093/1055/25 2091/1053/24
f 2094/1054/25 2096/1056/26 2095/1057/26 2093/1055/25
f 2096/1056/26 2098/1058/27 2097/1059/27 2095/1057/26
f 2098/1058/27 2100/1060/28 2099/1061/28 2097/1059/27
f 2100/1060/28 2102/1062/29 2101/1063/29 2099/1061/28
f 2102/1062/29 2104/1064/30 2103/1065/30 2101/1063/29
f 2104/1064/30 2106/1066/31 2105/1067/31 2103/1065/30
f 2106/1066/31 2108/1068/32 2107/1069/32 2105/1067/31
f 2108/1068/32 2110/1070/33 2109/1071/33 2107/1069/32
f 2110/1070/33 2112/1072/34 2111/1073/34 2109/1071/33
f 2112/1072/34 2114/1074/35 2113/1075/35 2111/1073/34
f 2114/1074/35 2116/1076/36 2115/1077/36 2113/1075/35
f 2116/1076/36 2118/1078/37 2117/1079/37 2115/1077/36
f 2118/1078/37 2120/1080/38 2119/1081/38 2117/1079/37
f 2120/1080/38 2122/1082/39 2121/1083/39 2119/1081/38
f 2122/1082/39 2124/1084/40 2123/1085/40 2121/1083/39
f 2124/1084/40 2126/1086/41 2125/1087/41 2123/1085/40
f 2126/1086/41 2128/1088/42 2127/1089/42 2125/1087/41
f 2128/1088/42 2130/1090/43 2129/1091/43 2127/1089/42
f 2130/1090/43 2132/1092/44 2131/1093/44 2129/1091/43
f 2132/1092/44 2134/1094/45 2133/1095/45 2131/1093/44
f 2134/1094/45 2136/1096/46 2135/1097/46 2133/1095/45
f 2136/1096/46 2138/1098/47 2137/1099/47 2135/1097/46
f 2138/1098/47 2140/1100/48 2139/1101/48 2137/1099/47
f 2140/1100/48 2142/1102/49 2141/1103/49 2139/1101/48
f 2142/1102/49 2144/1104/50 2143/1105/50 2141/1103/49
f 2144/1104/50 2146/1106/51 2145/1107/51 2143/1105/50
f 2146/1106/51 2148/1108/52 2147/1109/52 2145/1107/51
f 2148/1108/52 2150/1110/53 2149/1111/53 2147/1109/52
f 2150/1110/53 2152/1112/54 2151/1113/54 2149/1111/53
f 2152/1112/54 2154/1114/55 2153/1115/55 2151/1113/54
f 2154/1114/55 2156/1116/56 2155/1117/56 2153/1115/55
f 2156/1116/56 2158/1118/57 2157/1119/57 2155/1117/56
f 2158/1118/57 2160/1120/58 2159/1121/58 2157/1119/57
f 2160/1120/58 2162/1122/59 2161/1123/59 2159/1121/58
f 2162/1122/59 2164/1124/60 2163/1125/60 2161/1123/59
f 2164/1124/60 2166/1126/61 2165/1127/61 2163/1125/60
f 2166/1126/61 2168/1128/62 2167/1129/62 2165/1127/61
f 2168/1128/62 2170/1130/63 2169/1131/63 2167/1129/62
f 2170/1130/63 2172/1132/64 2171/1133/64 2169/1131/63
f 2172/1132/64 2174/1134/65 2173/1135/65 2171/1133/64
f 2174/1134/65 2176/1136/66 2175/1137/66 2173/1135/65
f 2176/1136/66 2178/1138/67 2177/1139/67 2175/1137/66
f 2178/1138/67 2180/1140/68 2179/1141/68 2177/1139/67
f 2180/1140/68 2182/1142/69 2181/1143/69 2179/1141/68
f 2182/1142/69 2184/1144/70 2183/1145/70 2181/1143/69
f 2184/1144/70 2186/1146/71 2185/1147/71 2183/1145/70
f 2186/1146/71 2188/1148/72 2187/1149/72 2185/1147/71
f 2188/1148/72 2190/1150/73 2189/1151/73 2187/1149/72
f 2190/1150/73 2192/1152/74 2191/1153/74 2189/1151/73
f 2192/1152/74 2194/1154/75 2193/1155/75 2191/1153/74
f 2194/1154/75 2196/1156/76 2195/1157/76 2193/1155/75
f 2196/1156/76 2198/1158/77 2197/1159/77 2195/1157/76
f 2198/1158/77 2200/1160/78 2199/1161/78 2197/1159/77
f 2200/1160/78 2202/1162/79 2201/1163/79 2199/1161/78
f 2202/1162/79 2204/1164/80 2203/1165/80 2201/1163/79
f 2204/1164/80 2206/1166/81 2205/1167/81 2203/1165/80
f 2206/1166/81 2208/1168/82 2207/1169/82 2205/1167/81
f 2208/1168/82 2210/1170/83 2209/1171/83 2207/1169/82
f 2210/1170/83 2212/1172/84 2211/1173/84 2209/1171/83
f 2212/1172/84 2214/1174/85 2213/1175/85 2211/1173/84
f 2214/1174/85 2216/1176/86 2215/1177/86 2213/1175/85
f 2216/1176/86 2218/1178/87 2217/1179/87 2215/1177/86
f 2218/1178/87 2220/1180/88 2219/1181/88 2217/1179/87
f 2220/1180/88 2222/1182/89 2221/1183/89 2219/1181/88
f 2222/1182/89 2224/1184/90 2223/1185/90 2221/1183/89
f 2224/1184/90 2226/1186/91 2225/1187/91 2223/1185/90
f 2226/1186/91 2228/1188/92 2227/1189/92 2225/1187/91
f 2228/1188/92 2230/1190/93 2229/1191/93 2227/1189/92
f 2230/1190/93 2232/1192/94 2231/1193/94 2229/1191/93
f 2232/1192/94 2234/1194/95 2233/1195/95 2231/1193/94
f 2234/1194/95 2236/1196/96 2235/1197/96 2233/1195/95
f 2236/1196/96 2238/1198/97 2237/1199/97 2235/1197/96
f 2238/1198/97 2240/1200/98 2239/1201/98 2237/1199/97
f 2240/1200/98 2242/1202/99 2241/1203/99 2239/1201/98
f 2242/1202/99 2244/1204/100 2243/1205/100 2241/1203/99
f 2244/1204/100 2246/1206/101 2245/1207/101 2243/1205/100
f 2246/1206/101 2248/1208/102 2247/1209/102 2245/1207/101
f 2248/1208/102 2250/1210/103 2249/1211/103 2247/1209/102
f 2250/1210/103 2252/1212/104 2251/1213/104 2249/1211/103
f 2252/1212/104 2254/1214/105 2253/1215/105 2251/1213/104
f 2254/1214/105 2256/1216/106 2255/1217/106 2253/1215/105
f 2256/1216/106 2258/1218/107 2257/1219/107 2255/1217/106
f 2258/1218/107 2260/1220/108 2259/1221/108 2257/1219/107
f 2260/1220/108 2262/1222/109 2261/1223/109 2259/1221/108
f 2262/1222/109 2264/1224/110 2263/1225/110 2261/1223/109
f 2264/1224/110 2266/1226/111 2265/1227/111 2263/1225/110
f 2266/1226/111 2268/1228/112 2267/1229/112 2265/1227/111
f 2268/1228/112 2270/1230/113 2269/1231/113 2267/1229/112
f 2270/1230/113 2272/1232/114 2271/1233/114 2269/1231/113
f 2272/1232/114 2274/1234/115 2273/1235/115 2271/1233/114
f 2274/1234/115 2276/1236/116 2275/1237/116 2273/1235/115
f 2276/1236/116 2278/1238/117 2277/1239/117 2275/1237/116
f 2278/1238/117 2280/1240/118 2279/1241/118 2277/1239/117
f 2280/1240/118 2282/1242/119 2281/1243/119 2279/1241/118
f 2282/1242/119 2284/1244/120 2283/1245/120 2281/1243/119
f 2284/1244/120 2286/1246/121 2285/1247/121 2283/1245/120
f 2286/1246/121 2288/1248/122 2287/1249/122 2285/1247/121
f 2288/1248/122 2290/1250/123 2289/1251/123 2287/1249/122
f 2290/1250/123 2292/1252/124 2291/1253/124 2289/1251/123
f 2292/1252/124 2294/1254/125 2293/1255/125 2291/1253/124
f 2294/1254/125 2296/1256/126 2295/1257/126 2293/1255/125
f 2296/1256/126 2298/1258/127 2297/1259/127 2295/1257/126
f 2298/1258/127 2300/1260/128 2299/1261/128 2297/1259/127
f 2300/1260/128 2302/1262/129 2301/1263/129 2299/1261/128
f 2302/1262/129 2304/1264/130 2303/1265/130 2301/1263/129
f 2304/1264/130 2306/1266/131 2305/1267/131 2303/1265/130
f 2306/1266/131 2308/1268/132 2307/1269/132 2305/1267/131
f 2308/1268/132 2310/1270/133 2309/1271/133 2307/1269/132
f 2310/1270/133 2312/1272/134 2311/1273/134 2309/1271/133
f 2312/1272/134 2314/1274/135 2313/1275/135 2311/1273/134
f 2314/1274/135 2316/1276/136 2315/1277/136 2313/1275/135
f 2316/1276/136 2318/1278/137 2317/1279/137 2315/1277/136
f 2318/1278/137 2320/1280/138 2319/1281/138 2317/1279/137
f 2320/1280/138 2322/1282/139 2321/1283/139 2319/1281/138
f 2322/1282/139 2324/1284/140 2323/1285/140 2321/1283/139
f 2324/1284/140 2326/1286/141 2325/1287/141 2323/1285/140
f 2326/1286/141 2328/1288/142 2327/1289/142 2325/1287/141
f 2328/1288/142 2330/1290/143 2329/1291/143 2327/1289/142
f 2330/1290/143 2332/1292/144 2331/1293/144 2329/1291/143
f 2332/1292/144 2334/1294/145 2333/1295/145 2331/1293/144
f 2334/1294/145 2336/1296/146 2335/1297/146 2333/1295/145
f 2336/1296/146 2338/1298/147 2337/1299/147 2335/1297/146
f 2338/1298/147 2340/1300/148 2339/1301/148 2337/1299/147
f 2340/1300/148 2342/1302/149 2341/1303/149 2339/1301/148
f 2342/1302/149 2344/1304/150 2343/1305/150 2341/1303/149
f 2344/1304/150 2346/1306/151 2345/1307/151 2343/1305/150
f 2346/1306/151 2348/1308/152 2347/1309/152 2345/1307/151
f 2348/1308/152 2350/1310/153 2349/1311/153 2347/1309/152
f 2350/1310/153 2352/1312/154 2351/1313/154 2349/1311/153
f 2352/1312/154 2354/1314/155 2353/1315/155 2351/1313/154
f 2354/1314/155 2356/1316/156 2355/1317/156 2353/1315/155
f 2356/1316/156 2358/1318/157 2357/1319/157 2355/1317/156
f 2358/1318/157 2360/1320/158 2359/1321/158 2357/1319/157
f 2360/1320/158 2362/1322/159 2361/1323/159 2359/1321/158
f 2362/1322/159 2364/1324/160 2363/1325/160 2361/1323/159
f 2364/1324/160 2366/1326/161 2365/1327/161 2363/1325/160
f 2366/1326/161 2368/1328/162 2367/1329/162 2365/1327/161
f 2368/1328/162 2370/1330/163 2369/1331/163 2367/1329/162
f 2370/1330/163 2372/1332/164 2371/1333/164 2369/1331/163
f 2372/1332/164 2374/1334/165 2373/1335/165 2371/1333/164
f 2374/1334/165 2376/1336/166 2375/1337/166 2373/1335/165
f 2376/1336/166 2378/1338/167 2377/1339/167 2375/1337/166
f 2378/1338/167 2380/1340/168 2379/1341/168 2377/1339/167
f 2380/1340/168 2382/1342/169 2381/1343/169 2379/1341/168
f 2382/1342/169 2384/1344/170 2383/1345/170 2381/1343/169
f 2384/1344/170 2386/1346/171 2385/1347/171 2383/1345/170
f 2386/1346/171 2388/1348/172 2387/1349/172 2385/1347/171
f 2388/1348/172 2390/1350/173 2389/1351/173 2387/1349/172
f 2390/1350/173 2392/1352/174 2391/1353/174 2389/1351/173
f 2392/1352/174 2394/1354/175 2393/1355/175 2391/1353/174
f 2394/1354/175 2396/1356/176 2395/1357/176 2393/1355/175
f 2396/1356/176 2398/1358/177 2397/1359/177 2395/1357/176
f 2398/1358/177 2400/1360/178 2399/1361/178 2397/1359/177
f 2400/1360/178 2402/1362/179 2401/1363/179 2399/1361/178
f 2402/1362/179 2404/1364/180 2403/1365/180 2401/1363/179
f 2404/1364/180 2406/1366/181 2405/1367/181 2403/1365/180
f 2406/1366/181 2408/1368/182 2407/1369/182 2405/1367/181
f 2408/1368/182 2410/1370/183 2409/1371/183 2407/1369/182
f 2410/1370/183 2412/1372/184 2411/1373/184 2409/1371/183
f 2412/1372/184 2414/1374/185 2413/1375/185 2411/1373/184
f 2414/1374/185 2416/1376/186 2415/1377/186 2413/1375/185
f 2416/1376/186 2418/1378/187 2417/1379/187 2415/1377/186
f 2418/1378/187 2420/1380/188 2419/1381/188 2417/1379/187
f 2420/1380/188 2422/1382/189 2421/1383/189 2419/1381/188
f 2422/1382/189 2424/1384/190 2423/1385/190 2421/1383/189
f 2424/1384/190 2426/1386/191 2425/1387/191 2423/1385/190
f 2426/1386/191 2428/1388/192 2427/1389/192 2425/1387/191
f 2428/1388/192 2430/1390/193 2429/1391/193 2427/1389/192
f 2430/1390/193 2432/1392/194 2431/1393/194 2429/1391/193
f 2432/1392/194 2434/1394/195 2433/1395/195 2431/1393/194
f 2434/1394/195 2436/1396/196 2435/1397/196 2433/1395/195
f 2436/1396/196 2438/1398/197 2437/1399/197 2435/1397/196
f 2438/1398/197 2440/1400/198 2439/1401/198 2437/1399/197
f 2440/1400/198 2442/1402/199 2441/1403/199 2439/1401/198
f 2442/1402/199 2444/1404/200 2443/1405/200 2441/1403/199
f 2444/1404/200 2446/1406/201 2445/1407/201 2443/1405/200
f 2446/1406/201 2448/1408/202 2447/1409/202 2445/1407/201
f 2448/1408/202 2450/1410/203 2449/1411/203 2447/1409/202
f 2450/1410/203 2452/1412/204 2451/1413/204 2449/1411/203
f 2452/1412/204 2454/1414/205 2453/1415/205 2451/1413/204
f 2454/1414/205 2456/1416/206 2455/1417/206 2453/1415/205
f 2456/1416/206 2458/1418/207 2457/1419/207 2455/1417/206
f 2458/1418/207 2460/1420/208 2459/1421/208 2457/1419/207
f 2460/1420/208 2462/1422/209 2461/1423/209 2459/1421/208
f 2462/1422/209 2464/1424/210 2463/1425/210 2461/1423/209
f 2464/1424/210 2466/1426/211 2465/1427/211 2463/1425/210
f 2466/1426/211 2468/1428/212 2467/1429/212 2465/1427/211
f 2468/1428/212 2470/1430/213 2469/1431/213 2467/1429/212
f 2470/1430/213 2472/1432/214 2471/1433/214 2469/1431/213
f 2472/1432/214 2474/1434/215 2473/1435/215 2471/1433/214
f 2474/1434/215 2476/1436/216 2475/1437/216 2473/1435/215
f 2476/1436/216 2478/1438/217 2477/1439/217 2475/1437/216
f 2478/1438/217 2480/1440/218 2479/1441/218 2477/1439/217
f 2480/1440/218 2482/1442/219 2481/1443/219 2479/1441/218
f 2482/1442/219 2484/1444/220 2483/1445/220 2481/1443/219
f 2484/1444/220 2486/1446/221 2485/1447/221 2483/1445/220
f 2486/1446/221 2488/1448/222 2487/1449/222 2485/1447/221
f 2488/1448/222 2490/1450/223 2489/1451/223 2487/1449/222
f 2490/1450/223 2492/1452/224 2491/1453/224 2489/1451/223
f 2492/1452/224 2494/1454/225 2493/1455/225 2491/1453/224
f 2494/1454/225 2496/1456/226 2495/1457/226 2493/1455/225
f 2496/1456/226 2498/1458/227 2497/1459/227 2495/1457/226
f 2498/1458/227 2500/1460/228 2499/1461/228 2497/1459/227
f 2500/1460/228 2502/1462/229 2501/1463/229 2499/1461/228
f 2502/1462/229 2504/1464/230 2503/1465/230 2501/1463/229
f 2504/1464/230 2506/1466/231 2505/1467/231 2503/1465/230
f 2506/1466/231 2508/1468/232 2507/1469/232 2505/1467/231
f 2508/1468/232 2510/1470/233 2509/1471/233 2507/1469/232
f 2510/1470/233 2512/1472/234 2511/1473/234 2509/1471/233
f 2512/1472/234 2514/1474/235 2513/1475/235 2511/1473/234
f 2514/1474/235 2516/1476/236 2515/1477/236 2513/1475/235
f 2516/1476/236 2518/1478/237 2517/1479/237 2515/1477/236
f 2518/1478/237 2520/1480/238 2519/1481/238 2517/1479/237
f 2520/1480/238 2522/1482/239 2521/1483/239 2519/1481/238
f 2522/1482/239 2524/1484/240 2523/1485/240 2521/1483/239
f 2524/1484/240 2526/1486/241 2525/1487/241 2523/1485/240
f 2526/1486/241 2528/1488/242 2527/1489/242 2525/1487/241
f 2528/1488/242 2530/1490/243 2529/1491/243 2527/1489/242
f 2530/1490/243 2532/1492/244 2531/1493/244 2529/1491/243
f 2532/1492/244 2534/1494/245 2533/1495/245 2531/1493/244
f 2534/1494/245 2536/1496/246 2535/1497/246 2533/1495/245
f 2536/1496/246 2538/1498/247 2537/1499/247 2535/1497/246
f 2538/1498/247 2540/1500/248 2539/1501/248 2537/1499/247
f 2540/1500/248 2542/1502/249 2541/1503/249 2539/1501/248
f 2542/1502/249 2544/1504/250 2543/1505/250 2541/1503/249
f 2544/1504/250 2546/1506/251 2545/1507/251 2543/1505/250
f 2546/1506/251 2548/1508/252 2547/1509/252 2545/1507/251
f 2548/1508/252 2550/1510/253 2549/1511/253 2547/1509/252
f 2550/1510/253 2552/1512/254 2551/1513/254 2549/1511/253
f 2552/1512/254 2554/1514/255 2553/1515/255 2551/1513/254
f 2554/1514/255 2556/1516/256 2555/1517/256 2553/1515/255
f 2556/1516/256 2558/1518/257 2557/1519/257 2555/1517/256
f 2558/1518/257 2560/1520/258 2559/1521/258 2557/1519/257
f 2560/1520/258 2562/1522/259 2561/1523/259 2559/1521/258
f 2562/1522/259 2564/1524/260 2563/1525/260 2561/1523/259
f 2564/1524/260 2566/1526/261 2565/1527/261 2563/1525/260
f 2566/1526/261 2568/1528/262 2567/1529/262 2565/1527/261
f 2568/1528/262 2570/1530/263 2569/1531/263 2567/1529/262
f 2570/1530/263 2572/1532/264 2571/1533/264 2569/1531/263
f 2572/1532/264 2574/1534/265 2573/1535/265 2571/1533/264
f 2574/1534/265 2576/1536/266 2575/1537/266 2573/1535/265
f 2576/1536/266 2578/1538/267 2577/1539/267 2575/1537/266
f 2578/1538/267 2580/1540/268 2579/1541/268 2577/1539/267
f 2580/1540/268 2582/1542/269 2581/1543/269 2579/1541/268
f 2582/1542/269 2584/1544/270 2583/1545/270 2581/1543/269
f 2584/1544/270 2586/1546/271 2585/1547/271 2583/1545/270
f 2586/1546/271 2588/1548/272 2587/1549/272 2585/1547/271
f 2588/1548/272 2590/1550/273 2589/1551/273 2587/1549/272
f 2590/1550/273 2592/1552/274 2591/1553/274 2589/1551/273
f 2592/1552/274 2594/1554/275 2593/1555/275 2591/1553/274
f 2594/1554/275 2596/1556/276 2595/1557/276 2593/1555/275
f 2596/1556/276 2598/1558/277 2597/1559/277 2595/1557/276
f 2598/1558/277 2600/1560/278 2599/1561/278 2597/1559/277
f 2600/1560/278 2602/1562/279 2601/1563/279 2599/1561/278
f 2602/1562/279 2604/1564/280 2603/1565/280 2601/1563/279
f 2604/1564/280 2606/1566/281 2605/1567/281 2603/1565/280
f 2606/1566/281 2608/1568/282 2607/1569/282 2605/1567/281
f 2608/1568/282 2610/1570/283 2609/1571/283 2607/1569/282
f 2610/1570/283 2612/1572/284 2611/1573/284 2609/1571/283
f 2612/1572/284 2614/1574/285 2613/1575/285 2611/1573/284
f 2614/1574/285 2616/1576/286 2615/1577/286 2613/1575/285
f 2616/1576/286 2618/1578/287 2617/1579/287 2615/1577/286
f 2618/1578/287 2620/1580/288 2619/1581/288 2617/1579/287
f 2620/1580/288 2622/1582/289 2621/1583/289 2619/1581/288
f 2622/1582/289 2624/1584/290 2623/1585/290 2621/1583/289
f 2624/1584/290 2626/1586/291 2625/1587/291 2623/1585/290
f 2626/1586/291 2628/1588/292 2627/1589/292 2625/1587/291
f 2628/1588/292 2630/1590/293 2629/1591/293 2627/1589/292
f 2630/1590/293 2632/1592/28 2631/1593/28 2629/1591/293
f 2632/1592/28 2050/1594/3 2049/50/3 2631/1593/28
f 2634/1011/294 2636/1595/295 2635/1596/295 2633/64/294
f 2636/1595/295 2638/1597/296 2637/1598/296 2635/1596/295
f 2638/1597/296 2640/1599/297 2639/1600/297 2637/1598/296
f 2640/1599/297 2642/1601/298 2641/1602/298 2639/1600/297
f 2642/1601/298 2644/1603/299 2643/1604/299 2641/1602/298
f 2644/1603/299 2646/1605/300 2645/1606/300 2643/1604/299
f 2646/1605/300 2648/1607/301 2647/1608/301 2645/1606/300
f 2648/1607/301 2650/1609/302 2649/1610/302 2647/1608/301
f 2650/1609/302 2652/1611/303 2651/1612/303 2649/1610/302
f 2652/1611/303 2654/1613/304 2653/1614/304 2651/1612/303
f 2654/1613/304 2656/1615/305 2655/1616/305 2653/1614/304
f 2656/1615/305 2658/1156/306 2657/1157/306 2655/1616/305
f 2658/1156/306 2660/1617/307 2659/1618/307 2657/1157/306
f 2660/1617/307 2662/1619/308 2661/1620/308 2659/1618/307
f 2662/1619/308 2664/1621/309 2663/1622/309 2661/1620/308
f 2664/1621/309 2666/1623/310 2665/1009/310 2663/1622/309
f 2666/1623/310 2668/1624/118 2667/1625/118 2665/1009/310
f 2668/1624/118 2670/1626/311 2669/1627/311 2667/1625/118
f 2670/1626/311 2672/1628/312 2671/1629/312 2669/1627/311
f 2672/1628/312 2674/1630/313 2673/1631/313 2671/1629/312
f 2674/1630/313 2676/1632/314 2675/1633/314 2673/1631/313
f 2676/1632/314 2678/1634/315 2677/1635/315 2675/1633/314
f 2678/1634/315 2680/1636/234 2679/1637/234 2677/1635/315
f 2680/1636/234 2682/1302/316 2681/1303/316 2679/1637/234
f 2682/1302/316 2684/1638/317 2683/1639/317 2681/1303/316
f 2684/1638/317 2686/1640/318 2685/1641/318 2683/1639/317
f 2686/1640/318 2688/1642/319 2687/1643/319 2685/1641/318
f 2688/1642/319 2690/1644/320 2689/1645/320 2687/1643/319
f 2690/1644/320 2692/1646/58 2691/1647/58 2689/1645/320
f 2692/1646/58 2694/1648/321 2693/1649/321 2691/1647/58
f 2694/1648/321 2696/1650/322 2695/1651/322 2693/1649/321
f 2696/1650/322 2698/1652/323 2697/836/323 2695/1651/322
f 2698/1652/323 2700/1653/324 2699/1654/324 2697/836/323
f 2700/1653/324 2702/1655/325 2701/1656/325 2699/1654/324
f 2702/1655/325 2704/1657/326 2703/1658/326 2701/1656/325
f 2704/1657/326 2706/1448/327 2705/1449/327 2703/1658/326
f 2706/1448/327 2708/1659/328 2707/1660/328 2705/1449/327
f 2708/1659/328 2710/1661/329 2709/1662/329 2707/1660/328
f 2710/1661/329 2712/1663/330 2711/1664/330 2709/1662/329
f 2712/1663/330 2714/1665/331 2713/1666/331 2711/1664/330
f 2714/1665/331 2716/1667/332 2715/1668/332 2713/1666/331
f 2716/1667/332 2718/1669/333 2717/1670/333 2715/1668/332
f 2718/1669/333 2720/1671/334 2719/1672/334 2717/1670/333
f 2720/1671/334 2722/1673/335 2721/1674/335 2719/1672/334
f 2722/1673/335 2724/1675/336 2723/1676/336 2721/1674/335
f 2724/1675/336 2726/1677/337 2725/1678/337 2723/1676/336
f 2726/1677/337 2728/1679/88 2727/1680/88 2725/1678/337
f 2728/1679/88 2634/1594/294 2633/50/294 2727/1680/88
f 2730/1011/338 2732/1681/339 2731/1682/339 2729/64/338
f 2732/1681/339 2734/1683/340 2733/904/340 2731/1682/339
f 2734/1683/340 2736/1684/341 2735/1685/341 2733/904/340
f 2736/1684/341 2738/1686/342 2737/892/342 2735/1685/341
f 2738/1686/342 2740/1687/343 2739/1688/343 2737/892/342
f 2740/1687/343 2742/1689/344 2741/880/344 2739/1688/343
f 2742/1689/344 2744/1690/345 2743/1691/345 2741/880/344
f 2744/1690/345 2746/1692/346 2745/858/346 2743/1691/345
f 2746/1692/346 2748/1693/347 2747/1694/347 2745/858/346
f 2748/1693/347 2750/1695/348 2749/838/348 2747/1694/347
f 2750/1695/348 2752/1696/349 2751/1697/349 2749/838/348
f 2752/1696/349 2754/1698/350 2753/814/350 2751/1697/349
f 2754/1698/350 2756/1699/351 2755/1700/351 2753/814/350
f 2756/1699/351 2758/1701/352 2757/795/352 2755/1700/351
f 2758/1701/352 2760/1702/353 2759/1703/353 2757/795/352
f 2760/1702/353 2762/1704/354 2761/782/354 2759/1703/353
f 2762/1704/354 2764/1705/355 2763/1706/355 2761/782/354
f 2764/1705/355 2766/1707/356 2765/793/356 2763/1706/355
f 2766/1707/356 2768/1708/357 2767/1709/357 2765/793/356
f 2768/1708/357 2770/1710/358 2769/805/358 2767/1709/357
f 2770/1710/358 2772/1711/359 2771/1712/359 2769/805/358
f 2772/1711/359 2774/1713/360 2773/819/360 2771/1712/359
f 2774/1713/360 2776/1714/361 2775/1715/361 2773/819/360
f 2776/1714/361 2778/1716/362 2777/835/362 2775/1715/361
f 2778/1716/362 2780/1717/363 2779/1718/363 2777/835/362
f 2780/1717/363 2782/1719/364 2781/919/364 2779/1718/363
f 2782/1719/364 2784/1720/365 2783/1721/365 2781/919/364
f 2784/1720/365 2786/1722/366 2785/925/366 2783/1721/365
f 2786/1722/366 2788/1723/367 2787/1724/367 2785/925/366
f 2788/1723/367 2790/1725/368 2789/931/368 2787/1724/367
f 2790/1725/368 2792/1726/369 2791/1727/369 2789/931/368
f 2792/1726/369 2794/1728/370 2793/937/370 2791/1727/369
f 2794/1728/370 2796/1729/371 2795/1730/371 2793/937/370
f 2796/1729/371 2798/1731/372 2797/943/372 2795/1730/371
f 2798/1731/372 2800/1732/373 2799/1733/373 2797/943/372
f 2800/1732/373 2802/1734/374 2801/949/374 2799/1733/373
f 2802/1734/374 2804/1735/375 2803/1736/375 2801/949/374
f 2804/1735/375 2806/1737/376 2805/955/376 2803/1736/375
f 2806/1737/376 2808/1738/377 2807/1739/377 2805/955/376
f 2808/1738/377 2810/1740/378 2809/961/378 2807/1739/377
f 2810/1740/378 2812/1741/379 2811/1742/379 2809/961/378
f 2812/1741/379 2814/1743/380 2813/966/380 2811/1742/379
f 2814/1743/380 2816/1744/381 2815/1745/381 2813/966/380
f 2816/1744/381 2818/1746/382 2817/972/382 2815/1745/381
f 2818/1746/382 2820/1747/383 2819/1748/383 2817/972/382
f 2820/1747/383 2822/1749/384 2821/978/384 2819/1748/383
f 2822/1749/384 2824/1750/385 2823/1751/385 2821/978/384
f 2824/1750/385 2826/1752/386 2825/1007/386 2823/1751/385
f 2826/1752/386 2828/1753/387 2827/1754/387 2825/1007/386
f 2828/1753/387 2830/1755/388 2829/1004/388 2827/1754/387
f 2830/1755/388 2832/1756/389 2831/1757/389 2829/1004/388
f 2832/1756/389 2834/1758/390 2833/996/390 2831/1757/389
f 2834/1758/390 2836/1759/391 2835/1760/391 2833/996/390
f 2836/1759/391 2838/1761/392 2837/988/392 2835/1760/391
f 2838/1761/392 2840/1762/393 2839/1763/393 2837/988/392
f 2840/1762/393 2842/1764/394 2841/982/394 2839/1763/393
f 2842/1764/394 2844/1765/395 2843/1766/395 2841/982/394
f 2844/1765/395 2846/1767/39 2845/983/39 2843/1766/395
f 2846/1767/39 2848/1768/396 2847/1769/396 2845/983/39
f 2848/1768/396 2850/1770/40 2849/991/40 2847/1769/396
f 2850/1770/40 2852/1771/41 2851/1772/41 2849/991/40
f 2852/1771/41 2854/1773/42 2853/997/42 2851/1772/41
f 2854/1773/42 2856/1774/43 2855/1775/43 2853/997/42
f 2856/1774/43 2858/1776/44 2857/1005/44 2855/1775/43
f 2858/1776/44 2860/1777/45 2859/1778/45 2857/1005/44
f 2860/1777/45 2862/1779/46 2861/1000/46 2859/1778/45
f 2862/1779/46 2864/1780/47 2863/1781/47 2861/1000/46
f 2864/1780/47 2866/1782/48 2865/977/48 2863/1781/47
f 2866/1782/48 2868/1783/49 2867/1784/49 2865/977/48
f 2868/1783/49 2870/1785/50 2869/971/50 2867/1784/49
f 2870/1785/50 2872/1786/51 2871/1787/51 2869/971/50
f 2872/1786/51 2874/1788/52 2873/964/52 2871/1787/51
f 2874/1788/52 2876/1789/53 2875/1790/53 2873/964/52
f 2876/1789/53 2878/1791/54 2877/958/54 2875/1790/53
f 2878/1791/54 2880/1792/55 2879/1793/55 2877/958/54
f 2880/1792/55 2882/1794/56 2881/952/56 2879/1793/55
f 2882/1794/56 2884/1795/57 2883/1796/57 2881/952/56
f 2884/1795/57 2886/1797/58 2885/946/58 2883/1796/57
f 2886/1797/58 2888/1798/59 2887/1799/59 2885/946/58
f 2888/1798/59 2890/1800/60 2889/940/60 2887/1799/59
f 2890/1800/60 2892/1801/61 2891/1802/61 2889/940/60
f 2892/1801/61 2894/1803/62 2893/934/62 2891/1802/61
f 2894/1803/62 2896/1804/63 2895/1805/63 2893/934/62
f 2896/1804/63 2898/1806/64 2897/928/64 2895/1805/63
f 2898/1806/64 2900/1807/65 2899/1808/65 2897/928/64
f 2900/1807/65 2902/1809/66 2901/922/66 2899/1808/65
f 2902/1809/66 2904/1810/67 2903/1811/67 2901/922/66
f 2904/1810/67 2906/1812/68 2905/916/68 2903/1811/67
f 2906/1812/68 2908/1813/69 2907/1814/69 2905/916/68
f 2908/1813/69 2910/1815/70 2909/828/70 2907/1814/69
f 2910/1815/70 2912/1816/71 2911/1817/71 2909/828/70
f 2912/1816/71 2914/1818/72 2913/812/72 2911/1817/71
f 2914/1818/72 2916/1819/73 2915/1820/73 2913/812/72
f 2916/1819/73 2918/1821/74 2917/800/74 2915/1820/73
f 2918/1821/74 2920/1822/75 2919/1823/75 2917/800/74
f 2920/1822/75 2922/1824/76 2921/790/76 2919/1823/75
f 2922/1824/76 2924/1302/77 2923/1303/77 2921/790/76
f 2924/1302/77 2926/1825/78 2925/781/78 2923/1303/77
f 2926/1825/78 2928/1826/79 2927/1827/79 2925/781/78
f 2928/1826/79 2930/1828/80 2929/798/80 2927/1827/79
f 2930/1828/80 2932/1829/81 2931/1830/81 2929/798/80
f 2932/1829/81 2934/1831/82 2933/823/82 2931/1830/81
f 2934/1831/82 2936/1832/83 2935/1833/83 2933/823/82
f 2936/1832/83 2938/1834/84 2937/847/84 2935/1833/83
f 2938/1834/84 2940/1835/85 2939/1836/85 2937/847/84
f 2940/1835/85 2942/1837/86 2941/867/86 2939/1836/85
f 2942/1837/86 2944/1838/87 2943/1839/87 2941/867/86
f 2944/1838/87 2946/1840/88 2945/885/88 2943/1839/87
f 2946/1840/88 2948/1841/89 2947/1842/89 2945/885/88
f 2948/1841/89 2950/1843/90 2949/897/90 2947/1842/89
f 2950/1843/90 2952/1844/91 2951/1845/91 2949/897/90
f 2952/1844/91 2954/1846/92 2953/909/92 2951/1845/91
f 2954/1846/92 2956/1847/93 2955/1848/93 2953/909/92
f 2956/1847/93 2958/1849/94 2957/914/94 2955/1848/93
f 2958/1849/94 2960/1850/95 2959/1851/95 2957/914/94
f 2960/1850/95 2962/1852/96 2961/902/96 2959/1851/95
f 2962/1852/96 2964/1853/97 2963/1854/97 2961/902/96
f 2964/1853/97 2966/1855/98 2965/890/98 2963/1854/97
f 2966/1855/98 2968/1856/99 2967/1857/99 2965/890/98
f 2968/1856/99 2970/1858/100 2969/878/100 2967/1857/99
f 2970/1858/100 2972/1859/101 2971/1860/101 2969/878/100
f 2972/1859/101 2974/1861/102 2973/871/102 2971/1860/101
f 2974/1861/102 2976/1862/103 2975/1863/103 2973/871/102
f 2976/1862/103 2978/1864/104 2977/863/104 2975/1863/103
f 2978/1864/104 2980/1865/105 2979/1866/105 2977/863/104
f 2980/1865/105 2982/1867/106 2981/855/106 2979/1866/105
f 2982/1867/106 2984/1868/107 2983/1869/107 2981/855/106
f 2984/1868/107 2986/1870/108 2985/845/108 2983/1869/107
f 2986/1870/108 2988/1871/397 2987/1872/397 2985/845/108
f 2988/1871/397 2990/1873/110 2989/832/110 2987/1872/397
f 2990/1873/110 2992/1874/111 2991/1875/111 2989/832/110
f 2992/1874/111 2994/1876/112 2993/816/112 2991/1875/111
f 2994/1876/112 2996/1877/398 2995/1878/398 2993/816/112
f 2996/1877/398 2998/1879/114 2997/780/114 2995/1878/398
f 2998/1879/114 3000/1880/115 2999/1881/115 2997/780/114
f 3000/1880/115 3002/1882/116 3001/774/116 2999/1881/115
f 3002/1882/116 3004/1883/117 3003/1884/117 3001/774/116
f 3004/1883/117 3006/1885/118 3005/769/118 3003/1884/117
f 3006/1885/118 3008/1886/119 3007/1887/119 3005/769/118
f 3008/1886/119 3010/1888/120 3009/763/120 3007/1887/119
f 3010/1888/120 3012/1889/121 3011/1890/121 3009/763/120
f 3012/1889/121 3014/1891/122 3013/757/122 3011/1890/121
f 3014/1891/122 3016/1892/123 3015/1893/123 3013/757/122
f 3016/1892/123 3018/1894/124 3017/736/124 3015/1893/123
f 3018/1894/124 3020/1895/125 3019/1896/125 3017/736/124
f 3020/1895/125 3022/1897/126 3021/723/126 3019/1896/125
f 3022/1897/126 3024/1898/127 3023/1899/127 3021/723/126
f 3024/1898/127 3026/1900/128 3025/731/128 3023/1899/127
f 3026/1900/128 3028/1901/129 3027/1902/129 3025/731/128
f 3028/1901/129 3030/1903/130 3029/739/130 3027/1902/129
f 3030/1903/130 3032/1904/131 3031/1905/131 3029/739/130
f 3032/1904/131 3034/1906/132 3033/749/132 3031/1905/131
f 3034/1906/132 3036/1907/133 3035/1908/133 3033/749/132
f 3036/1907/133 3038/1909/134 3037/755/134 3035/1908/133
f 3038/1909/134 3040/1910/135 3039/1911/135 3037/755/134
f 3040/1910/135 3042/1912/136 3041/750/136 3039/1911/135
f 3042/1912/136 3044/1913/399 3043/1914/399 3041/750/136
f 3044/1913/399 3046/1915/400 3045/740/400 3043/1914/399
f 3046/1915/400 3048/1916/401 3047/1917/401 3045/740/400
f 3048/1916/401 3050/1918/402 3049/732/402 3047/1917/401
f 3050/1918/402 3052/1919/403 3051/1920/403 3049/732/402
f 3052/1919/403 3054/1921/404 3053/726/404 3051/1920/403
f 3054/1921/404 3056/1922/405 3055/1923/405 3053/726/404
f 3056/1922/405 3058/1924/406 3057/735/406 3055/1923/405
f 3058/1924/406 3060/1925/407 3059/1926/407 3057/735/406
f 3060/1925/407 3062/1927/408 3061/756/408 3059/1926/407
f 3062/1927/408 3064/1928/409 3063/1929/409 3061/756/408
f 3064/1928/409 3066/1930/410 3065/762/410 3063/1929/409
f 3066/1930/410 3068/1931/411 3067/1932/411 3065/762/410
f 3068/1931/411 3070/1933/412 3069/768/412 3067/1932/411
f 3070/1933/412 3072/1934/413 3071/1935/413 3069/768/412
f 3072/1934/413 3074/1936/414 3073/775/414 3071/1935/413
f 3074/1936/414 3076/1937/415 3075/1938/415 3073/775/414
f 3076/1937/415 3078/1939/416 3077/784/416 3075/1938/415
f 3078/1939/416 3080/1940/299 3079/1941/299 3077/784/416
f 3080/1940/299 3082/1942/417 3081/817/417 3079/1941/299
f 3082/1942/417 3084/1943/418 3083/1944/418 3081/817/417
f 3084/1943/418 3086/1945/419 3085/833/419 3083/1944/418
f 3086/1945/419 3088/1946/420 3087/1947/420 3085/833/419
f 3088/1946/420 3090/1948/421 3089/844/421 3087/1947/420
f 3090/1948/421 3092/1949/422 3091/1950/422 3089/844/421
f 3092/1949/422 3094/1951/423 3093/854/423 3091/1950/422
f 3094/1951/423 3096/1952/424 3095/1953/424 3093/854/423
f 3096/1952/424 3098/1954/425 3097/862/425 3095/1953/424
f 3098/1954/425 3100/1955/426 3099/1956/426 3097/862/425
f 3100/1955/426 3102/1957/427 3101/870/427 3099/1956/426
f 3102/1957/427 3104/1958/428 3103/1959/428 3101/870/427
f 3104/1958/428 3106/1960/429 3105/879/429 3103/1959/428
f 3106/1960/429 3108/1961/430 3107/1962/430 3105/879/429
f 3108/1961/430 3110/1963/431 3109/891/431 3107/1962/430
f 3110/1963/431 3112/1964/432 3111/1965/432 3109/891/431
f 3112/1964/432 3114/1966/433 3113/903/433 3111/1965/432
f 3114/1966/433 3116/1967/434 3115/1968/434 3113/903/433
f 3116/1967/434 2730/1594/338 2729/50/338 3115/1968/434
f 3118/1011/435 3120/1969/436 3119/1970/436 3117/64/435
f 3120/1969/436 3122/1971/437 3121/1972/437 3119/1970/436
f 3122/1971/437 3124/1973/438 3123/1974/438 3121/1972/437
f 3124/1973/438 3126/1975/439 3125/1976/439 3123/1974/438
f 3126/1975/439 3128/1977/440 3127/1978/440 3125/1976/439
f 3128/1977/440 3130/1979/441 3129/1980/441 3127/1978/440
f 3130/1979/441 3132/1981/442 3131/1982/442 3129/1980/441
f 3132/1981/442 3134/1983/443 3133/1984/443 3131/1982/442
f 3134/1983/443 3136/1985/444 3135/1986/444 3133/1984/443
f 3136/1985/444 3138/1987/445 3137/1988/445 3135/1986/444
f 3138/1987/445 3140/1989/446 3139/1990/446 3137/1988/445
f 3140/1989/446 3142/1991/447 3141/1992/447 3139/1990/446
f 3142/1991/447 3144/1993/448 3143/1994/448 3141/1992/447
f 3144/1993/448 3146/1995/449 3145/1996/449 3143/1994/448
f 3146/1995/449 3148/1997/450 3147/1998/450 3145/1996/449
f 3148/1997/450 3150/1999/451 3149/2000/451 3147/1998/450
f 3150/1999/451 3152/2001/452 3151/2002/452 3149/2000/451
f 3152/2001/452 3154/2003/453 3153/2004/453 3151/2002/452
f 3154/2003/453 3156/2005/454 3155/2006/454 3153/2004/453
f 3156/2005/454 3158/2007/455 3157/2008/455 3155/2006/454
f 3158/2007/455 3160/2009/456 3159/2010/456 3157/2008/455
f 3160/2009/456 3162/2011/457 3161/2012/457 3159/2010/456
f 3162/2011/457 3164/2013/458 3163/2014/458 3161/2012/457
f 3164/2013/458 3166/2015/459 3165/2016/459 3163/2014/458
f 3166/2015/459 3168/2017/460 3167/2018/460 3165/2016/459
f 3168/2017/460 3170/2019/461 3169/2020/461 3167/2018/460
f 3170/2019/461 3172/1609/462 3171/1610/462 3169/2020/461
f 3172/1609/462 3174/2021/463 3173/2022/463 3171/1610/462
f 3174/2021/463 3176/2023/58 3175/2024/58 3173/2022/463
f 3176/2023/58 3178/2025/464 3177/2026/464 3175/2024/58
f 3178/2025/464 3180/2027/465 3179/2028/465 3177/2026/464
f 3180/2027/465 3182/2029/466 3181/2030/466 3179/2028/465
f 3182/2029/466 3184/2031/467 3183/2032/467 3181/2030/466
f 3184/2031/467 3186/2033/468 3185/2034/468 3183/2032/467
f 3186/2033/468 3188/2035/469 3187/2036/469 3185/2034/468
f 3188/2035/469 3190/2037/58 3189/2038/58 3187/2036/469
f 3190/2037/58 3192/2039/470 3191/2040/470 3189/2038/58
f 3192/2039/470 3194/2041/459 3193/2042/459 3191/2040/470
f 3194/2041/459 3196/2043/460 3195/2044/460 3193/2042/459
f 3196/2043/460 3198/2045/461 3197/2046/461 3195/2044/460
f 3198/2045/461 3200/2047/462 3199/2048/462 3197/2046/461
f 3200/2047/462 3202/2049/463 3201/2050/463 3199/2048/462
f 3202/2049/463 3204/2051/58 3203/2052/58 3201/2050/463
f 3204/2051/58 3206/2053/464 3205/2054/464 3203/2052/58
f 3206/2053/464 3208/2055/465 3207/2056/465 3205/2054/464
f 3208/2055/465 3210/2057/466 3209/2058/466 3207/2056/465
f 3210/2057/466 3212/2059/467 3211/2060/467 3209/2058/466
f 3212/2059/467 3214/2061/468 3213/2062/468 3211/2060/467
f 3214/2061/468 3216/2063/326 3215/2064/326 3213/2062/468
f 3216/2063/326 3218/2065/471 3217/2066/471 3215/2064/326
f 3218/2065/471 3220/2067/472 3219/2068/472 3217/2066/471
f 3220/2067/472 3222/2069/473 3221/2070/473 3219/2068/472
f 3222/2069/473 3224/2071/474 3223/2072/474 3221/2070/473
f 3224/2071/474 3226/1623/475 3225/1009/475 3223/2072/474
f 3226/1623/475 3228/2073/332 3227/2074/332 3225/1009/475
f 3228/2073/332 3230/2075/476 3229/2076/476 3227/2074/332
f 3230/2075/476 3232/2077/477 3231/2078/477 3229/2076/476
f 3232/2077/477 3234/2079/478 3233/2080/478 3231/2078/477
f 3234/2079/478 3236/2081/479 3235/2082/479 3233/2080/478
f 3236/2081/479 3238/2083/480 3237/2084/480 3235/2082/479
f 3238/2083/480 3240/2085/481 3239/2086/481 3237/2084/480
f 3240/2085/481 3242/2087/332 3241/2088/332 3239/2086/481
f 3242/2087/332 3244/2089/482 3243/2090/482 3241/2088/332
f 3244/2089/482 3246/2091/483 3245/2092/483 3243/2090/482
f 3246/2091/483 3248/2093/484 3247/2094/484 3245/2092/483
f 3248/2093/484 3250/2095/485 3249/2096/485 3247/2094/484
f 3250/2095/485 3252/2097/486 3251/2098/486 3249/2096/485
f 3252/2097/486 3254/2099/487 3253/2100/487 3251/2098/486
f 3254/2099/487 3256/2101/488 3255/2102/488 3253/2100/487
f 3256/2101/488 3258/2103/489 3257/2104/489 3255/2102/488
f 3258/2103/489 3260/2105/490 3259/2106/490 3257/2104/489
f 3260/2105/490 3262/2107/491 3261/2108/491 3259/2106/490
f 3262/2107/491 3264/2109/492 3263/2110/492 3261/2108/491
f 3264/2109/492 3266/2111/493 3265/2112/493 3263/2110/492
f 3266/2111/493 3268/2113/494 3267/2114/494 3265/2112/493
f 3268/2113/494 3270/2115/495 3269/2116/495 3267/2114/494
f 3270/2115/495 3272/2117/496 3271/2118/496 3269/2116/495
f 3272/2117/496 3274/2119/497 3273/2120/497 3271/2118/496
f 3274/2119/497 3276/2121/498 3275/2122/498 3273/2120/497
f 3276/2121/498 3278/2123/499 3277/2124/499 3275/2122/498
f 3278/2123/499 3280/1302/500 3279/1303/500 3277/2124/499
f 3280/1302/500 3282/2125/501 3281/2126/501 3279/1303/500
f 3282/2125/501 3284/2127/502 3283/2128/502 3281/2126/501
f 3284/2127/502 3286/2129/503 3285/2130/503 3283/2128/502
f 3286/2129/503 3288/2131/504 3287/2132/504 3285/2130/503
f 3288/2131/504 3290/2133/505 3289/2134/505 3287/2132/504
f 3290/2133/505 3292/2135/506 3291/2136/506 3289/2134/505
f 3292/2135/506 3294/2137/507 3293/2138/507 3291/2136/506
f 3294/2137/507 3296/2139/508 3295/2140/508 3293/2138/507
f 3296/2139/508 3298/2141/509 3297/2142/509 3295/2140/508
f 3298/2141/509 3300/2143/510 3299/2144/510 3297/2142/509
f 3300/2143/510 3302/2145/511 3301/2146/511 3299/2144/510
f 3302/2145/511 3304/2147/512 3303/2148/512 3301/2146/511
f 3304/2147/512 3306/2149/513 3305/2150/513 3303/2148/512
f 3306/2149/513 3308/2151/514 3307/2152/514 3305/2150/513
f 3308/2151/514 3310/2153/515 3309/2154/515 3307/2152/514
f 3310/2153/515 3312/2155/516 3311/2156/516 3309/2154/515
f 3312/2155/516 3314/2157/517 3313/2158/517 3311/2156/516
f 3314/2157/517 3316/2159/518 3315/2160/518 3313/2158/517
f 3316/2159/518 3318/2161/519 3317/2162/519 3315/2160/518
f 3318/2161/519 3320/2163/520 3319/2164/520 3317/2162/519
f 3320/2163/520 3322/2165/521 3321/2166/521 3319/2164/520
f 3322/2165/521 3324/2167/522 3323/2168/522 3321/2166/521
f 3324/2167/522 3326/2169/523 3325/2170/523 3323/2168/522
f 3326/2169/523 3328/2171/524 3327/2172/524 3325/2170/523
f 3328/2171/524 3330/2173/525 3329/2174/525 3327/2172/524
f 3330/2173/525 3332/2175/526 3331/2176/526 3329/2174/525
f 3332/2175/526 3334/1652/527 3333/836/527 3331/2176/526
f 3334/1652/527 3336/2177/528 3335/2178/528 3333/836/527
f 3336/2177/528 3338/2179/529 3337/2180/529 3335/2178/528
f 3338/2179/529 3340/2181/530 3339/2182/530 3337/2180/529
f 3340/2181/530 3342/2183/531 3341/2184/531 3339/2182/530
f 3342/2183/531 3344/2185/532 3343/2186/532 3341/2184/531
f 3344/2185/532 3346/2187/533 3345/2188/533 3343/2186/532
f 3346/2187/533 3348/2189/534 3347/2190/534 3345/2188/533
f 3348/2189/534 3350/2191/535 3349/2192/535 3347/2190/534
f 3350/2191/535 3352/2193/536 3351/2194/536 3349/2192/535
f 3352/2193/536 3354/2195/537 3353/2196/537 3351/2194/536
f 3354/2195/537 3356/2197/538 3355/2198/538 3353/2196/537
f 3356/2197/538 3358/2199/539 3357/2200/539 3355/2198/538
f 3358/2199/539 3360/2201/540 3359/2202/540 3357/2200/539
f 3360/2201/540 3362/2203/541 3361/2204/541 3359/2202/540
f 3362/2203/541 3364/2205/542 3363/2206/542 3361/2204/541
f 3364/2205/542 3366/2207/543 3365/2208/543 3363/2206/542
f 3366/2207/543 3368/2209/544 3367/2210/544 3365/2208/543
f 3368/2209/544 3370/2211/545 3369/2212/545 3367/2210/544
f 3370/2211/545 3372/2213/546 3371/2214/546 3369/2212/545
f 3372/2213/546 3374/2215/547 3373/2216/547 3371/2214/546
f 3374/2215/547 3376/2217/548 3375/2218/548 3373/2216/547
f 3376/2217/548 3378/2219/549 3377/2220/549 3375/2218/548
f 3378/2219/549 3380/2221/550 3379/2222/550 3377/2220/549
f 3380/2221/550 3382/2223/551 3381/2224/551 3379/2222/550
f 3382/2223/551 3384/2225/552 3383/2226/552 3381/2224/551
f 3384/2225/552 3386/2227/553 3385/2228/553 3383/2226/552
f 3386/2227/553 3388/1665/554 3387/1666/554 3385/2228/553
f 3388/1665/554 3390/2229/299 3389/2230/299 3387/1666/554
f 3390/2229/299 3392/2231/555 3391/2232/555 3389/2230/299
f 3392/2231/555 3394/2233/556 3393/2234/556 3391/2232/555
f 3394/2233/556 3396/2235/557 3395/2236/557 3393/2234/556
f 3396/2235/557 3398/2237/558 3397/2238/558 3395/2236/557
f 3398/2237/558 3400/2239/559 3399/2240/559 3397/2238/558
f 3400/2239/559 3402/2241/560 3401/2242/560 3399/2240/559
f 3402/2241/560 3404/2243/299 3403/2244/299 3401/2242/560
f 3404/2243/299 3406/2245/561 3405/2246/561 3403/2244/299
f 3406/2245/561 3408/2247/562 3407/2248/562 3405/2246/561
f 3408/2247/562 3410/2249/563 3409/2250/563 3407/2248/562
f 3410/2249/563 3412/2251/564 3411/2252/564 3409/2250/563
f 3412/2251/564 3414/2253/565 3413/2254/565 3411/2252/564
f 3414/2253/565 3416/2255/305 3415/2256/305 3413/2254/565
f 3416/2255/305 3418/2257/566 3417/2258/566 3415/2256/305
f 3418/2257/566 3420/2259/567 3419/2260/567 3417/2258/566
f 3420/2259/567 3422/2261/568 3421/2262/568 3419/2260/567
f 3422/2261/568 3424/2263/569 3423/2264/569 3421/2262/568
f 3424/2263/569 3426/2265/570 3425/2266/570 3423/2264/569
f 3426/2265/570 3428/2267/118 3427/2268/118 3425/2266/570
f 3428/2267/118 3430/2269/571 3429/2270/571 3427/2268/118
f 3430/2269/571 3432/2271/572 3431/2272/572 3429/2270/571
f 3432/2271/572 3434/2273/573 3433/2274/573 3431/2272/572
f 3434/2273/573 3436/2275/574 3435/2276/574 3433/2274/573
f 3436/2275/574 3438/2277/575 3437/2278/575 3435/2276/574
f 3438/2277/575 3440/2279/576 3439/2280/576 3437/2278/575
f 3440/2279/576 3118/1594/435 3117/50/435 3439/2280/576
f 3442/1011/399 3444/1681/400 3443/1682/400 3441/64/399
f 3444/1681/400 3446/1683/401 3445/904/401 3443/1682/400
f 3446/1683/401 3448/1684/402 3447/1685/402 3445/904/401
f 3448/1684/402 3450/1686/403 3449/892/403 3447/1685/402
f 3450/1686/403 3452/1687/404 3451/1688/404 3449/892/403
f 3452/1687/404 3454/1689/405 3453/880/405 3451/1688/404
f 3454/1689/405 3456/1690/406 3455/1691/406 3453/880/405
f 3456/1690/406 3458/1692/407 3457/858/407 3455/1691/406
f 3458/1692/407 3460/1693/408 3459/1694/408 3457/858/407
f 3460/1693/408 3462/1695/409 3461/838/409 3459/1694/408
f 3462/1695/409 3464/1696/410 3463/1697/410 3461/838/409
f 3464/1696/410 3466/1698/577 3465/814/577 3463/1697/410
f 3466/1698/577 3468/1699/578 3467/1700/578 3465/814/577
f 3468/1699/578 3470/1701/579 3469/795/579 3467/1700/578
f 3470/1701/579 3472/1702/580 3471/1703/580 3469/795/579
f 3472/1702/580 3474/1704/581 3473/782/581 3471/1703/580
f 3474/1704/581 3476/1705/582 3475/1706/582 3473/782/581
f 3476/1705/582 3478/1707/583 3477/793/583 3475/1706/582
f 3478/1707/583 3480/1708/584 3479/1709/584 3477/793/583
f 3480/1708/584 3482/1710/585 3481/805/585 3479/1709/584
f 3482/1710/585 3484/1711/586 3483/1712/586 3481/805/585
f 3484/1711/586 3486/1713/587 3485/819/587 3483/1712/586
f 3486/1713/587 3488/1714/588 3487/1715/588 3485/819/587
f 3488/1714/588 3490/1716/589 3489/835/589 3487/1715/588
f 3490/1716/589 3492/1717/590 3491/1718/590 3489/835/589
f 3492/1717/590 3494/1719/591 3493/919/591 3491/1718/590
f 3494/1719/591 3496/1720/592 3495/1721/592 3493/919/591
f 3496/1720/592 3498/1722/593 3497/925/593 3495/1721/592
f 3498/1722/593 3500/1723/594 3499/1724/594 3497/925/593
f 3500/1723/594 3502/1725/595 3501/931/595 3499/1724/594
f 3502/1725/595 3504/1726/596 3503/1727/596 3501/931/595
f 3504/1726/596 3506/1728/597 3505/937/597 3503/1727/596
f 3506/1728/597 3508/1729/598 3507/1730/598 3505/937/597
f 3508/1729/598 3510/1731/599 3509/943/599 3507/1730/598
f 3510/1731/599 3512/1732/600 3511/1733/600 3509/943/599
f 3512/1732/600 3514/1734/601 3513/949/601 3511/1733/600
f 3514/1734/601 3516/1735/602 3515/1736/602 3513/949/601
f 3516/1735/602 3518/1737/603 3517/955/603 3515/1736/602
f 3518/1737/603 3520/1738/604 3519/1739/604 3517/955/603
f 3520/1738/604 3522/1740/605 3521/961/605 3519/1739/604
f 3522/1740/605 3524/1741/606 3523/1742/606 3521/961/605
f 3524/1741/606 3526/1743/607 3525/966/607 3523/1742/606
f 3526/1743/607 3528/1744/608 3527/1745/608 3525/966/607
f 3528/1744/608 3530/1746/609 3529/972/609 3527/1745/608
f 3530/1746/609 3532/1747/610 3531/1748/610 3529/972/609
f 3532/1747/610 3534/1749/600 3533/978/600 3531/1748/610
f 3534/1749/600 3536/1750/611 3535/1751/611 3533/978/600
f 3536/1750/611 3538/1752/612 3537/1007/612 3535/1751/611
f 3538/1752/612 3540/1753/613 3539/1754/613 3537/1007/612
f 3540/1753/613 3542/1755/614 3541/1004/614 3539/1754/613
f 3542/1755/614 3544/1756/615 3543/1757/615 3541/1004/614
f 3544/1756/615 3546/1758/616 3545/996/616 3543/1757/615
f 3546/1758/616 3548/1759/617 3547/1760/617 3545/996/616
f 3548/1759/617 3550/1761/618 3549/988/618 3547/1760/617
f 3550/1761/618 3552/1762/619 3551/1763/619 3549/988/618
f 3552/1762/619 3554/1764/620 3553/982/620 3551/1763/619
f 3554/1764/620 3556/1765/621 3555/1766/621 3553/982/620
f 3556/1765/621 3558/1767/622 3557/983/622 3555/1766/621
f 3558/1767/622 3560/1768/623 3559/1769/623 3557/983/622
f 3560/1768/623 3562/1770/624 3561/991/624 3559/1769/623
f 3562/1770/624 3564/1771/625 3563/1772/625 3561/991/624
f 3564/1771/625 3566/1773/626 3565/997/626 3563/1772/625
f 3566/1773/626 3568/1774/627 3567/1775/627 3565/997/626
f 3568/1774/627 3570/1776/628 3569/1005/628 3567/1775/627
f 3570/1776/628 3572/1777/629 3571/1778/629 3569/1005/628
f 3572/1777/629 3574/1779/630 3573/1000/630 3571/1778/629
f 3574/1779/630 3576/1780/631 3575/1781/631 3573/1000/630
f 3576/1780/631 3578/1782/632 3577/977/632 3575/1781/631
f 3578/1782/632 3580/1783/633 3579/1784/633 3577/977/632
f 3580/1783/633 3582/1785/634 3581/971/634 3579/1784/633
f 3582/1785/634 3584/1786/635 3583/1787/635 3581/971/634
f 3584/1786/635 3586/1788/636 3585/964/636 3583/1787/635
f 3586/1788/636 3588/1789/374 3587/1790/374 3585/964/636
f 3588/1789/374 3590/1791/375 3589/958/375 3587/1790/374
f 3590/1791/375 3592/1792/376 3591/1793/376 3589/958/375
f 3592/1792/376 3594/1794/377 3593/952/377 3591/1793/376
f 3594/1794/377 3596/1795/378 3595/1796/378 3593/952/377
f 3596/1795/378 3598/1797/379 3597/946/379 3595/1796/378
f 3598/1797/379 3600/1798/380 3599/1799/380 3597/946/379
f 3600/1798/380 3602/1800/381 3601/940/381 3599/1799/380
f 3602/1800/381 3604/1801/382 3603/1802/382 3601/940/381
f 3604/1801/382 3606/1803/383 3605/934/383 3603/1802/382
f 3606/1803/383 3608/1804/384 3607/1805/384 3605/934/383
f 3608/1804/384 3610/1806/385 3609/928/385 3607/1805/384
f 3610/1806/385 3612/1807/386 3611/1808/386 3609/928/385
f 3612/1807/386 3614/1809/387 3613/922/387 3611/1808/386
f 3614/1809/387 3616/1810/388 3615/1811/388 3613/922/387
f 3616/1810/388 3618/1812/389 3617/916/389 3615/1811/388
f 3618/1812/389 3620/1813/390 3619/1814/390 3617/916/389
f 3620/1813/390 3622/1815/391 3621/828/391 3619/1814/390
f 3622/1815/391 3624/1816/392 3623/1817/392 3621/828/391
f 3624/1816/392 3626/1818/393 3625/812/393 3623/1817/392
f 3626/1818/393 3628/1819/394 3627/1820/394 3625/812/393
f 3628/1819/394 3630/1821/395 3629/800/395 3627/1820/394
f 3630/1821/395 3632/1822/39 3631/1823/39 3629/800/395
f 3632/1822/39 3634/1824/396 3633/790/396 3631/1823/39
f 3634/1824/396 3636/1302/40 3635/1303/40 3633/790/396
f 3636/1302/40 3638/1825/41 3637/781/41 3635/1303/40
f 3638/1825/41 3640/1826/42 3639/1827/42 3637/781/41
f 3640/1826/42 3642/1828/43 3641/798/43 3639/1827/42
f 3642/1828/43 3644/1829/44 3643/1830/44 3641/798/43
f 3644/1829/44 3646/1831/45 3645/823/45 3643/1830/44
f 3646/1831/45 3648/1832/46 3647/1833/46 3645/823/45
f 3648/1832/46 3650/1834/47 3649/847/47 3647/1833/46
f 3650/1834/47 3652/1835/48 3651/1836/48 3649/847/47
f 3652/1835/48 3654/1837/49 3653/867/49 3651/1836/48
f 3654/1837/49 3656/1838/50 3655/1839/50 3653/867/49
f 3656/1838/50 3658/1840/51 3657/885/51 3655/1839/50
f 3658/1840/51 3660/1841/52 3659/1842/52 3657/885/51
f 3660/1841/52 3662/1843/53 3661/897/53 3659/1842/52
f 3662/1843/53 3664/1844/54 3663/1845/54 3661/897/53
f 3664/1844/54 3666/1846/55 3665/909/55 3663/1845/54
f 3666/1846/55 3668/1847/56 3667/1848/56 3665/909/55
f 3668/1847/56 3670/1849/57 3669/914/57 3667/1848/56
f 3670/1849/57 3672/1850/58 3671/1851/58 3669/914/57
f 3672/1850/58 3674/1852/59 3673/902/59 3671/1851/58
f 3674/1852/59 3676/1853/60 3675/1854/60 3673/902/59
f 3676/1853/60 3678/1855/61 3677/890/61 3675/1854/60
f 3678/1855/61 3680/1856/62 3679/1857/62 3677/890/61
f 3680/1856/62 3682/1858/63 3681/878/63 3679/1857/62
f 3682/1858/63 3684/1859/64 3683/1860/64 3681/878/63
f 3684/1859/64 3686/1861/65 3685/871/65 3683/1860/64
f 3686/1861/65 3688/1862/66 3687/1863/66 3685/871/65
f 3688/1862/66 3690/1864/67 3689/863/67 3687/1863/66
f 3690/1864/67 3692/1865/68 3691/1866/68 3689/863/67
f 3692/1865/68 3694/1867/69 3693/855/69 3691/1866/68
f 3694/1867/69 3696/1868/70 3695/1869/70 3693/855/69
f 3696/1868/70 3698/1870/71 3697/845/71 3695/1869/70
f 3698/1870/71 3700/1871/637 3699/1872/637 3697/845/71
f 3700/1871/637 3702/1873/73 3701/832/73 3699/1872/637
f 3702/1873/73 3704/1874/74 3703/1875/74 3701/832/73
f 3704/1874/74 3706/1876/75 3705/816/75 3703/1875/74
f 3706/1876/75 3708/1877/76 3707/1878/76 3705/816/75
f 3708/1877/76 3710/1879/77 3709/780/77 3707/1878/76
f 3710/1879/77 3712/1880/78 3711/1881/78 3709/780/77
f 3712/1880/78 3714/1882/79 3713/774/79 3711/1881/78
f 3714/1882/79 3716/1883/80 3715/1884/80 3713/774/79
f 3716/1883/80 3718/1885/81 3717/769/81 3715/1884/80
f 3718/1885/81 3720/1886/82 3719/1887/82 3717/769/81
f 3720/1886/82 3722/1888/83 3721/763/83 3719/1887/82
f 3722/1888/83 3724/1889/84 3723/1890/84 3721/763/83
f 3724/1889/84 3726/1891/85 3725/757/85 3723/1890/84
f 3726/1891/85 3728/1892/86 3727/1893/86 3725/757/85
f 3728/1892/86 3730/1894/87 3729/736/87 3727/1893/86
f 3730/1894/87 3732/1895/88 3731/1896/88 3729/736/87
f 3732/1895/88 3734/1897/89 3733/723/89 3731/1896/88
f 3734/1897/89 3736/1898/90 3735/1899/90 3733/723/89
f 3736/1898/90 3738/1900/91 3737/731/91 3735/1899/90
f 3738/1900/91 3740/1901/92 3739/1902/92 3737/731/91
f 3740/1901/92 3742/1903/93 3741/739/93 3739/1902/92
f 3742/1903/93 3744/1904/94 3743/1905/94 3741/739/93
f 3744/1904/94 3746/1906/95 3745/749/95 3743/1905/94
f 3746/1906/95 3748/1907/96 3747/1908/96 3745/749/95
f 3748/1907/96 3750/1909/97 3749/755/97 3747/1908/96
f 3750/1909/97 3752/1910/98 3751/1911/98 3749/755/97
f 3752/1910/98 3754/1912/99 3753/750/99 3751/1911/98
f 3754/1912/99 3756/1913/100 3755/1914/100 3753/750/99
f 3756/1913/100 3758/1915/101 3757/740/101 3755/1914/100
f 3758/1915/101 3760/1916/102 3759/1917/102 3757/740/101
f 3760/1916/102 3762/1918/103 3761/732/103 3759/1917/102
f 3762/1918/103 3764/1919/104 3763/1920/104 3761/732/103
f 3764/1919/104 3766/1921/105 3765/726/105 3763/1920/104
f 3766/1921/105 3768/1922/106 3767/1923/106 3765/726/105
f 3768/1922/106 3770/1924/107 3769/735/107 3767/1923/106
f 3770/1924/107 3772/1925/108 3771/1926/108 3769/735/107
f 3772/1925/108 3774/1927/397 3773/756/397 3771/1926/108
f 3774/1927/397 3776/1928/110 3775/1929/110 3773/756/397
f 3776/1928/110 3778/1930/111 3777/762/111 3775/1929/110
f 3778/1930/111 3780/1931/112 3779/1932/112 3777/762/111
f 3780/1931/112 3782/1933/398 3781/768/398 3779/1932/112
f 3782/1933/398 3784/1934/114 3783/1935/114 3781/768/398
f 3784/1934/114 3786/1936/115 3785/775/115 3783/1935/114
f 3786/1936/115 3788/1937/116 3787/1938/116 3785/775/115
f 3788/1937/116 3790/1939/117 3789/784/117 3787/1938/116
f 3790/1939/117 3792/1940/118 3791/1941/118 3789/784/117
f 3792/1940/118 3794/1942/119 3793/817/119 3791/1941/118
f 3794/1942/119 3796/1943/120 3795/1944/120 3793/817/119
f 3796/1943/120 3798/1945/121 3797/833/121 3795/1944/120
f 3798/1945/121 3800/1946/122 3799/1947/122 3797/833/121
f 3800/1946/122 3802/1948/123 3801/844/123 3799/1947/122
f 3802/1948/123 3804/1949/124 3803/1950/124 3801/844/123
f 3804/1949/124 3806/1951/125 3805/854/125 3803/1950/124
f 3806/1951/125 3808/1952/126 3807/1953/126 3805/854/125
f 3808/1952/126 3810/1954/127 3809/862/127 3807/1953/126
f 3810/1954/127 3812/1955/128 3811/1956/128 3809/862/127
f 3812/1955/128 3814/1957/129 3813/870/129 3811/1956/128
f 3814/1957/129 3816/1958/130 3815/1959/130 3813/870/129
f 3816/1958/130 3818/1960/131 3817/879/131 3815/1959/130
f 3818/1960/131 3820/1961/132 3819/1962/132 3817/879/131
f 3820/1961/132 3822/1963/133 3821/891/133 3819/1962/132
f 3822/1963/133 3824/1964/134 3823/1965/134 3821/891/133
f 3824/1964/134 3826/1966/135 3825/903/135 3823/1965/134
f 3826/1966/135 3828/1967/136 3827/1968/136 3825/903/135
f 3828/1967/136 3442/1594/399 3441/50/399 3827/1968/136
f 3830/1011/638 3832/1683/639 3831/904/639 3829/64/638
f 3832/1683/639 3834/1686/640 3833/892/640 3831/904/639
f 3834/1686/640 3836/1689/641 3835/880/641 3833/892/640
f 3836/1689/641 3838/1692/642 3837/858/642 3835/880/641
f 3838/1692/642 3840/1695/643 3839/838/643 3837/858/642
f 3840/1695/643 3842/1698/644 3841/814/644 3839/838/643
f 3842/1698/644 3844/1701/645 3843/795/645 3841/814/644
f 3844/1701/645 3846/1704/646 3845/782/646 3843/795/645
f 3846/1704/646 3848/1707/647 3847/793/647 3845/782/646
f 3848/1707/647 3850/1710/648 3849/805/648 3847/793/647
f 3850/1710/648 3852/1713/649 3851/819/649 3849/805/648
f 3852/1713/649 3854/1716/650 3853/835/650 3851/819/649
f 3854/1716/650 3856/1719/651 3855/919/651 3853/835/650
f 3856/1719/651 3858/1722/652 3857/925/652 3855/919/651
f 3858/1722/652 3860/1725/653 3859/931/653 3857/925/652
f 3860/1725/653 3862/1728/654 3861/937/654 3859/931/653
f 3862/1728/654 3864/1731/655 3863/943/655 3861/937/654
f 3864/1731/655 3866/1734/656 3865/949/656 3863/943/655
f 3866/1734/656 3868/1737/657 3867/955/657 3865/949/656
f 3868/1737/657 3870/1740/658 3869/961/658 3867/955/657
f 3870/1740/658 3872/1743/659 3871/966/659 3869/961/658
f 3872/1743/659 3874/1746/660 3873/972/660 3871/966/659
f 3874/1746/660 3876/1749/661 3875/978/661 3873/972/660
f 3876/1749/661 3878/1752/662 3877/1007/662 3875/978/661
f 3878/1752/662 3880/1755/663 3879/1004/663 3877/1007/662
f 3880/1755/663 3882/1758/664 3881/996/664 3879/1004/663
f 3882/1758/664 3884/1761/665 3883/988/665 3881/996/664
f 3884/1761/665 3886/1764/666 3885/982/666 3883/988/665
f 3886/1764/666 3888/1767/667 3887/983/667 3885/982/666
f 3888/1767/667 3890/1770/668 3889/991/668 3887/983/667
f 3890/1770/668 3892/1773/669 3891/997/669 3889/991/668
f 3892/1773/669 3894/1776/670 3893/1005/670 3891/997/669
f 3894/1776/670 3896/1779/671 3895/1000/671 3893/1005/670
f 3896/1779/671 3898/1782/672 3897/977/672 3895/1000/671
f 3898/1782/672 3900/1785/673 3899/971/673 3897/977/672
f 3900/1785/673 3902/1788/674 3901/964/674 3899/971/673
f 3902/1788/674 3904/1791/675 3903/958/675 3901/964/674
f 3904/1791/675 3906/1794/676 3905/952/676 3903/958/675
f 3906/1794/676 3908/1797/677 3907/946/677 3905/952/676
f 3908/1797/677 3910/1800/678 3909/940/678 3907/946/677
f 3910/1800/678 3912/1803/679 3911/934/679 3909/940/678
f 3912/1803/679 3914/1806/680 3913/928/680 3911/934/679
f 3914/1806/680 3916/1809/681 3915/922/681 3913/928/680
f 3916/1809/681 3918/1812/682 3917/916/682 3915/922/681
f 3918/1812/682 3920/1815/683 3919/828/683 3917/916/682
f 3920/1815/683 3922/1818/684 3921/812/684 3919/828/683
f 3922/1818/684 3924/1821/685 3923/800/685 3921/812/684
f 3924/1821/685 3926/1824/686 3925/790/686 3923/800/685
f 3926/1824/686 3928/1825/687 3927/781/687 3925/790/686
f 3928/1825/687 3930/1828/475 3929/798/475 3927/781/687
f 3930/1828/475 3932/1831/688 3931/823/688 3929/798/475
f 3932/1831/688 3934/1834/689 3933/847/689 3931/823/688
f 3934/1834/689 3936/1837/690 3935/867/690 3933/847/689
f 3936/1837/690 3938/1840/691 3937/885/691 3935/867/690
f 3938/1840/691 3940/1843/692 3939/897/692 3937/885/691
f 3940/1843/692 3942/1846/693 3941/909/693 3939/897/692
f 3942/1846/693 3944/1849/694 3943/914/694 3941/909/693
f 3944/1849/694 3946/1852/695 3945/902/695 3943/914/694
f 3946/1852/695 3948/1855/696 3947/890/696 3945/902/695
f 3948/1855/696 3950/1858/697 3949/878/697 3947/890/696
f 3950/1858/697 3952/1861/698 3951/871/698 3949/878/697
f 3952/1861/698 3954/1864/699 3953/863/699 3951/871/698
f 3954/1864/699 3956/1867/700 3955/855/700 3953/863/699
f 3956/1867/700 3958/1870/701 3957/845/701 3955/855/700
f 3958/1870/701 3960/1873/702 3959/832/702 3957/845/701
f 3960/1873/702 3962/1876/703 3961/816/703 3959/832/702
f 3962/1876/703 3964/1879/704 3963/780/704 3961/816/703
f 3964/1879/704 3966/1882/705 3965/774/705 3963/780/704
f 3966/1882/705 3968/1885/706 3967/769/706 3965/774/705
f 3968/1885/706 3970/1888/707 3969/763/707 3967/769/706
f 3970/1888/707 3972/1891/708 3971/757/708 3969/763/707
f 3972/1891/708 3974/1894/709 3973/736/709 3971/757/708
f 3974/1894/709 3976/1897/710 3975/723/710 3973/736/709
f 3976/1897/710 3978/1900/711 3977/731/711 3975/723/710
f 3978/1900/711 3980/1903/712 3979/739/712 3977/731/711
f 3980/1903/712 3982/1906/713 3981/749/713 3979/739/712
f 3982/1906/713 3984/1909/714 3983/755/714 3981/749/713
f 3984/1909/714 3986/1912/715 3985/750/715 3983/755/714
f 3986/1912/715 3988/1915/716 3987/740/716 3985/750/715
f 3988/1915/716 3990/1918/717 3989/732/717 3987/740/716
f 3990/1918/717 3992/1921/718 3991/726/718 3989/732/717
f 3992/1921/718 3994/1924/719 3993/735/719 3991/726/718
f 3994/1924/719 3996/1927/720 3995/756/720 3993/735/719
f 3996/1927/720 3998/1930/721 3997/762/721 3995/756/720
f 3998/1930/721 4000/1933/722 3999/768/722 3997/762/721
f 4000/1933/722 4002/1936/723 4001/775/723 3999/768/722
f 4002/1936/723 4004/1939/724 4003/784/724 4001/775/723
f 4004/1939/724 4006/1942/725 4005/817/725 4003/784/724
f 4006/1942/725 4008/1945/726 4007/833/726 4005/817/725
f 4008/1945/726 4010/1948/727 4009/844/727 4007/833/726
f 4010/1948/727 4012/1951/728 4011/854/728 4009/844/727
f 4012/1951/728 4014/1954/729 4013/862/729 4011/854/728
f 4014/1954/729 4016/1957/730 4015/870/730 4013/862/729
f 4016/1957/730 4018/1960/731 4017/879/731 4015/870/730
f 4018/1960/731 4020/1963/732 4019/891/732 4017/879/731
f 4020/1963/732 4022/1966/733 4021/903/733 4019/891/732
f 4022/1966/733 3830/1594/638 3829/50/638 4021/903/733
f 4024/1011/734 4026/2281/735 4025/2282/735 4023/64/734
f 4026/2281/735 4028/2283/736 4027/2284/736 4025/2282/735
f 4028/2283/736 4030/2285/737 4029/2286/737 4027/2284/736
f 4030/2285/737 4032/2287/738 4031/2288/738 4029/2286/737
f 4032/2287/738 4034/2289/739 4033/2290/739 4031/2288/738
f 4034/2289/739 4036/2291/740 4035/2292/740 4033/2290/739
f 4036/2291/740 4038/2293/741 4037/2294/741 4035/2292/740
f 4038/2293/741 4040/2295/742 4039/2296/742 4037/2294/741
f 4040/2295/742 4042/2297/743 4041/2298/743 4039/2296/742
f 4042/2297/743 4044/2299/744 4043/2300/744 4041/2298/743
f 4044/2299/744 4046/2301/745 4045/2302/745 4043/2300/744
f 4046/2301/745 4048/2303/746 4047/2304/746 4045/2302/745
f 4048/2303/746 4050/2305/747 4049/2306/747 4047/2304/746
f 4050/2305/747 4052/2307/748 4051/2308/748 4049/2306/747
f 4052/2307/748 4054/2309/749 4053/2310/749 4051/2308/748
f 4054/2309/749 4056/2311/750 4055/2312/750 4053/2310/749
f 4056/2311/750 4058/2313/751 4057/2314/751 4055/2312/750
f 4058/2313/751 4060/2315/752 4059/2316/752 4057/2314/751
f 4060/2315/752 4062/2317/753 4061/2318/753 4059/2316/752
f 4062/2317/753 4064/2319/754 4063/2320/754 4061/2318/753
f 4064/2319/754 4066/2321/755 4065/2322/755 4063/2320/754
f 4066/2321/755 4068/2323/756 4067/2324/756 4065/2322/755
f 4068/2323/756 4070/2325/757 4069/2326/757 4067/2324/756
f 4070/2325/757 4072/2327/542 4071/2328/542 4069/2326/757
f 4072/2327/542 4074/2329/758 4073/2330/758 4071/2328/542
f 4074/2329/758 4076/2331/759 4075/2332/759 4073/2330/758
f 4076/2331/759 4078/2333/760 4077/2334/760 4075/2332/759
f 4078/2333/760 4080/2335/761 4079/2336/761 4077/2334/760
f 4080/2335/761 4082/2337/762 4081/2338/762 4079/2336/761
f 4082/2337/762 4084/2339/763 4083/2340/763 4081/2338/762
f 4084/2339/763 4086/2341/764 4085/2342/764 4083/2340/763
f 4086/2341/764 4088/2343/765 4087/2344/765 4085/2342/764
f 4088/2343/765 4090/2345/766 4089/2346/766 4087/2344/765
f 4090/2345/766 4092/2347/767 4091/2348/767 4089/2346/766
f 4092/2347/767 4094/2349/768 4093/2350/768 4091/2348/767
f 4094/2349/768 4096/2351/769 4095/2352/769 4093/2350/768
f 4096/2351/769 4024/1594/734 4023/50/734 4095/2352/769
