# Blender 5.0.1
# www.blender.org
mtllib clearFont.mtl
o テキスト
v -3.542385 -1.333350 -0.280000
v -3.531847 -1.331861 -0.280000
v -3.521888 -1.328966 -0.280000
v -3.512599 -1.324766 -0.280000
v -3.504069 -1.319361 -0.280000
v -3.496386 -1.312852 -0.280000
v -3.489641 -1.305338 -0.280000
v -3.483922 -1.296921 -0.280000
v -3.479318 -1.287701 -0.280000
v -3.475919 -1.277778 -0.280000
v -3.473814 -1.267253 -0.280000
v -3.473093 -1.256225 -0.280000
v -3.473751 -1.245934 -0.280000
v -3.475681 -1.236011 -0.280000
v -3.478816 -1.226556 -0.280000
v -3.483088 -1.217671 -0.280000
v -3.488432 -1.209455 -0.280000
v -3.494780 -1.202008 -0.280000
v -3.502064 -1.195432 -0.280000
v -3.510219 -1.189826 -0.280000
v -3.519177 -1.185291 -0.280000
v -3.528872 -1.181928 -0.280000
v -3.539235 -1.179836 -0.280000
v -3.550201 -1.179117 -0.280000
v -3.566038 -1.177904 -0.280000
v -3.581318 -1.174238 -0.280000
v -3.595884 -1.168072 -0.280000
v -3.609579 -1.159364 -0.280000
v -3.622248 -1.148067 -0.280000
v -3.633735 -1.134137 -0.280000
v -3.643883 -1.117530 -0.280000
v -3.652536 -1.098200 -0.280000
v -3.659539 -1.076105 -0.280000
v -3.664733 -1.051198 -0.280000
v -3.667965 -1.023435 -0.280000
v -3.669077 -0.992771 -0.280000
v -3.669077 -0.019277 -0.280000
v -3.667842 0.004722 -0.280000
v -3.664287 0.025465 -0.280000
v -3.658635 0.043173 -0.280000
v -3.651109 0.058069 -0.280000
v -3.641931 0.070378 -0.280000
v -3.631326 0.080321 -0.280000
v -3.619515 0.088123 -0.280000
v -3.606724 0.094005 -0.280000
v -3.593173 0.098193 -0.280000
v -3.579087 0.100907 -0.280000
v -3.564689 0.102372 -0.280000
v -3.550201 0.102811 -0.280000
v -3.539235 0.103532 -0.280000
v -3.528872 0.105637 -0.280000
v -3.519177 0.109036 -0.280000
v -3.510219 0.113640 -0.280000
v -3.502064 0.119359 -0.280000
v -3.494780 0.126104 -0.280000
v -3.488432 0.133787 -0.280000
v -3.483088 0.142317 -0.280000
v -3.478816 0.151606 -0.280000
v -3.475681 0.161565 -0.280000
v -3.473751 0.172103 -0.280000
v -3.473093 0.183132 -0.280000
v -3.473814 0.194160 -0.280000
v -3.475919 0.204685 -0.280000
v -3.479318 0.214608 -0.280000
v -3.483922 0.223829 -0.280000
v -3.489641 0.232246 -0.280000
v -3.496386 0.239759 -0.280000
v -3.504069 0.246268 -0.280000
v -3.512599 0.251673 -0.280000
v -3.521888 0.255873 -0.280000
v -3.531847 0.258768 -0.280000
v -3.542385 0.260258 -0.280000
v -3.553414 0.260241 -0.280000
v -3.572202 0.258521 -0.280000
v -3.590198 0.256656 -0.280000
v -3.607681 0.254769 -0.280000
v -3.624930 0.252982 -0.280000
v -3.642223 0.251419 -0.280000
v -3.659840 0.250201 -0.280000
v -3.678059 0.249451 -0.280000
v -3.697160 0.249293 -0.280000
v -3.717420 0.249849 -0.280000
v -3.739120 0.251242 -0.280000
v -3.762537 0.253594 -0.280000
v -3.787952 0.257028 -0.280000
v -3.810219 0.259705 -0.280000
v -3.830611 0.262918 -0.280000
v -3.849398 0.266667 -0.280000
v -3.866845 0.270950 -0.280000
v -3.883222 0.275770 -0.280000
v -3.898795 0.281124 -0.280000
v -3.913833 0.287015 -0.280000
v -3.928604 0.293440 -0.280000
v -3.943374 0.300401 -0.280000
v -3.958412 0.307898 -0.280000
v -3.973985 0.315930 -0.280000
v -3.990362 0.324498 -0.280000
v -4.000179 0.328588 -0.280000
v -4.010264 0.331251 -0.280000
v -4.020483 0.332530 -0.280000
v -4.030701 0.332471 -0.280000
v -4.040786 0.331117 -0.280000
v -4.050603 0.328514 -0.280000
v -4.060019 0.324706 -0.280000
v -4.068899 0.319738 -0.280000
v -4.077109 0.313655 -0.280000
v -4.084517 0.306500 -0.280000
v -4.090987 0.298319 -0.280000
v -4.096386 0.289157 -0.280000
v -4.097922 0.285010 -0.280000
v -4.099302 0.280619 -0.280000
v -4.100503 0.276004 -0.280000
v -4.101503 0.271188 -0.280000
v -4.102281 0.266194 -0.280000
v -4.102812 0.261044 -0.280000
v -4.103076 0.255760 -0.280000
v -4.103050 0.250364 -0.280000
v -4.102712 0.244879 -0.280000
v -4.102038 0.239328 -0.280000
v -4.101008 0.233731 -0.280000
v -4.099599 0.228112 -0.280000
v -4.096454 0.219448 -0.280000
v -4.093455 0.211007 -0.280000
v -4.090612 0.202610 -0.280000
v -4.087937 0.194080 -0.280000
v -4.085440 0.185237 -0.280000
v -4.083132 0.175903 -0.280000
v -4.081026 0.165900 -0.280000
v -4.079131 0.155050 -0.280000
v -4.077460 0.143173 -0.280000
v -4.076023 0.130091 -0.280000
v -4.074831 0.115625 -0.280000
v -4.073896 0.099598 -0.280000
v -4.112025 0.139984 -0.280000
v -4.152150 0.176097 -0.280000
v -4.193726 0.208082 -0.280000
v -4.236205 0.236085 -0.280000
v -4.279041 0.260250 -0.280000
v -4.321687 0.280723 -0.280000
v -4.363597 0.297648 -0.280000
v -4.404225 0.311170 -0.280000
v -4.443023 0.321436 -0.280000
v -4.479445 0.328588 -0.280000
v -4.512943 0.332774 -0.280000
v -4.542973 0.334136 -0.280000
v -4.616348 0.328733 -0.280000
v -4.683654 0.313134 -0.280000
v -4.744579 0.288253 -0.280000
v -4.798811 0.255005 -0.280000
v -4.846037 0.214305 -0.280000
v -4.885945 0.167068 -0.280000
v -4.918222 0.114208 -0.280000
v -4.942556 0.056641 -0.280000
v -4.958635 -0.004719 -0.280000
v -4.966147 -0.068957 -0.280000
v -4.964778 -0.135159 -0.280000
v -4.954217 -0.202410 -0.280000
v -4.944207 -0.233811 -0.280000
v -4.931965 -0.262190 -0.280000
v -4.917671 -0.287600 -0.280000
v -4.901503 -0.310100 -0.280000
v -4.883638 -0.329743 -0.280000
v -4.864257 -0.346586 -0.280000
v -4.843537 -0.360685 -0.280000
v -4.821657 -0.372096 -0.280000
v -4.798795 -0.380874 -0.280000
v -4.775130 -0.387074 -0.280000
v -4.750841 -0.390754 -0.280000
v -4.726105 -0.391968 -0.280000
v -4.695294 -0.389871 -0.280000
v -4.665700 -0.383757 -0.280000
v -4.637600 -0.373896 -0.280000
v -4.611275 -0.360553 -0.280000
v -4.587002 -0.343998 -0.280000
v -4.565060 -0.324498 -0.280000
v -4.545729 -0.302321 -0.280000
v -4.529287 -0.277733 -0.280000
v -4.516014 -0.251004 -0.280000
v -4.506188 -0.222401 -0.280000
v -4.500088 -0.192191 -0.280000
v -4.497993 -0.160643 -0.280000
v -4.498653 -0.143113 -0.280000
v -4.500609 -0.125896 -0.280000
v -4.503815 -0.109036 -0.280000
v -4.508225 -0.092578 -0.280000
v -4.513795 -0.076566 -0.280000
v -4.520482 -0.061044 -0.280000
v -4.528239 -0.046058 -0.280000
v -4.537022 -0.031653 -0.280000
v -4.546787 -0.017872 -0.280000
v -4.557489 -0.004760 -0.280000
v -4.569084 0.007638 -0.280000
v -4.581527 0.019277 -0.280000
v -4.599867 0.035135 -0.280000
v -4.616065 0.051896 -0.280000
v -4.629720 0.069126 -0.280000
v -4.640429 0.086390 -0.280000
v -4.647792 0.103252 -0.280000
v -4.651406 0.119277 -0.280000
v -4.650871 0.134030 -0.280000
v -4.645784 0.147077 -0.280000
v -4.635744 0.157982 -0.280000
v -4.620348 0.166310 -0.280000
v -4.599197 0.171625 -0.280000
v -4.571888 0.173494 -0.280000
v -4.524294 0.170355 -0.280000
v -4.472528 0.160702 -0.280000
v -4.418173 0.144177 -0.280000
v -4.362815 0.120422 -0.280000
v -4.308036 0.089082 -0.280000
v -4.255422 0.049799 -0.280000
v -4.206556 0.002216 -0.280000
v -4.163023 -0.054024 -0.280000
v -4.126406 -0.119277 -0.280000
v -4.098290 -0.193902 -0.280000
v -4.080258 -0.278254 -0.280000
v -4.073896 -0.372691 -0.280000
v -4.073896 -0.992771 -0.280000
v -4.075008 -1.023435 -0.280000
v -4.078239 -1.051198 -0.280000
v -4.083434 -1.076105 -0.280000
v -4.090436 -1.098200 -0.280000
v -4.099089 -1.117530 -0.280000
v -4.109237 -1.134137 -0.280000
v -4.120724 -1.148067 -0.280000
v -4.133393 -1.159364 -0.280000
v -4.147089 -1.168072 -0.280000
v -4.161654 -1.174238 -0.280000
v -4.176934 -1.177904 -0.280000
v -4.192771 -1.179117 -0.280000
v -4.203801 -1.179836 -0.280000
v -4.214339 -1.181928 -0.280000
v -4.224298 -1.185291 -0.280000
v -4.233586 -1.189826 -0.280000
v -4.242117 -1.195432 -0.280000
v -4.249800 -1.202008 -0.280000
v -4.256545 -1.209455 -0.280000
v -4.262264 -1.217671 -0.280000
v -4.266868 -1.226556 -0.280000
v -4.270267 -1.236011 -0.280000
v -4.272371 -1.245934 -0.280000
v -4.273093 -1.256225 -0.280000
v -4.272308 -1.267252 -0.280000
v -4.270029 -1.277778 -0.280000
v -4.266366 -1.287701 -0.280000
v -4.261432 -1.296921 -0.280000
v -4.255337 -1.305338 -0.280000
v -4.248193 -1.312852 -0.280000
v -4.240113 -1.319361 -0.280000
v -4.231207 -1.324766 -0.280000
v -4.221587 -1.328966 -0.280000
v -4.211365 -1.331861 -0.280000
v -4.200652 -1.333350 -0.280000
v -4.189559 -1.333333 -0.280000
v -4.169434 -1.332469 -0.280000
v -4.147703 -1.331504 -0.280000
v -4.124499 -1.330472 -0.280000
v -4.099956 -1.329407 -0.280000
v -4.074208 -1.328341 -0.280000
v -4.047390 -1.327309 -0.280000
v -4.019634 -1.326344 -0.280000
v -3.991076 -1.325480 -0.280000
v -3.961848 -1.324749 -0.280000
v -3.932084 -1.324186 -0.280000
v -3.901919 -1.323823 -0.280000
v -3.871486 -1.323695 -0.280000
v -3.841053 -1.323823 -0.280000
v -3.810888 -1.324186 -0.280000
v -3.781125 -1.324749 -0.280000
v -3.751897 -1.325480 -0.280000
v -3.723338 -1.326344 -0.280000
v -3.695583 -1.327309 -0.280000
v -3.668764 -1.328341 -0.280000
v -3.643017 -1.329407 -0.280000
v -3.618474 -1.330472 -0.280000
v -3.595270 -1.331504 -0.280000
v -3.573539 -1.332469 -0.280000
v -3.553414 -1.333333 -0.280000
v -2.300402 -0.311647 -0.280000
v -2.298321 -0.215711 -0.280000
v -2.292057 -0.132917 -0.280000
v -2.281576 -0.062350 -0.280000
v -2.266845 -0.003094 -0.280000
v -2.247830 0.045764 -0.280000
v -2.224498 0.085140 -0.280000
v -2.196815 0.115949 -0.280000
v -2.164748 0.139104 -0.280000
v -2.128263 0.155522 -0.280000
v -2.087327 0.166116 -0.280000
v -2.041907 0.171802 -0.280000
v -1.991968 0.173494 -0.280000
v -1.950984 0.171874 -0.280000
v -1.912019 0.167232 -0.280000
v -1.875753 0.159889 -0.280000
v -1.842868 0.150171 -0.280000
v -1.814043 0.138400 -0.280000
v -1.789960 0.124899 -0.280000
v -1.771298 0.109994 -0.280000
v -1.758739 0.094006 -0.280000
v -1.752962 0.077259 -0.280000
v -1.754648 0.060077 -0.280000
v -1.764478 0.042784 -0.280000
v -1.783133 0.025703 -0.280000
v -1.797178 0.014673 -0.280000
v -1.810353 0.002528 -0.280000
v -1.822591 -0.010643 -0.280000
v -1.833824 -0.024751 -0.280000
v -1.843987 -0.039707 -0.280000
v -1.853012 -0.055422 -0.280000
v -1.860832 -0.071806 -0.280000
v -1.867381 -0.088770 -0.280000
v -1.872590 -0.106225 -0.280000
v -1.876395 -0.124082 -0.280000
v -1.878726 -0.142251 -0.280000
v -1.879518 -0.160643 -0.280000
v -1.877421 -0.192191 -0.280000
v -1.871307 -0.222401 -0.280000
v -1.861446 -0.251004 -0.280000
v -1.848104 -0.277733 -0.280000
v -1.831548 -0.302321 -0.280000
v -1.812048 -0.324498 -0.280000
v -1.789871 -0.343998 -0.280000
v -1.765283 -0.360553 -0.280000
v -1.738554 -0.373896 -0.280000
v -1.709951 -0.383757 -0.280000
v -1.679741 -0.389871 -0.280000
v -1.648193 -0.391968 -0.280000
v -1.625985 -0.390914 -0.280000
v -1.604403 -0.387818 -0.280000
v -1.583534 -0.382781 -0.280000
v -1.563469 -0.375904 -0.280000
v -1.544296 -0.367286 -0.280000
v -1.526104 -0.357028 -0.280000
v -1.508984 -0.345231 -0.280000
v -1.493024 -0.331995 -0.280000
v -1.478313 -0.317420 -0.280000
v -1.464941 -0.301607 -0.280000
v -1.452997 -0.284655 -0.280000
v -1.442570 -0.266667 -0.280000
v -1.415769 -0.201527 -0.280000
v -1.405399 -0.134033 -0.280000
v -1.410492 -0.065713 -0.280000
v -1.430076 0.001904 -0.280000
v -1.463181 0.067289 -0.280000
v -1.508835 0.128915 -0.280000
v -1.566070 0.185254 -0.280000
v -1.633914 0.234776 -0.280000
v -1.711396 0.275954 -0.280000
v -1.797546 0.307258 -0.280000
v -1.891393 0.327162 -0.280000
v -1.991968 0.334136 -0.280000
v -2.132213 0.326707 -0.280000
v -2.253414 0.305488 -0.280000
v -2.356878 0.272088 -0.280000
v -2.443909 0.228112 -0.280000
v -2.515814 0.175167 -0.280000
v -2.573896 0.114859 -0.280000
v -2.619462 0.048795 -0.280000
v -2.653816 -0.021419 -0.280000
v -2.678263 -0.094177 -0.280000
v -2.694110 -0.167872 -0.280000
v -2.702661 -0.240897 -0.280000
v -2.705221 -0.311647 -0.280000
v -2.705221 -0.774297 -0.280000
v -2.706288 -0.828029 -0.280000
v -2.709475 -0.876707 -0.280000
v -2.714759 -0.920231 -0.280000
v -2.722118 -0.958501 -0.280000
v -2.731529 -0.991416 -0.280000
v -2.742972 -1.018876 -0.280000
v -2.756422 -1.040780 -0.280000
v -2.771858 -1.057028 -0.280000
v -2.789257 -1.067520 -0.280000
v -2.808597 -1.072155 -0.280000
v -2.829856 -1.070833 -0.280000
v -2.853012 -1.063454 -0.280000
v -2.862770 -1.059972 -0.280000
v -2.872706 -1.057549 -0.280000
v -2.882731 -1.056175 -0.280000
v -2.892756 -1.055838 -0.280000
v -2.902693 -1.056528 -0.280000
v -2.912450 -1.058233 -0.280000
v -2.921940 -1.060942 -0.280000
v -2.931073 -1.064644 -0.280000
v -2.939759 -1.069327 -0.280000
v -2.947910 -1.074982 -0.280000
v -2.955437 -1.081595 -0.280000
v -2.962249 -1.089157 -0.280000
v -2.968809 -1.099045 -0.280000
v -2.974030 -1.109356 -0.280000
v -2.977912 -1.119980 -0.280000
v -2.980455 -1.130805 -0.280000
v -2.981660 -1.141719 -0.280000
v -2.981526 -1.152611 -0.280000
v -2.980054 -1.163368 -0.280000
v -2.977242 -1.173881 -0.280000
v -2.973093 -1.184036 -0.280000
v -2.967604 -1.193723 -0.280000
v -2.960777 -1.202830 -0.280000
v -2.952610 -1.211245 -0.280000
v -2.912586 -1.242468 -0.280000
v -2.871501 -1.268794 -0.280000
v -2.829769 -1.290412 -0.280000
v -2.787803 -1.307512 -0.280000
v -2.746016 -1.320283 -0.280000
v -2.704819 -1.328916 -0.280000
v -2.664627 -1.333599 -0.280000
v -2.625852 -1.334523 -0.280000
v -2.588906 -1.331878 -0.280000
v -2.554202 -1.325852 -0.280000
v -2.522153 -1.316635 -0.280000
v -2.493173 -1.304418 -0.280000
v -2.473693 -1.292833 -0.280000
v -2.455407 -1.280545 -0.280000
v -2.438303 -1.267520 -0.280000
v -2.422371 -1.253726 -0.280000
v -2.407599 -1.239129 -0.280000
v -2.393976 -1.223695 -0.280000
v -2.381491 -1.207391 -0.280000
v -2.370132 -1.190183 -0.280000
v -2.359890 -1.172038 -0.280000
v -2.350751 -1.152923 -0.280000
v -2.342706 -1.132804 -0.280000
v -2.335743 -1.111647 -0.280000
v -2.311379 -1.147371 -0.280000
v -2.284873 -1.180574 -0.280000
v -2.256225 -1.211145 -0.280000
v -2.225435 -1.238971 -0.280000
v -2.192503 -1.263941 -0.280000
v -2.157430 -1.285944 -0.280000
v -2.120214 -1.304868 -0.280000
v -2.080857 -1.320601 -0.280000
v -2.039357 -1.333032 -0.280000
v -1.995716 -1.342050 -0.280000
v -1.949933 -1.347542 -0.280000
v -1.902008 -1.349398 -0.280000
v -1.817020 -1.346521 -0.280000
v -1.738837 -1.337900 -0.280000
v -1.667570 -1.323544 -0.280000
v -1.603332 -1.303466 -0.280000
v -1.546233 -1.277676 -0.280000
v -1.496386 -1.246185 -0.280000
v -1.453901 -1.209005 -0.280000
v -1.418890 -1.166146 -0.280000
v -1.391466 -1.117621 -0.280000
v -1.371739 -1.063439 -0.280000
v -1.359821 -1.003613 -0.280000
v -1.355823 -0.938153 -0.280000
v -1.364837 -0.853176 -0.280000
v -1.390986 -0.773732 -0.280000
v -1.432932 -0.700402 -0.280000
v -1.489335 -0.633765 -0.280000
v -1.558858 -0.574401 -0.280000
v -1.640161 -0.522892 -0.280000
v -1.731905 -0.479816 -0.280000
v -1.832753 -0.445754 -0.280000
v -1.941365 -0.421285 -0.280000
v -2.056403 -0.406991 -0.280000
v -2.176528 -0.403451 -0.280000
v -2.300402 -0.411245 -0.280000
v -2.300402 -0.571888 -0.280000
v -2.215540 -0.566741 -0.280000
v -2.137707 -0.570073 -0.280000
v -2.066968 -0.581125 -0.280000
v -2.003392 -0.599137 -0.280000
v -1.947044 -0.623353 -0.280000
v -1.897992 -0.653012 -0.280000
v -1.856303 -0.687357 -0.280000
v -1.822044 -0.725629 -0.280000
v -1.795281 -0.767068 -0.280000
v -1.776082 -0.810918 -0.280000
v -1.764514 -0.856418 -0.280000
v -1.760643 -0.902811 -0.280000
v -1.763056 -0.938599 -0.280000
v -1.770043 -0.971977 -0.280000
v -1.781225 -1.002811 -0.280000
v -1.796222 -1.030969 -0.280000
v -1.814655 -1.056314 -0.280000
v -1.836144 -1.078715 -0.280000
v -1.860312 -1.098037 -0.280000
v -1.886777 -1.114146 -0.280000
v -1.915161 -1.126908 -0.280000
v -1.945084 -1.136189 -0.280000
v -1.976168 -1.141856 -0.280000
v -2.008032 -1.143775 -0.280000
v -2.042011 -1.141945 -0.280000
v -2.074773 -1.136368 -0.280000
v -2.106175 -1.126908 -0.280000
v -2.136070 -1.113431 -0.280000
v -2.164315 -1.095805 -0.280000
v -2.190763 -1.073896 -0.280000
v -2.215271 -1.047568 -0.280000
v -2.237692 -1.016689 -0.280000
v -2.257882 -0.981125 -0.280000
v -2.275696 -0.940741 -0.280000
v -2.290988 -0.895404 -0.280000
v -2.303615 -0.844980 -0.280000
v -2.302876 -0.839356 -0.280000
v -2.302261 -0.833720 -0.280000
v -2.301757 -0.828062 -0.280000
v -2.301354 -0.822371 -0.280000
v -2.301040 -0.816635 -0.280000
v -2.300804 -0.810843 -0.280000
v -2.300634 -0.804985 -0.280000
v -2.300521 -0.799048 -0.280000
v -2.300452 -0.793022 -0.280000
v -2.300417 -0.786896 -0.280000
v -2.300404 -0.780658 -0.280000
v -2.300402 -0.774297 -0.280000
v 0.357304 -0.562428 -0.280000
v 0.349993 -0.668898 -0.280000
v 0.335141 -0.765864 -0.280000
v 0.313194 -0.853191 -0.280000
v 0.284598 -0.930745 -0.280000
v 0.249799 -0.998394 -0.280000
v 0.209245 -1.056002 -0.280000
v 0.163380 -1.103436 -0.280000
v 0.112651 -1.140562 -0.280000
v 0.057504 -1.167247 -0.280000
v -0.001614 -1.183356 -0.280000
v -0.064257 -1.188755 -0.280000
v -0.117977 -1.186648 -0.280000
v -0.169790 -1.180202 -0.280000
v -0.219528 -1.169227 -0.280000
v -0.267023 -1.153533 -0.280000
v -0.312109 -1.132930 -0.280000
v -0.354618 -1.107229 -0.280000
v -0.394383 -1.076240 -0.280000
v -0.431236 -1.039774 -0.280000
v -0.465010 -0.997641 -0.280000
v -0.495537 -0.949651 -0.280000
v -0.522651 -0.895614 -0.280000
v -0.546185 -0.835342 -0.280000
v -0.550110 -0.825314 -0.280000
v -0.555362 -0.816168 -0.280000
v -0.561797 -0.807982 -0.280000
v -0.569269 -0.800833 -0.280000
v -0.577634 -0.794800 -0.280000
v -0.586747 -0.789960 -0.280000
v -0.596462 -0.786392 -0.280000
v -0.606634 -0.784174 -0.280000
v -0.617118 -0.783384 -0.280000
v -0.627770 -0.784099 -0.280000
v -0.638444 -0.786399 -0.280000
v -0.648996 -0.790362 -0.280000
v -0.658287 -0.794896 -0.280000
v -0.666830 -0.800402 -0.280000
v -0.674548 -0.806777 -0.280000
v -0.681362 -0.813923 -0.280000
v -0.687195 -0.821737 -0.280000
v -0.691968 -0.830121 -0.280000
v -0.695603 -0.838973 -0.280000
v -0.698022 -0.848193 -0.280000
v -0.699146 -0.857681 -0.280000
v -0.698899 -0.867336 -0.280000
v -0.697202 -0.877058 -0.280000
v -0.693976 -0.886747 -0.280000
v -0.661829 -0.968742 -0.280000
v -0.623680 -1.041499 -0.280000
v -0.580221 -1.105422 -0.280000
v -0.532143 -1.160910 -0.280000
v -0.480139 -1.208367 -0.280000
v -0.424899 -1.248193 -0.280000
v -0.367116 -1.280790 -0.280000
v -0.307482 -1.306560 -0.280000
v -0.246687 -1.325904 -0.280000
v -0.185423 -1.339224 -0.280000
v -0.124383 -1.346921 -0.280000
v -0.064257 -1.349398 -0.280000
v 0.077546 -1.341916 -0.280000
v 0.205905 -1.320065 -0.280000
v 0.321034 -1.284739 -0.280000
v 0.423145 -1.236829 -0.280000
v 0.512448 -1.177228 -0.280000
v 0.589157 -1.106827 -0.280000
v 0.653483 -1.026521 -0.280000
v 0.705638 -0.937201 -0.280000
v 0.745834 -0.839759 -0.280000
v 0.774283 -0.735089 -0.280000
v 0.791197 -0.624082 -0.280000
v 0.796787 -0.507631 -0.280000
v 0.789003 -0.377681 -0.280000
v 0.766369 -0.257861 -0.280000
v 0.729970 -0.148394 -0.280000
v 0.680887 -0.049502 -0.280000
v 0.620201 0.038591 -0.280000
v 0.548996 0.115662 -0.280000
v 0.468353 0.181489 -0.280000
v 0.379355 0.235847 -0.280000
v 0.283083 0.278514 -0.280000
v 0.180619 0.309267 -0.280000
v 0.073046 0.327882 -0.280000
v -0.038554 0.334136 -0.280000
v -0.138093 0.329022 -0.280000
v -0.230849 0.313565 -0.280000
v -0.316466 0.287600 -0.280000
v -0.394585 0.250959 -0.280000
v -0.464852 0.203475 -0.280000
v -0.526907 0.144980 -0.280000
v -0.580395 0.075307 -0.280000
v -0.624959 -0.005712 -0.280000
v -0.660241 -0.098243 -0.280000
v -0.685884 -0.202454 -0.280000
v -0.701532 -0.318513 -0.280000
v -0.706827 -0.446586 -0.280000
v 0.356627 -0.446586 -0.280000
v -0.195984 -0.285944 -0.280000
v -0.214266 -0.285025 -0.280000
v -0.230596 -0.282344 -0.280000
v -0.245030 -0.278012 -0.280000
v -0.257623 -0.272141 -0.280000
v -0.268431 -0.264841 -0.280000
v -0.277510 -0.256225 -0.280000
v -0.284915 -0.246404 -0.280000
v -0.290703 -0.235490 -0.280000
v -0.294930 -0.223594 -0.280000
v -0.297650 -0.210829 -0.280000
v -0.298920 -0.197304 -0.280000
v -0.298795 -0.183133 -0.280000
v -0.292877 -0.132246 -0.280000
v -0.284649 -0.084204 -0.280000
v -0.273946 -0.039307 -0.280000
v -0.260598 0.002142 -0.280000
v -0.244439 0.039843 -0.280000
v -0.225301 0.073494 -0.280000
v -0.203017 0.102794 -0.280000
v -0.177421 0.127443 -0.280000
v -0.148343 0.147138 -0.280000
v -0.115618 0.161580 -0.280000
v -0.079077 0.170465 -0.280000
v -0.038554 0.173494 -0.280000
v 0.011978 0.169608 -0.280000
v 0.059140 0.158203 -0.280000
v 0.102912 0.139658 -0.280000
v 0.143270 0.114354 -0.280000
v 0.180191 0.082668 -0.280000
v 0.213655 0.044980 -0.280000
v 0.243638 0.001669 -0.280000
v 0.270118 -0.046884 -0.280000
v 0.293072 -0.100301 -0.280000
v 0.312480 -0.158203 -0.280000
v 0.328317 -0.220211 -0.280000
v 0.340562 -0.285944 -0.280000
v 1.966266 0.812851 -0.280000
v 1.967502 0.836914 -0.280000
v 1.971070 0.857831 -0.280000
v 1.976758 0.875803 -0.280000
v 1.984353 0.891031 -0.280000
v 1.993644 0.903715 -0.280000
v 2.004418 0.914056 -0.280000
v 2.016465 0.922256 -0.280000
v 2.029571 0.928514 -0.280000
v 2.043525 0.933032 -0.280000
v 2.058115 0.936011 -0.280000
v 2.073128 0.937651 -0.280000
v 2.088354 0.938153 -0.280000
v 2.098645 0.938811 -0.280000
v 2.108568 0.940741 -0.280000
v 2.118023 0.943875 -0.280000
v 2.126909 0.948148 -0.280000
v 2.135125 0.953492 -0.280000
v 2.142571 0.959839 -0.280000
v 2.149148 0.967124 -0.280000
v 2.154753 0.975279 -0.280000
v 2.159288 0.984237 -0.280000
v 2.162651 0.993931 -0.280000
v 2.164743 1.004295 -0.280000
v 2.165462 1.015261 -0.280000
v 2.164678 1.026288 -0.280000
v 2.162398 1.036814 -0.280000
v 2.158736 1.046737 -0.280000
v 2.153801 1.055957 -0.280000
v 2.147706 1.064374 -0.280000
v 2.140563 1.071887 -0.280000
v 2.132482 1.078397 -0.280000
v 2.123576 1.083802 -0.280000
v 2.113956 1.088002 -0.280000
v 2.103734 1.090897 -0.280000
v 2.093021 1.092386 -0.280000
v 2.081928 1.092369 -0.280000
v 2.063817 1.090711 -0.280000
v 2.046274 1.089008 -0.280000
v 2.029067 1.087349 -0.280000
v 2.011960 1.085825 -0.280000
v 1.994718 1.084523 -0.280000
v 1.977109 1.083534 -0.280000
v 1.958897 1.082947 -0.280000
v 1.939849 1.082850 -0.280000
v 1.919729 1.083333 -0.280000
v 1.898305 1.084486 -0.280000
v 1.875341 1.086397 -0.280000
v 1.850603 1.089157 -0.280000
v 1.827661 1.092509 -0.280000
v 1.806828 1.096162 -0.280000
v 1.787802 1.100150 -0.280000
v 1.770282 1.104507 -0.280000
v 1.753966 1.109265 -0.280000
v 1.738555 1.114458 -0.280000
v 1.723745 1.120119 -0.280000
v 1.709237 1.126283 -0.280000
v 1.694729 1.132982 -0.280000
v 1.679920 1.140250 -0.280000
v 1.664509 1.148120 -0.280000
v 1.648193 1.156626 -0.280000
v 1.638313 1.161392 -0.280000
v 1.628054 1.164495 -0.280000
v 1.617571 1.166014 -0.280000
v 1.607021 1.166027 -0.280000
v 1.596561 1.164612 -0.280000
v 1.586346 1.161847 -0.280000
v 1.576533 1.157811 -0.280000
v 1.567277 1.152580 -0.280000
v 1.558736 1.146235 -0.280000
v 1.551064 1.138852 -0.280000
v 1.544419 1.130509 -0.280000
v 1.538956 1.121285 -0.280000
v 1.536870 1.114255 -0.280000
v 1.535387 1.107616 -0.280000
v 1.534438 1.101355 -0.280000
v 1.533959 1.095463 -0.280000
v 1.533881 1.089928 -0.280000
v 1.534137 1.084739 -0.280000
v 1.534661 1.079884 -0.280000
v 1.535387 1.075353 -0.280000
v 1.536246 1.071134 -0.280000
v 1.537171 1.067217 -0.280000
v 1.538097 1.063589 -0.280000
v 1.538956 1.060241 -0.280000
v 1.542099 1.050760 -0.280000
v 1.545085 1.041425 -0.280000
v 1.547892 1.031978 -0.280000
v 1.550499 1.022163 -0.280000
v 1.552883 1.011723 -0.280000
v 1.555021 1.000401 -0.280000
v 1.556891 0.987942 -0.280000
v 1.558471 0.974089 -0.280000
v 1.559739 0.958584 -0.280000
v 1.560673 0.941172 -0.280000
v 1.561249 0.921596 -0.280000
v 1.561446 0.899598 -0.280000
v 1.561446 -0.992771 -0.280000
v 1.560335 -1.023435 -0.280000
v 1.557103 -1.051198 -0.280000
v 1.551908 -1.076105 -0.280000
v 1.544906 -1.098200 -0.280000
v 1.536253 -1.117530 -0.280000
v 1.526105 -1.134137 -0.280000
v 1.514618 -1.148067 -0.280000
v 1.501949 -1.159364 -0.280000
v 1.488254 -1.168072 -0.280000
v 1.473688 -1.174238 -0.280000
v 1.458408 -1.177904 -0.280000
v 1.442571 -1.179117 -0.280000
v 1.432279 -1.179836 -0.280000
v 1.422356 -1.181928 -0.280000
v 1.412902 -1.185291 -0.280000
v 1.404016 -1.189826 -0.280000
v 1.395800 -1.195432 -0.280000
v 1.388354 -1.202008 -0.280000
v 1.381778 -1.209455 -0.280000
v 1.376172 -1.217671 -0.280000
v 1.371637 -1.226556 -0.280000
v 1.368274 -1.236011 -0.280000
v 1.366182 -1.245934 -0.280000
v 1.365462 -1.256225 -0.280000
v 1.366245 -1.267252 -0.280000
v 1.368512 -1.277778 -0.280000
v 1.372139 -1.287701 -0.280000
v 1.377005 -1.296921 -0.280000
v 1.382986 -1.305338 -0.280000
v 1.389960 -1.312852 -0.280000
v 1.397805 -1.319361 -0.280000
v 1.406397 -1.324766 -0.280000
v 1.415613 -1.328966 -0.280000
v 1.425331 -1.331861 -0.280000
v 1.435429 -1.333350 -0.280000
v 1.445784 -1.333333 -0.280000
v 1.465909 -1.332469 -0.280000
v 1.487640 -1.331504 -0.280000
v 1.510844 -1.330472 -0.280000
v 1.535387 -1.329407 -0.280000
v 1.561134 -1.328341 -0.280000
v 1.587952 -1.327309 -0.280000
v 1.615708 -1.326344 -0.280000
v 1.644267 -1.325480 -0.280000
v 1.673495 -1.324749 -0.280000
v 1.703258 -1.324186 -0.280000
v 1.733423 -1.323823 -0.280000
v 1.763856 -1.323695 -0.280000
v 1.794350 -1.323823 -0.280000
v 1.824677 -1.324186 -0.280000
v 1.854669 -1.324749 -0.280000
v 1.884159 -1.325480 -0.280000
v 1.912980 -1.326344 -0.280000
v 1.940964 -1.327309 -0.280000
v 1.967945 -1.328341 -0.280000
v 1.993753 -1.329407 -0.280000
v 2.018224 -1.330472 -0.280000
v 2.041188 -1.331504 -0.280000
v 2.062478 -1.332469 -0.280000
v 2.081928 -1.333333 -0.280000
v 2.093021 -1.333350 -0.280000
v 2.103734 -1.331861 -0.280000
v 2.113956 -1.328966 -0.280000
v 2.123576 -1.324766 -0.280000
v 2.132482 -1.319361 -0.280000
v 2.140563 -1.312852 -0.280000
v 2.147706 -1.305338 -0.280000
v 2.153801 -1.296921 -0.280000
v 2.158736 -1.287701 -0.280000
v 2.162398 -1.277778 -0.280000
v 2.164678 -1.267253 -0.280000
v 2.165462 -1.256225 -0.280000
v 2.164742 -1.245934 -0.280000
v 2.162651 -1.236011 -0.280000
v 2.159287 -1.226556 -0.280000
v 2.154753 -1.217671 -0.280000
v 2.149147 -1.209455 -0.280000
v 2.142571 -1.202008 -0.280000
v 2.135124 -1.195432 -0.280000
v 2.126908 -1.189826 -0.280000
v 2.118022 -1.185291 -0.280000
v 2.108568 -1.181928 -0.280000
v 2.098645 -1.179836 -0.280000
v 2.088354 -1.179117 -0.280000
v 2.072453 -1.177904 -0.280000
v 2.056999 -1.174238 -0.280000
v 2.042169 -1.168072 -0.280000
v 2.028143 -1.159364 -0.280000
v 2.015098 -1.148067 -0.280000
v 2.003213 -1.134137 -0.280000
v 1.992667 -1.117530 -0.280000
v 1.983639 -1.098200 -0.280000
v 1.976306 -1.076105 -0.280000
v 1.970847 -1.051198 -0.280000
v 1.967441 -1.023435 -0.280000
v 1.966266 -0.992771 -0.280000
v 4.822517 0.079494 -0.280000
v 4.777452 0.285215 -0.280000
v 4.707932 0.464408 -0.280000
v 4.618534 0.618533 -0.280000
v 4.513830 0.749054 -0.280000
v 4.398395 0.857430 -0.280000
v 4.276801 0.945123 -0.280000
v 4.153623 1.013595 -0.280000
v 4.033434 1.064307 -0.280000
v 3.920810 1.098721 -0.280000
v 3.820323 1.118297 -0.280000
v 3.736547 1.124498 -0.280000
v 3.684958 1.123328 -0.280000
v 3.634687 1.119961 -0.280000
v 3.585844 1.114608 -0.280000
v 3.538540 1.107482 -0.280000
v 3.492887 1.098793 -0.280000
v 3.448996 1.088755 -0.280000
v 3.406980 1.077579 -0.280000
v 3.366950 1.065477 -0.280000
v 3.329016 1.052661 -0.280000
v 3.293292 1.039343 -0.280000
v 3.259888 1.025734 -0.280000
v 3.228916 1.012048 -0.280000
v 3.214055 1.005366 -0.280000
v 3.199986 0.999821 -0.280000
v 3.186697 0.995482 -0.280000
v 3.174179 0.992414 -0.280000
v 3.162419 0.990685 -0.280000
v 3.151406 0.990361 -0.280000
v 3.141130 0.991511 -0.280000
v 3.131579 0.994199 -0.280000
v 3.122741 0.998494 -0.280000
v 3.114607 1.004462 -0.280000
v 3.107164 1.012171 -0.280000
v 3.100402 1.021687 -0.280000
v 3.096925 1.027168 -0.280000
v 3.092935 1.032337 -0.280000
v 3.088454 1.037148 -0.280000
v 3.083505 1.041559 -0.280000
v 3.078109 1.045523 -0.280000
v 3.072290 1.048996 -0.280000
v 3.066068 1.051934 -0.280000
v 3.059468 1.054291 -0.280000
v 3.052510 1.056024 -0.280000
v 3.045218 1.057088 -0.280000
v 3.037614 1.057437 -0.280000
v 3.029719 1.057028 -0.280000
v 3.019432 1.056180 -0.280000
v 3.009535 1.053726 -0.280000
v 3.000151 1.049799 -0.280000
v 2.991403 1.044534 -0.280000
v 2.983414 1.038063 -0.280000
v 2.976306 1.030522 -0.280000
v 2.970202 1.022044 -0.280000
v 2.965225 1.012762 -0.280000
v 2.961497 1.002811 -0.280000
v 2.959141 0.992325 -0.280000
v 2.958280 0.981437 -0.280000
v 2.959037 0.970281 -0.280000
v 2.961508 0.950894 -0.280000
v 2.964079 0.929778 -0.280000
v 2.966717 0.907078 -0.280000
v 2.969389 0.882939 -0.280000
v 2.972061 0.857506 -0.280000
v 2.974699 0.830924 -0.280000
v 2.977271 0.803337 -0.280000
v 2.979742 0.774892 -0.280000
v 2.982079 0.745733 -0.280000
v 2.984249 0.716005 -0.280000
v 2.986217 0.685853 -0.280000
v 2.987952 0.655422 -0.280000
v 2.989429 0.624989 -0.280000
v 2.990659 0.594824 -0.280000
v 2.991667 0.565060 -0.280000
v 2.992474 0.535832 -0.280000
v 2.993103 0.507273 -0.280000
v 2.993575 0.479518 -0.280000
v 2.993913 0.452700 -0.280000
v 2.994140 0.426952 -0.280000
v 2.994278 0.402409 -0.280000
v 2.994348 0.379206 -0.280000
v 2.994374 0.357474 -0.280000
v 2.994378 0.337349 -0.280000
v 2.995163 0.326322 -0.280000
v 2.997442 0.315796 -0.280000
v 3.001105 0.305873 -0.280000
v 3.006040 0.296653 -0.280000
v 3.012134 0.288236 -0.280000
v 3.019278 0.280723 -0.280000
v 3.027358 0.274213 -0.280000
v 3.036264 0.268808 -0.280000
v 3.045884 0.264608 -0.280000
v 3.056107 0.261713 -0.280000
v 3.066820 0.260224 -0.280000
v 3.077912 0.260241 -0.280000
v 3.088138 0.261024 -0.280000
v 3.097873 0.263290 -0.280000
v 3.107028 0.266918 -0.280000
v 3.115514 0.271783 -0.280000
v 3.123241 0.277765 -0.280000
v 3.130121 0.284739 -0.280000
v 3.136063 0.292583 -0.280000
v 3.140979 0.301175 -0.280000
v 3.144779 0.310391 -0.280000
v 3.147375 0.320110 -0.280000
v 3.148677 0.330208 -0.280000
v 3.148595 0.340562 -0.280000
v 3.155930 0.402770 -0.280000
v 3.171397 0.469285 -0.280000
v 3.194830 0.538253 -0.280000
v 3.226060 0.607824 -0.280000
v 3.264921 0.676145 -0.280000
v 3.311245 0.741365 -0.280000
v 3.364866 0.801632 -0.280000
v 3.425614 0.855094 -0.280000
v 3.493324 0.899899 -0.280000
v 3.567827 0.934196 -0.280000
v 3.648957 0.956132 -0.280000
v 3.736547 0.963855 -0.280000
v 3.822567 0.956030 -0.280000
v 3.905028 0.932575 -0.280000
v 3.983183 0.893524 -0.280000
v 4.056285 0.838911 -0.280000
v 4.123586 0.768769 -0.280000
v 4.184338 0.683132 -0.280000
v 4.237794 0.582034 -0.280000
v 4.283207 0.465506 -0.280000
v 4.319830 0.333584 -0.280000
v 4.346914 0.186301 -0.280000
v 4.363713 0.023689 -0.280000
v 4.369478 -0.154217 -0.280000
v 4.363713 -0.316306 -0.280000
v 4.346914 -0.465120 -0.280000
v 4.319830 -0.600502 -0.280000
v 4.283207 -0.722297 -0.280000
v 4.237794 -0.830347 -0.280000
v 4.184338 -0.924498 -0.280000
v 4.123586 -1.004593 -0.280000
v 4.056285 -1.070475 -0.280000
v 3.983183 -1.121988 -0.280000
v 3.905028 -1.158977 -0.280000
v 3.822567 -1.181285 -0.280000
v 3.736547 -1.188755 -0.280000
v 3.645486 -1.181586 -0.280000
v 3.560405 -1.160851 -0.280000
v 3.481527 -1.127711 -0.280000
v 3.409074 -1.083326 -0.280000
v 3.343270 -1.028856 -0.280000
v 3.284338 -0.965462 -0.280000
v 3.232501 -0.894303 -0.280000
v 3.187982 -0.816540 -0.280000
v 3.151005 -0.733333 -0.280000
v 3.121791 -0.645843 -0.280000
v 3.100566 -0.555228 -0.280000
v 3.087551 -0.462651 -0.280000
v 3.086894 -0.452295 -0.280000
v 3.084977 -0.442184 -0.280000
v 3.081878 -0.432430 -0.280000
v 3.077674 -0.423145 -0.280000
v 3.072444 -0.414439 -0.280000
v 3.066266 -0.406426 -0.280000
v 3.059217 -0.399216 -0.280000
v 3.051376 -0.392920 -0.280000
v 3.042822 -0.387651 -0.280000
v 3.033631 -0.383519 -0.280000
v 3.023883 -0.380637 -0.280000
v 3.013655 -0.379117 -0.280000
v 3.002563 -0.379838 -0.280000
v 2.991849 -0.381943 -0.280000
v 2.981627 -0.385341 -0.280000
v 2.972007 -0.389945 -0.280000
v 2.963101 -0.395664 -0.280000
v 2.955021 -0.402410 -0.280000
v 2.947877 -0.410092 -0.280000
v 2.941782 -0.418623 -0.280000
v 2.936848 -0.427912 -0.280000
v 2.933185 -0.437870 -0.280000
v 2.930906 -0.448409 -0.280000
v 2.930121 -0.459438 -0.280000
v 2.930117 -0.478888 -0.280000
v 2.930091 -0.500179 -0.280000
v 2.930020 -0.523143 -0.280000
v 2.929883 -0.547613 -0.280000
v 2.929656 -0.573422 -0.280000
v 2.929318 -0.600402 -0.280000
v 2.928845 -0.628386 -0.280000
v 2.928217 -0.657207 -0.280000
v 2.927410 -0.686697 -0.280000
v 2.926402 -0.716689 -0.280000
v 2.925172 -0.747016 -0.280000
v 2.923695 -0.777510 -0.280000
v 2.921961 -0.807205 -0.280000
v 2.919991 -0.836755 -0.280000
v 2.917822 -0.866014 -0.280000
v 2.915484 -0.894839 -0.280000
v 2.913013 -0.923083 -0.280000
v 2.910442 -0.950603 -0.280000
v 2.907804 -0.977252 -0.280000
v 2.905132 -1.002886 -0.280000
v 2.902460 -1.027360 -0.280000
v 2.899822 -1.050528 -0.280000
v 2.897251 -1.072247 -0.280000
v 2.894780 -1.092370 -0.280000
v 2.894025 -1.103464 -0.280000
v 2.894898 -1.114190 -0.280000
v 2.897290 -1.124448 -0.280000
v 2.901086 -1.134137 -0.280000
v 2.906177 -1.143156 -0.280000
v 2.912450 -1.151406 -0.280000
v 2.919794 -1.158785 -0.280000
v 2.928098 -1.165194 -0.280000
v 2.937249 -1.170532 -0.280000
v 2.947137 -1.174699 -0.280000
v 2.957649 -1.177594 -0.280000
v 2.968675 -1.179117 -0.280000
v 2.974294 -1.179592 -0.280000
v 2.979890 -1.179444 -0.280000
v 2.985442 -1.178715 -0.280000
v 2.990927 -1.177451 -0.280000
v 2.996323 -1.175695 -0.280000
v 3.001607 -1.173494 -0.280000
v 3.006757 -1.170891 -0.280000
v 3.011751 -1.167931 -0.280000
v 3.016567 -1.164659 -0.280000
v 3.021182 -1.161119 -0.280000
v 3.025573 -1.157355 -0.280000
v 3.029719 -1.153414 -0.280000
v 3.035550 -1.146415 -0.280000
v 3.041827 -1.139997 -0.280000
v 3.048595 -1.134338 -0.280000
v 3.055898 -1.129615 -0.280000
v 3.063781 -1.126008 -0.280000
v 3.072290 -1.123695 -0.280000
v 3.081467 -1.122855 -0.280000
v 3.091359 -1.123665 -0.280000
v 3.102009 -1.126305 -0.280000
v 3.113462 -1.130954 -0.280000
v 3.125763 -1.137788 -0.280000
v 3.138956 -1.146988 -0.280000
v 3.177159 -1.175268 -0.280000
v 3.217805 -1.202142 -0.280000
v 3.260794 -1.227410 -0.280000
v 3.306025 -1.250870 -0.280000
v 3.353397 -1.272323 -0.280000
v 3.402812 -1.291566 -0.280000
v 3.454167 -1.308401 -0.280000
v 3.507363 -1.322624 -0.280000
v 3.562300 -1.334036 -0.280000
v 3.618876 -1.342437 -0.280000
v 3.676992 -1.347624 -0.280000
v 3.736547 -1.349398 -0.280000
v 3.855418 -1.342141 -0.280000
v 3.978819 -1.319991 -0.280000
v 4.103916 -1.282379 -0.280000
v 4.227875 -1.228737 -0.280000
v 4.347862 -1.158495 -0.280000
v 4.461045 -1.071084 -0.280000
v 4.564589 -0.965936 -0.280000
v 4.655660 -0.842481 -0.280000
v 4.731426 -0.700151 -0.280000
v 4.789053 -0.538376 -0.280000
v 4.825707 -0.356588 -0.280000
v 4.838555 -0.154217 -0.280000
v -3.542385 -1.333350 0.280000
v -3.531847 -1.331861 0.280000
v -3.521888 -1.328966 0.280000
v -3.512599 -1.324766 0.280000
v -3.504069 -1.319361 0.280000
v -3.496386 -1.312852 0.280000
v -3.489641 -1.305338 0.280000
v -3.483922 -1.296921 0.280000
v -3.479318 -1.287701 0.280000
v -3.475919 -1.277778 0.280000
v -3.473814 -1.267253 0.280000
v -3.473093 -1.256225 0.280000
v -3.473751 -1.245934 0.280000
v -3.475681 -1.236011 0.280000
v -3.478816 -1.226556 0.280000
v -3.483088 -1.217671 0.280000
v -3.488432 -1.209455 0.280000
v -3.494780 -1.202008 0.280000
v -3.502064 -1.195432 0.280000
v -3.510219 -1.189826 0.280000
v -3.519177 -1.185291 0.280000
v -3.528872 -1.181928 0.280000
v -3.539235 -1.179836 0.280000
v -3.550201 -1.179117 0.280000
v -3.566038 -1.177904 0.280000
v -3.581318 -1.174238 0.280000
v -3.595884 -1.168072 0.280000
v -3.609579 -1.159364 0.280000
v -3.622248 -1.148067 0.280000
v -3.633735 -1.134137 0.280000
v -3.643883 -1.117530 0.280000
v -3.652536 -1.098200 0.280000
v -3.659539 -1.076105 0.280000
v -3.664733 -1.051198 0.280000
v -3.667965 -1.023435 0.280000
v -3.669077 -0.992771 0.280000
v -3.669077 -0.019277 0.280000
v -3.667842 0.004723 0.280000
v -3.664287 0.025465 0.280000
v -3.658635 0.043173 0.280000
v -3.651109 0.058069 0.280000
v -3.641931 0.070378 0.280000
v -3.631326 0.080321 0.280000
v -3.619515 0.088123 0.280000
v -3.606724 0.094006 0.280000
v -3.593173 0.098193 0.280000
v -3.579087 0.100907 0.280000
v -3.564689 0.102372 0.280000
v -3.550201 0.102811 0.280000
v -3.539235 0.103533 0.280000
v -3.528872 0.105637 0.280000
v -3.519177 0.109036 0.280000
v -3.510219 0.113640 0.280000
v -3.502064 0.119359 0.280000
v -3.494780 0.126104 0.280000
v -3.488432 0.133787 0.280000
v -3.483088 0.142317 0.280000
v -3.478816 0.151606 0.280000
v -3.475681 0.161565 0.280000
v -3.473751 0.172103 0.280000
v -3.473093 0.183132 0.280000
v -3.473814 0.194160 0.280000
v -3.475919 0.204685 0.280000
v -3.479318 0.214608 0.280000
v -3.483922 0.223829 0.280000
v -3.489641 0.232246 0.280000
v -3.496386 0.239759 0.280000
v -3.504069 0.246268 0.280000
v -3.512599 0.251673 0.280000
v -3.521888 0.255873 0.280000
v -3.531847 0.258768 0.280000
v -3.542385 0.260258 0.280000
v -3.553414 0.260241 0.280000
v -3.572202 0.258521 0.280000
v -3.590198 0.256656 0.280000
v -3.607681 0.254769 0.280000
v -3.624930 0.252982 0.280000
v -3.642223 0.251419 0.280000
v -3.659840 0.250201 0.280000
v -3.678059 0.249451 0.280000
v -3.697160 0.249293 0.280000
v -3.717420 0.249849 0.280000
v -3.739120 0.251242 0.280000
v -3.762537 0.253594 0.280000
v -3.787952 0.257028 0.280000
v -3.810219 0.259705 0.280000
v -3.830611 0.262918 0.280000
v -3.849398 0.266667 0.280000
v -3.866845 0.270950 0.280000
v -3.883222 0.275770 0.280000
v -3.898795 0.281124 0.280000
v -3.913833 0.287015 0.280000
v -3.928604 0.293440 0.280000
v -3.943374 0.300401 0.280000
v -3.958412 0.307898 0.280000
v -3.973985 0.315930 0.280000
v -3.990362 0.324498 0.280000
v -4.000179 0.328588 0.280000
v -4.010264 0.331251 0.280000
v -4.020483 0.332530 0.280000
v -4.030701 0.332471 0.280000
v -4.040786 0.331117 0.280000
v -4.050603 0.328514 0.280000
v -4.060019 0.324706 0.280000
v -4.068899 0.319738 0.280000
v -4.077109 0.313655 0.280000
v -4.084517 0.306500 0.280000
v -4.090987 0.298319 0.280000
v -4.096386 0.289157 0.280000
v -4.097922 0.285010 0.280000
v -4.099302 0.280619 0.280000
v -4.100503 0.276004 0.280000
v -4.101503 0.271188 0.280000
v -4.102281 0.266194 0.280000
v -4.102812 0.261044 0.280000
v -4.103076 0.255760 0.280000
v -4.103050 0.250364 0.280000
v -4.102712 0.244879 0.280000
v -4.102038 0.239328 0.280000
v -4.101008 0.233731 0.280000
v -4.099599 0.228112 0.280000
v -4.096454 0.219448 0.280000
v -4.093455 0.211007 0.280000
v -4.090612 0.202610 0.280000
v -4.087937 0.194080 0.280000
v -4.085440 0.185237 0.280000
v -4.083132 0.175903 0.280000
v -4.081026 0.165901 0.280000
v -4.079131 0.155050 0.280000
v -4.077460 0.143173 0.280000
v -4.076023 0.130091 0.280000
v -4.074831 0.115625 0.280000
v -4.073896 0.099598 0.280000
v -4.112025 0.139984 0.280000
v -4.152150 0.176097 0.280000
v -4.193726 0.208082 0.280000
v -4.236205 0.236085 0.280000
v -4.279041 0.260250 0.280000
v -4.321687 0.280723 0.280000
v -4.363597 0.297648 0.280000
v -4.404225 0.311170 0.280000
v -4.443023 0.321436 0.280000
v -4.479445 0.328588 0.280000
v -4.512943 0.332774 0.280000
v -4.542973 0.334136 0.280000
v -4.616348 0.328733 0.280000
v -4.683654 0.313134 0.280000
v -4.744579 0.288253 0.280000
v -4.798811 0.255005 0.280000
v -4.846037 0.214305 0.280000
v -4.885945 0.167068 0.280000
v -4.918222 0.114209 0.280000
v -4.942556 0.056641 0.280000
v -4.958635 -0.004719 0.280000
v -4.966147 -0.068957 0.280000
v -4.964778 -0.135159 0.280000
v -4.954217 -0.202410 0.280000
v -4.944207 -0.233811 0.280000
v -4.931965 -0.262190 0.280000
v -4.917671 -0.287600 0.280000
v -4.901503 -0.310100 0.280000
v -4.883638 -0.329743 0.280000
v -4.864257 -0.346586 0.280000
v -4.843537 -0.360685 0.280000
v -4.821657 -0.372096 0.280000
v -4.798795 -0.380874 0.280000
v -4.775130 -0.387074 0.280000
v -4.750841 -0.390754 0.280000
v -4.726105 -0.391968 0.280000
v -4.695294 -0.389871 0.280000
v -4.665700 -0.383757 0.280000
v -4.637600 -0.373896 0.280000
v -4.611275 -0.360553 0.280000
v -4.587002 -0.343998 0.280000
v -4.565060 -0.324498 0.280000
v -4.545729 -0.302321 0.280000
v -4.529287 -0.277733 0.280000
v -4.516014 -0.251004 0.280000
v -4.506188 -0.222401 0.280000
v -4.500088 -0.192191 0.280000
v -4.497993 -0.160643 0.280000
v -4.498653 -0.143113 0.280000
v -4.500609 -0.125896 0.280000
v -4.503815 -0.109036 0.280000
v -4.508225 -0.092578 0.280000
v -4.513795 -0.076566 0.280000
v -4.520482 -0.061044 0.280000
v -4.528239 -0.046058 0.280000
v -4.537022 -0.031653 0.280000
v -4.546787 -0.017872 0.280000
v -4.557489 -0.004760 0.280000
v -4.569084 0.007638 0.280000
v -4.581527 0.019277 0.280000
v -4.599867 0.035135 0.280000
v -4.616065 0.051896 0.280000
v -4.629720 0.069126 0.280000
v -4.640429 0.086390 0.280000
v -4.647792 0.103252 0.280000
v -4.651406 0.119277 0.280000
v -4.650871 0.134030 0.280000
v -4.645784 0.147077 0.280000
v -4.635744 0.157982 0.280000
v -4.620348 0.166310 0.280000
v -4.599197 0.171625 0.280000
v -4.571888 0.173494 0.280000
v -4.524294 0.170355 0.280000
v -4.472528 0.160702 0.280000
v -4.418173 0.144177 0.280000
v -4.362815 0.120422 0.280000
v -4.308036 0.089082 0.280000
v -4.255422 0.049799 0.280000
v -4.206556 0.002216 0.280000
v -4.163023 -0.054024 0.280000
v -4.126406 -0.119277 0.280000
v -4.098290 -0.193902 0.280000
v -4.080258 -0.278254 0.280000
v -4.073896 -0.372691 0.280000
v -4.073896 -0.992771 0.280000
v -4.075008 -1.023435 0.280000
v -4.078239 -1.051198 0.280000
v -4.083434 -1.076105 0.280000
v -4.090436 -1.098200 0.280000
v -4.099089 -1.117530 0.280000
v -4.109237 -1.134137 0.280000
v -4.120724 -1.148067 0.280000
v -4.133393 -1.159364 0.280000
v -4.147089 -1.168072 0.280000
v -4.161654 -1.174238 0.280000
v -4.176934 -1.177904 0.280000
v -4.192771 -1.179117 0.280000
v -4.203801 -1.179836 0.280000
v -4.214339 -1.181928 0.280000
v -4.224298 -1.185291 0.280000
v -4.233586 -1.189826 0.280000
v -4.242117 -1.195432 0.280000
v -4.249800 -1.202008 0.280000
v -4.256545 -1.209455 0.280000
v -4.262264 -1.217671 0.280000
v -4.266868 -1.226556 0.280000
v -4.270267 -1.236011 0.280000
v -4.272371 -1.245934 0.280000
v -4.273093 -1.256225 0.280000
v -4.272308 -1.267252 0.280000
v -4.270029 -1.277778 0.280000
v -4.266366 -1.287701 0.280000
v -4.261432 -1.296921 0.280000
v -4.255337 -1.305338 0.280000
v -4.248193 -1.312852 0.280000
v -4.240113 -1.319361 0.280000
v -4.231207 -1.324766 0.280000
v -4.221587 -1.328966 0.280000
v -4.211365 -1.331861 0.280000
v -4.200652 -1.333350 0.280000
v -4.189559 -1.333333 0.280000
v -4.169434 -1.332469 0.280000
v -4.147703 -1.331504 0.280000
v -4.124499 -1.330472 0.280000
v -4.099956 -1.329407 0.280000
v -4.074208 -1.328341 0.280000
v -4.047390 -1.327309 0.280000
v -4.019634 -1.326344 0.280000
v -3.991076 -1.325480 0.280000
v -3.961848 -1.324749 0.280000
v -3.932084 -1.324186 0.280000
v -3.901919 -1.323823 0.280000
v -3.871486 -1.323695 0.280000
v -3.841053 -1.323823 0.280000
v -3.810888 -1.324186 0.280000
v -3.781125 -1.324749 0.280000
v -3.751897 -1.325480 0.280000
v -3.723338 -1.326344 0.280000
v -3.695583 -1.327309 0.280000
v -3.668764 -1.328341 0.280000
v -3.643017 -1.329407 0.280000
v -3.618474 -1.330472 0.280000
v -3.595270 -1.331504 0.280000
v -3.573539 -1.332469 0.280000
v -3.553414 -1.333333 0.280000
v -2.300402 -0.311647 0.280000
v -2.298321 -0.215711 0.280000
v -2.292057 -0.132917 0.280000
v -2.281576 -0.062349 0.280000
v -2.266845 -0.003094 0.280000
v -2.247830 0.045764 0.280000
v -2.224498 0.085140 0.280000
v -2.196815 0.115949 0.280000
v -2.164748 0.139104 0.280000
v -2.128263 0.155522 0.280000
v -2.087327 0.166116 0.280000
v -2.041907 0.171802 0.280000
v -1.991968 0.173494 0.280000
v -1.950984 0.171874 0.280000
v -1.912019 0.167232 0.280000
v -1.875753 0.159889 0.280000
v -1.842868 0.150171 0.280000
v -1.814043 0.138400 0.280000
v -1.789960 0.124899 0.280000
v -1.771298 0.109994 0.280000
v -1.758739 0.094006 0.280000
v -1.752962 0.077259 0.280000
v -1.754648 0.060077 0.280000
v -1.764478 0.042784 0.280000
v -1.783133 0.025703 0.280000
v -1.797178 0.014673 0.280000
v -1.810353 0.002529 0.280000
v -1.822591 -0.010643 0.280000
v -1.833824 -0.024751 0.280000
v -1.843987 -0.039707 0.280000
v -1.853012 -0.055422 0.280000
v -1.860832 -0.071806 0.280000
v -1.867381 -0.088770 0.280000
v -1.872590 -0.106225 0.280000
v -1.876395 -0.124082 0.280000
v -1.878726 -0.142251 0.280000
v -1.879518 -0.160643 0.280000
v -1.877421 -0.192191 0.280000
v -1.871307 -0.222401 0.280000
v -1.861446 -0.251004 0.280000
v -1.848104 -0.277733 0.280000
v -1.831548 -0.302321 0.280000
v -1.812048 -0.324498 0.280000
v -1.789871 -0.343998 0.280000
v -1.765283 -0.360553 0.280000
v -1.738554 -0.373896 0.280000
v -1.709951 -0.383757 0.280000
v -1.679741 -0.389871 0.280000
v -1.648193 -0.391968 0.280000
v -1.625985 -0.390914 0.280000
v -1.604403 -0.387818 0.280000
v -1.583534 -0.382781 0.280000
v -1.563469 -0.375904 0.280000
v -1.544296 -0.367286 0.280000
v -1.526104 -0.357028 0.280000
v -1.508984 -0.345231 0.280000
v -1.493024 -0.331995 0.280000
v -1.478313 -0.317420 0.280000
v -1.464941 -0.301607 0.280000
v -1.452997 -0.284655 0.280000
v -1.442570 -0.266667 0.280000
v -1.415769 -0.201527 0.280000
v -1.405399 -0.134033 0.280000
v -1.410492 -0.065713 0.280000
v -1.430076 0.001904 0.280000
v -1.463181 0.067289 0.280000
v -1.508835 0.128916 0.280000
v -1.566070 0.185254 0.280000
v -1.633914 0.234776 0.280000
v -1.711396 0.275954 0.280000
v -1.797546 0.307258 0.280000
v -1.891393 0.327162 0.280000
v -1.991968 0.334136 0.280000
v -2.132213 0.326707 0.280000
v -2.253414 0.305488 0.280000
v -2.356878 0.272088 0.280000
v -2.443909 0.228112 0.280000
v -2.515814 0.175167 0.280000
v -2.573896 0.114859 0.280000
v -2.619462 0.048795 0.280000
v -2.653816 -0.021419 0.280000
v -2.678263 -0.094177 0.280000
v -2.694110 -0.167872 0.280000
v -2.702661 -0.240897 0.280000
v -2.705221 -0.311647 0.280000
v -2.705221 -0.774297 0.280000
v -2.706288 -0.828029 0.280000
v -2.709475 -0.876707 0.280000
v -2.714759 -0.920231 0.280000
v -2.722118 -0.958501 0.280000
v -2.731529 -0.991416 0.280000
v -2.742972 -1.018876 0.280000
v -2.756422 -1.040780 0.280000
v -2.771858 -1.057028 0.280000
v -2.789257 -1.067520 0.280000
v -2.808597 -1.072155 0.280000
v -2.829856 -1.070833 0.280000
v -2.853012 -1.063454 0.280000
v -2.862770 -1.059972 0.280000
v -2.872706 -1.057549 0.280000
v -2.882731 -1.056175 0.280000
v -2.892756 -1.055838 0.280000
v -2.902693 -1.056528 0.280000
v -2.912450 -1.058233 0.280000
v -2.921940 -1.060942 0.280000
v -2.931073 -1.064644 0.280000
v -2.939759 -1.069327 0.280000
v -2.947910 -1.074982 0.280000
v -2.955437 -1.081595 0.280000
v -2.962249 -1.089157 0.280000
v -2.968809 -1.099045 0.280000
v -2.974030 -1.109356 0.280000
v -2.977912 -1.119980 0.280000
v -2.980455 -1.130805 0.280000
v -2.981660 -1.141719 0.280000
v -2.981526 -1.152611 0.280000
v -2.980054 -1.163368 0.280000
v -2.977242 -1.173881 0.280000
v -2.973093 -1.184036 0.280000
v -2.967604 -1.193723 0.280000
v -2.960777 -1.202830 0.280000
v -2.952610 -1.211245 0.280000
v -2.912586 -1.242468 0.280000
v -2.871501 -1.268794 0.280000
v -2.829769 -1.290412 0.280000
v -2.787803 -1.307512 0.280000
v -2.746016 -1.320283 0.280000
v -2.704819 -1.328916 0.280000
v -2.664627 -1.333599 0.280000
v -2.625852 -1.334523 0.280000
v -2.588906 -1.331878 0.280000
v -2.554202 -1.325852 0.280000
v -2.522153 -1.316635 0.280000
v -2.493173 -1.304418 0.280000
v -2.473693 -1.292833 0.280000
v -2.455407 -1.280545 0.280000
v -2.438303 -1.267520 0.280000
v -2.422371 -1.253726 0.280000
v -2.407599 -1.239129 0.280000
v -2.393976 -1.223695 0.280000
v -2.381491 -1.207391 0.280000
v -2.370132 -1.190183 0.280000
v -2.359890 -1.172038 0.280000
v -2.350751 -1.152923 0.280000
v -2.342706 -1.132804 0.280000
v -2.335743 -1.111647 0.280000
v -2.311379 -1.147371 0.280000
v -2.284873 -1.180574 0.280000
v -2.256225 -1.211145 0.280000
v -2.225435 -1.238971 0.280000
v -2.192503 -1.263941 0.280000
v -2.157430 -1.285944 0.280000
v -2.120214 -1.304868 0.280000
v -2.080857 -1.320601 0.280000
v -2.039357 -1.333032 0.280000
v -1.995716 -1.342050 0.280000
v -1.949933 -1.347542 0.280000
v -1.902008 -1.349398 0.280000
v -1.817020 -1.346521 0.280000
v -1.738837 -1.337900 0.280000
v -1.667570 -1.323544 0.280000
v -1.603332 -1.303466 0.280000
v -1.546233 -1.277676 0.280000
v -1.496386 -1.246185 0.280000
v -1.453901 -1.209005 0.280000
v -1.418890 -1.166146 0.280000
v -1.391466 -1.117621 0.280000
v -1.371739 -1.063439 0.280000
v -1.359821 -1.003613 0.280000
v -1.355823 -0.938153 0.280000
v -1.364837 -0.853176 0.280000
v -1.390986 -0.773732 0.280000
v -1.432932 -0.700402 0.280000
v -1.489335 -0.633765 0.280000
v -1.558858 -0.574401 0.280000
v -1.640161 -0.522892 0.280000
v -1.731905 -0.479816 0.280000
v -1.832753 -0.445754 0.280000
v -1.941365 -0.421285 0.280000
v -2.056403 -0.406991 0.280000
v -2.176528 -0.403451 0.280000
v -2.300402 -0.411245 0.280000
v -2.300402 -0.571888 0.280000
v -2.215540 -0.566741 0.280000
v -2.137707 -0.570073 0.280000
v -2.066968 -0.581125 0.280000
v -2.003392 -0.599137 0.280000
v -1.947044 -0.623353 0.280000
v -1.897992 -0.653012 0.280000
v -1.856303 -0.687357 0.280000
v -1.822044 -0.725629 0.280000
v -1.795281 -0.767068 0.280000
v -1.776082 -0.810918 0.280000
v -1.764514 -0.856418 0.280000
v -1.760643 -0.902811 0.280000
v -1.763056 -0.938599 0.280000
v -1.770043 -0.971977 0.280000
v -1.781225 -1.002811 0.280000
v -1.796222 -1.030969 0.280000
v -1.814655 -1.056314 0.280000
v -1.836144 -1.078715 0.280000
v -1.860312 -1.098037 0.280000
v -1.886777 -1.114146 0.280000
v -1.915161 -1.126908 0.280000
v -1.945084 -1.136189 0.280000
v -1.976168 -1.141856 0.280000
v -2.008032 -1.143775 0.280000
v -2.042011 -1.141945 0.280000
v -2.074773 -1.136368 0.280000
v -2.106175 -1.126908 0.280000
v -2.136070 -1.113431 0.280000
v -2.164315 -1.095805 0.280000
v -2.190763 -1.073896 0.280000
v -2.215271 -1.047568 0.280000
v -2.237692 -1.016689 0.280000
v -2.257882 -0.981125 0.280000
v -2.275696 -0.940741 0.280000
v -2.290988 -0.895404 0.280000
v -2.303615 -0.844980 0.280000
v -2.302876 -0.839356 0.280000
v -2.302261 -0.833720 0.280000
v -2.301757 -0.828062 0.280000
v -2.301354 -0.822371 0.280000
v -2.301040 -0.816635 0.280000
v -2.300804 -0.810843 0.280000
v -2.300634 -0.804985 0.280000
v -2.300521 -0.799048 0.280000
v -2.300452 -0.793022 0.280000
v -2.300417 -0.786896 0.280000
v -2.300404 -0.780658 0.280000
v -2.300402 -0.774297 0.280000
v 0.357304 -0.562428 0.280000
v 0.349993 -0.668898 0.280000
v 0.335141 -0.765864 0.280000
v 0.313194 -0.853191 0.280000
v 0.284598 -0.930745 0.280000
v 0.249799 -0.998394 0.280000
v 0.209245 -1.056002 0.280000
v 0.163380 -1.103436 0.280000
v 0.112651 -1.140562 0.280000
v 0.057504 -1.167247 0.280000
v -0.001614 -1.183356 0.280000
v -0.064257 -1.188755 0.280000
v -0.117977 -1.186648 0.280000
v -0.169790 -1.180202 0.280000
v -0.219528 -1.169227 0.280000
v -0.267023 -1.153533 0.280000
v -0.312109 -1.132930 0.280000
v -0.354618 -1.107229 0.280000
v -0.394383 -1.076240 0.280000
v -0.431236 -1.039774 0.280000
v -0.465010 -0.997641 0.280000
v -0.495537 -0.949651 0.280000
v -0.522651 -0.895614 0.280000
v -0.546185 -0.835342 0.280000
v -0.550110 -0.825314 0.280000
v -0.555362 -0.816168 0.280000
v -0.561797 -0.807982 0.280000
v -0.569269 -0.800833 0.280000
v -0.577634 -0.794800 0.280000
v -0.586747 -0.789960 0.280000
v -0.596462 -0.786392 0.280000
v -0.606634 -0.784174 0.280000
v -0.617118 -0.783384 0.280000
v -0.627770 -0.784099 0.280000
v -0.638444 -0.786399 0.280000
v -0.648996 -0.790362 0.280000
v -0.658287 -0.794896 0.280000
v -0.666830 -0.800402 0.280000
v -0.674548 -0.806777 0.280000
v -0.681362 -0.813923 0.280000
v -0.687195 -0.821737 0.280000
v -0.691968 -0.830121 0.280000
v -0.695603 -0.838973 0.280000
v -0.698022 -0.848193 0.280000
v -0.699146 -0.857681 0.280000
v -0.698899 -0.867336 0.280000
v -0.697202 -0.877058 0.280000
v -0.693976 -0.886747 0.280000
v -0.661829 -0.968742 0.280000
v -0.623680 -1.041499 0.280000
v -0.580221 -1.105422 0.280000
v -0.532143 -1.160910 0.280000
v -0.480139 -1.208367 0.280000
v -0.424899 -1.248193 0.280000
v -0.367116 -1.280790 0.280000
v -0.307482 -1.306560 0.280000
v -0.246686 -1.325904 0.280000
v -0.185423 -1.339224 0.280000
v -0.124382 -1.346921 0.280000
v -0.064257 -1.349398 0.280000
v 0.077546 -1.341916 0.280000
v 0.205905 -1.320065 0.280000
v 0.321035 -1.284739 0.280000
v 0.423145 -1.236829 0.280000
v 0.512448 -1.177228 0.280000
v 0.589157 -1.106827 0.280000
v 0.653483 -1.026521 0.280000
v 0.705638 -0.937201 0.280000
v 0.745834 -0.839759 0.280000
v 0.774283 -0.735089 0.280000
v 0.791197 -0.624082 0.280000
v 0.796787 -0.507631 0.280000
v 0.789003 -0.377681 0.280000
v 0.766369 -0.257861 0.280000
v 0.729970 -0.148394 0.280000
v 0.680887 -0.049502 0.280000
v 0.620201 0.038591 0.280000
v 0.548996 0.115662 0.280000
v 0.468353 0.181489 0.280000
v 0.379355 0.235847 0.280000
v 0.283083 0.278514 0.280000
v 0.180619 0.309267 0.280000
v 0.073046 0.327882 0.280000
v -0.038554 0.334136 0.280000
v -0.138093 0.329022 0.280000
v -0.230849 0.313565 0.280000
v -0.316466 0.287600 0.280000
v -0.394585 0.250959 0.280000
v -0.464852 0.203475 0.280000
v -0.526907 0.144980 0.280000
v -0.580395 0.075307 0.280000
v -0.624959 -0.005712 0.280000
v -0.660241 -0.098243 0.280000
v -0.685884 -0.202454 0.280000
v -0.701532 -0.318513 0.280000
v -0.706827 -0.446586 0.280000
v 0.356627 -0.446586 0.280000
v -0.195984 -0.285944 0.280000
v -0.214266 -0.285025 0.280000
v -0.230596 -0.282344 0.280000
v -0.245030 -0.278012 0.280000
v -0.257623 -0.272141 0.280000
v -0.268431 -0.264841 0.280000
v -0.277510 -0.256225 0.280000
v -0.284915 -0.246404 0.280000
v -0.290703 -0.235490 0.280000
v -0.294929 -0.223594 0.280000
v -0.297650 -0.210829 0.280000
v -0.298920 -0.197304 0.280000
v -0.298795 -0.183133 0.280000
v -0.292877 -0.132246 0.280000
v -0.284649 -0.084204 0.280000
v -0.273946 -0.039307 0.280000
v -0.260598 0.002142 0.280000
v -0.244439 0.039843 0.280000
v -0.225301 0.073494 0.280000
v -0.203017 0.102794 0.280000
v -0.177421 0.127443 0.280000
v -0.148343 0.147138 0.280000
v -0.115618 0.161580 0.280000
v -0.079077 0.170465 0.280000
v -0.038554 0.173494 0.280000
v 0.011978 0.169608 0.280000
v 0.059141 0.158203 0.280000
v 0.102912 0.139659 0.280000
v 0.143270 0.114354 0.280000
v 0.180191 0.082668 0.280000
v 0.213655 0.044980 0.280000
v 0.243638 0.001670 0.280000
v 0.270118 -0.046884 0.280000
v 0.293073 -0.100301 0.280000
v 0.312480 -0.158203 0.280000
v 0.328317 -0.220211 0.280000
v 0.340562 -0.285944 0.280000
v 1.966266 0.812851 0.280000
v 1.967502 0.836914 0.280000
v 1.971070 0.857831 0.280000
v 1.976758 0.875803 0.280000
v 1.984353 0.891031 0.280000
v 1.993644 0.903715 0.280000
v 2.004418 0.914056 0.280000
v 2.016465 0.922256 0.280000
v 2.029571 0.928514 0.280000
v 2.043525 0.933032 0.280000
v 2.058115 0.936011 0.280000
v 2.073128 0.937651 0.280000
v 2.088354 0.938153 0.280000
v 2.098645 0.938811 0.280000
v 2.108568 0.940741 0.280000
v 2.118023 0.943875 0.280000
v 2.126909 0.948148 0.280000
v 2.135125 0.953492 0.280000
v 2.142571 0.959839 0.280000
v 2.149148 0.967124 0.280000
v 2.154753 0.975279 0.280000
v 2.159288 0.984237 0.280000
v 2.162651 0.993931 0.280000
v 2.164743 1.004295 0.280000
v 2.165462 1.015261 0.280000
v 2.164678 1.026288 0.280000
v 2.162398 1.036814 0.280000
v 2.158736 1.046737 0.280000
v 2.153801 1.055957 0.280000
v 2.147706 1.064374 0.280000
v 2.140563 1.071887 0.280000
v 2.132482 1.078397 0.280000
v 2.123576 1.083802 0.280000
v 2.113956 1.088002 0.280000
v 2.103734 1.090897 0.280000
v 2.093021 1.092386 0.280000
v 2.081928 1.092369 0.280000
v 2.063817 1.090711 0.280000
v 2.046274 1.089008 0.280000
v 2.029067 1.087349 0.280000
v 2.011960 1.085825 0.280000
v 1.994718 1.084523 0.280000
v 1.977109 1.083534 0.280000
v 1.958897 1.082947 0.280000
v 1.939849 1.082850 0.280000
v 1.919729 1.083333 0.280000
v 1.898305 1.084486 0.280000
v 1.875341 1.086397 0.280000
v 1.850603 1.089157 0.280000
v 1.827661 1.092509 0.280000
v 1.806828 1.096162 0.280000
v 1.787802 1.100150 0.280000
v 1.770282 1.104507 0.280000
v 1.753966 1.109265 0.280000
v 1.738555 1.114458 0.280000
v 1.723745 1.120119 0.280000
v 1.709237 1.126283 0.280000
v 1.694729 1.132982 0.280000
v 1.679920 1.140250 0.280000
v 1.664509 1.148120 0.280000
v 1.648193 1.156626 0.280000
v 1.638313 1.161392 0.280000
v 1.628054 1.164495 0.280000
v 1.617571 1.166014 0.280000
v 1.607021 1.166027 0.280000
v 1.596561 1.164612 0.280000
v 1.586346 1.161847 0.280000
v 1.576533 1.157811 0.280000
v 1.567277 1.152580 0.280000
v 1.558736 1.146235 0.280000
v 1.551064 1.138852 0.280000
v 1.544419 1.130509 0.280000
v 1.538956 1.121285 0.280000
v 1.536870 1.114255 0.280000
v 1.535387 1.107616 0.280000
v 1.534438 1.101355 0.280000
v 1.533959 1.095463 0.280000
v 1.533881 1.089928 0.280000
v 1.534137 1.084739 0.280000
v 1.534661 1.079884 0.280000
v 1.535387 1.075353 0.280000
v 1.536246 1.071134 0.280000
v 1.537171 1.067217 0.280000
v 1.538097 1.063589 0.280000
v 1.538956 1.060241 0.280000
v 1.542099 1.050760 0.280000
v 1.545085 1.041425 0.280000
v 1.547892 1.031978 0.280000
v 1.550499 1.022163 0.280000
v 1.552883 1.011723 0.280000
v 1.555021 1.000401 0.280000
v 1.556891 0.987942 0.280000
v 1.558471 0.974089 0.280000
v 1.559739 0.958584 0.280000
v 1.560673 0.941172 0.280000
v 1.561249 0.921596 0.280000
v 1.561446 0.899598 0.280000
v 1.561446 -0.992771 0.280000
v 1.560335 -1.023435 0.280000
v 1.557103 -1.051198 0.280000
v 1.551908 -1.076105 0.280000
v 1.544906 -1.098200 0.280000
v 1.536253 -1.117530 0.280000
v 1.526105 -1.134137 0.280000
v 1.514618 -1.148067 0.280000
v 1.501949 -1.159364 0.280000
v 1.488254 -1.168072 0.280000
v 1.473688 -1.174238 0.280000
v 1.458408 -1.177904 0.280000
v 1.442571 -1.179117 0.280000
v 1.432279 -1.179836 0.280000
v 1.422356 -1.181928 0.280000
v 1.412902 -1.185291 0.280000
v 1.404016 -1.189826 0.280000
v 1.395800 -1.195432 0.280000
v 1.388354 -1.202008 0.280000
v 1.381778 -1.209455 0.280000
v 1.376172 -1.217671 0.280000
v 1.371637 -1.226556 0.280000
v 1.368274 -1.236011 0.280000
v 1.366182 -1.245934 0.280000
v 1.365462 -1.256225 0.280000
v 1.366245 -1.267252 0.280000
v 1.368512 -1.277778 0.280000
v 1.372139 -1.287701 0.280000
v 1.377005 -1.296921 0.280000
v 1.382986 -1.305338 0.280000
v 1.389960 -1.312852 0.280000
v 1.397805 -1.319361 0.280000
v 1.406397 -1.324766 0.280000
v 1.415613 -1.328966 0.280000
v 1.425331 -1.331861 0.280000
v 1.435429 -1.333350 0.280000
v 1.445784 -1.333333 0.280000
v 1.465909 -1.332469 0.280000
v 1.487640 -1.331504 0.280000
v 1.510844 -1.330472 0.280000
v 1.535387 -1.329407 0.280000
v 1.561134 -1.328341 0.280000
v 1.587952 -1.327309 0.280000
v 1.615708 -1.326344 0.280000
v 1.644267 -1.325480 0.280000
v 1.673495 -1.324749 0.280000
v 1.703258 -1.324186 0.280000
v 1.733423 -1.323823 0.280000
v 1.763856 -1.323695 0.280000
v 1.794350 -1.323823 0.280000
v 1.824677 -1.324186 0.280000
v 1.854669 -1.324749 0.280000
v 1.884159 -1.325480 0.280000
v 1.912980 -1.326344 0.280000
v 1.940964 -1.327309 0.280000
v 1.967945 -1.328341 0.280000
v 1.993753 -1.329407 0.280000
v 2.018224 -1.330472 0.280000
v 2.041188 -1.331504 0.280000
v 2.062478 -1.332469 0.280000
v 2.081928 -1.333333 0.280000
v 2.093021 -1.333350 0.280000
v 2.103734 -1.331861 0.280000
v 2.113956 -1.328966 0.280000
v 2.123576 -1.324766 0.280000
v 2.132482 -1.319361 0.280000
v 2.140563 -1.312852 0.280000
v 2.147706 -1.305338 0.280000
v 2.153801 -1.296921 0.280000
v 2.158736 -1.287701 0.280000
v 2.162398 -1.277778 0.280000
v 2.164678 -1.267253 0.280000
v 2.165462 -1.256225 0.280000
v 2.164742 -1.245934 0.280000
v 2.162651 -1.236011 0.280000
v 2.159287 -1.226556 0.280000
v 2.154753 -1.217671 0.280000
v 2.149147 -1.209455 0.280000
v 2.142571 -1.202008 0.280000
v 2.135124 -1.195432 0.280000
v 2.126908 -1.189826 0.280000
v 2.118022 -1.185291 0.280000
v 2.108568 -1.181928 0.280000
v 2.098645 -1.179836 0.280000
v 2.088354 -1.179117 0.280000
v 2.072453 -1.177904 0.280000
v 2.056999 -1.174238 0.280000
v 2.042169 -1.168072 0.280000
v 2.028143 -1.159364 0.280000
v 2.015098 -1.148067 0.280000
v 2.003213 -1.134137 0.280000
v 1.992667 -1.117530 0.280000
v 1.983639 -1.098200 0.280000
v 1.976306 -1.076105 0.280000
v 1.970847 -1.051198 0.280000
v 1.967441 -1.023435 0.280000
v 1.966266 -0.992771 0.280000
v 4.822517 0.079494 0.280000
v 4.777452 0.285215 0.280000
v 4.707932 0.464408 0.280000
v 4.618534 0.618533 0.280000
v 4.513830 0.749054 0.280000
v 4.398395 0.857430 0.280000
v 4.276801 0.945123 0.280000
v 4.153623 1.013595 0.280000
v 4.033434 1.064307 0.280000
v 3.920810 1.098721 0.280000
v 3.820323 1.118297 0.280000
v 3.736547 1.124498 0.280000
v 3.684958 1.123328 0.280000
v 3.634687 1.119961 0.280000
v 3.585844 1.114608 0.280000
v 3.538540 1.107482 0.280000
v 3.492887 1.098793 0.280000
v 3.448996 1.088755 0.280000
v 3.406980 1.077579 0.280000
v 3.366950 1.065477 0.280000
v 3.329016 1.052661 0.280000
v 3.293292 1.039343 0.280000
v 3.259888 1.025734 0.280000
v 3.228916 1.012048 0.280000
v 3.214055 1.005366 0.280000
v 3.199986 0.999821 0.280000
v 3.186697 0.995482 0.280000
v 3.174179 0.992414 0.280000
v 3.162419 0.990685 0.280000
v 3.151406 0.990361 0.280000
v 3.141130 0.991511 0.280000
v 3.131579 0.994199 0.280000
v 3.122741 0.998494 0.280000
v 3.114607 1.004462 0.280000
v 3.107164 1.012171 0.280000
v 3.100402 1.021687 0.280000
v 3.096925 1.027168 0.280000
v 3.092935 1.032337 0.280000
v 3.088454 1.037148 0.280000
v 3.083505 1.041559 0.280000
v 3.078109 1.045523 0.280000
v 3.072290 1.048996 0.280000
v 3.066068 1.051934 0.280000
v 3.059468 1.054291 0.280000
v 3.052510 1.056024 0.280000
v 3.045218 1.057088 0.280000
v 3.037614 1.057437 0.280000
v 3.029719 1.057028 0.280000
v 3.019432 1.056180 0.280000
v 3.009535 1.053726 0.280000
v 3.000151 1.049799 0.280000
v 2.991403 1.044534 0.280000
v 2.983414 1.038063 0.280000
v 2.976306 1.030522 0.280000
v 2.970202 1.022044 0.280000
v 2.965225 1.012762 0.280000
v 2.961497 1.002811 0.280000
v 2.959141 0.992325 0.280000
v 2.958280 0.981437 0.280000
v 2.959037 0.970281 0.280000
v 2.961508 0.950894 0.280000
v 2.964079 0.929778 0.280000
v 2.966717 0.907078 0.280000
v 2.969389 0.882939 0.280000
v 2.972061 0.857506 0.280000
v 2.974699 0.830924 0.280000
v 2.977271 0.803337 0.280000
v 2.979742 0.774892 0.280000
v 2.982079 0.745733 0.280000
v 2.984249 0.716005 0.280000
v 2.986217 0.685853 0.280000
v 2.987952 0.655422 0.280000
v 2.989429 0.624989 0.280000
v 2.990659 0.594824 0.280000
v 2.991667 0.565060 0.280000
v 2.992474 0.535832 0.280000
v 2.993103 0.507273 0.280000
v 2.993575 0.479518 0.280000
v 2.993913 0.452700 0.280000
v 2.994140 0.426952 0.280000
v 2.994278 0.402409 0.280000
v 2.994348 0.379206 0.280000
v 2.994374 0.357474 0.280000
v 2.994378 0.337349 0.280000
v 2.995163 0.326322 0.280000
v 2.997442 0.315796 0.280000
v 3.001105 0.305873 0.280000
v 3.006040 0.296653 0.280000
v 3.012134 0.288236 0.280000
v 3.019278 0.280723 0.280000
v 3.027358 0.274213 0.280000
v 3.036264 0.268808 0.280000
v 3.045884 0.264608 0.280000
v 3.056107 0.261713 0.280000
v 3.066820 0.260224 0.280000
v 3.077912 0.260241 0.280000
v 3.088138 0.261024 0.280000
v 3.097873 0.263290 0.280000
v 3.107028 0.266918 0.280000
v 3.115514 0.271783 0.280000
v 3.123241 0.277765 0.280000
v 3.130121 0.284739 0.280000
v 3.136063 0.292583 0.280000
v 3.140979 0.301175 0.280000
v 3.144779 0.310391 0.280000
v 3.147375 0.320110 0.280000
v 3.148677 0.330208 0.280000
v 3.148595 0.340562 0.280000
v 3.155930 0.402770 0.280000
v 3.171397 0.469285 0.280000
v 3.194830 0.538253 0.280000
v 3.226060 0.607824 0.280000
v 3.264921 0.676145 0.280000
v 3.311245 0.741365 0.280000
v 3.364866 0.801632 0.280000
v 3.425614 0.855094 0.280000
v 3.493324 0.899899 0.280000
v 3.567827 0.934196 0.280000
v 3.648957 0.956132 0.280000
v 3.736547 0.963855 0.280000
v 3.822567 0.956030 0.280000
v 3.905028 0.932575 0.280000
v 3.983183 0.893524 0.280000
v 4.056285 0.838911 0.280000
v 4.123586 0.768769 0.280000
v 4.184338 0.683132 0.280000
v 4.237794 0.582034 0.280000
v 4.283207 0.465506 0.280000
v 4.319830 0.333584 0.280000
v 4.346914 0.186301 0.280000
v 4.363713 0.023689 0.280000
v 4.369478 -0.154217 0.280000
v 4.363713 -0.316306 0.280000
v 4.346914 -0.465120 0.280000
v 4.319830 -0.600502 0.280000
v 4.283207 -0.722297 0.280000
v 4.237794 -0.830347 0.280000
v 4.184338 -0.924498 0.280000
v 4.123586 -1.004593 0.280000
v 4.056285 -1.070475 0.280000
v 3.983183 -1.121988 0.280000
v 3.905028 -1.158977 0.280000
v 3.822567 -1.181285 0.280000
v 3.736547 -1.188755 0.280000
v 3.645486 -1.181586 0.280000
v 3.560405 -1.160851 0.280000
v 3.481527 -1.127711 0.280000
v 3.409074 -1.083326 0.280000
v 3.343270 -1.028856 0.280000
v 3.284338 -0.965462 0.280000
v 3.232501 -0.894303 0.280000
v 3.187982 -0.816540 0.280000
v 3.151005 -0.733333 0.280000
v 3.121791 -0.645843 0.280000
v 3.100566 -0.555228 0.280000
v 3.087551 -0.462651 0.280000
v 3.086894 -0.452295 0.280000
v 3.084977 -0.442184 0.280000
v 3.081878 -0.432430 0.280000
v 3.077674 -0.423145 0.280000
v 3.072444 -0.414439 0.280000
v 3.066266 -0.406426 0.280000
v 3.059217 -0.399216 0.280000
v 3.051376 -0.392920 0.280000
v 3.042822 -0.387651 0.280000
v 3.033631 -0.383519 0.280000
v 3.023883 -0.380637 0.280000
v 3.013655 -0.379117 0.280000
v 3.002563 -0.379838 0.280000
v 2.991849 -0.381943 0.280000
v 2.981627 -0.385341 0.280000
v 2.972007 -0.389945 0.280000
v 2.963101 -0.395664 0.280000
v 2.955021 -0.402410 0.280000
v 2.947877 -0.410092 0.280000
v 2.941782 -0.418623 0.280000
v 2.936848 -0.427912 0.280000
v 2.933185 -0.437870 0.280000
v 2.930906 -0.448409 0.280000
v 2.930121 -0.459438 0.280000
v 2.930117 -0.478888 0.280000
v 2.930091 -0.500179 0.280000
v 2.930020 -0.523143 0.280000
v 2.929883 -0.547613 0.280000
v 2.929656 -0.573422 0.280000
v 2.929318 -0.600402 0.280000
v 2.928845 -0.628386 0.280000
v 2.928217 -0.657207 0.280000
v 2.927410 -0.686697 0.280000
v 2.926402 -0.716689 0.280000
v 2.925172 -0.747016 0.280000
v 2.923695 -0.777510 0.280000
v 2.921961 -0.807205 0.280000
v 2.919991 -0.836755 0.280000
v 2.917822 -0.866014 0.280000
v 2.915484 -0.894839 0.280000
v 2.913013 -0.923083 0.280000
v 2.910442 -0.950603 0.280000
v 2.907804 -0.977252 0.280000
v 2.905132 -1.002886 0.280000
v 2.902460 -1.027360 0.280000
v 2.899822 -1.050528 0.280000
v 2.897251 -1.072247 0.280000
v 2.894780 -1.092370 0.280000
v 2.894025 -1.103464 0.280000
v 2.894898 -1.114190 0.280000
v 2.897290 -1.124448 0.280000
v 2.901086 -1.134137 0.280000
v 2.906177 -1.143156 0.280000
v 2.912450 -1.151406 0.280000
v 2.919794 -1.158785 0.280000
v 2.928098 -1.165194 0.280000
v 2.937249 -1.170532 0.280000
v 2.947137 -1.174699 0.280000
v 2.957649 -1.177594 0.280000
v 2.968675 -1.179117 0.280000
v 2.974294 -1.179592 0.280000
v 2.979890 -1.179444 0.280000
v 2.985442 -1.178715 0.280000
v 2.990927 -1.177451 0.280000
v 2.996323 -1.175695 0.280000
v 3.001607 -1.173494 0.280000
v 3.006757 -1.170891 0.280000
v 3.011751 -1.167931 0.280000
v 3.016567 -1.164659 0.280000
v 3.021182 -1.161119 0.280000
v 3.025573 -1.157355 0.280000
v 3.029719 -1.153414 0.280000
v 3.035550 -1.146415 0.280000
v 3.041827 -1.139997 0.280000
v 3.048595 -1.134338 0.280000
v 3.055898 -1.129615 0.280000
v 3.063781 -1.126008 0.280000
v 3.072290 -1.123695 0.280000
v 3.081467 -1.122855 0.280000
v 3.091359 -1.123665 0.280000
v 3.102009 -1.126305 0.280000
v 3.113462 -1.130954 0.280000
v 3.125763 -1.137788 0.280000
v 3.138956 -1.146988 0.280000
v 3.177159 -1.175268 0.280000
v 3.217805 -1.202142 0.280000
v 3.260794 -1.227410 0.280000
v 3.306025 -1.250870 0.280000
v 3.353397 -1.272323 0.280000
v 3.402812 -1.291566 0.280000
v 3.454167 -1.308401 0.280000
v 3.507363 -1.322624 0.280000
v 3.562300 -1.334036 0.280000
v 3.618876 -1.342437 0.280000
v 3.676992 -1.347624 0.280000
v 3.736547 -1.349398 0.280000
v 3.855418 -1.342141 0.280000
v 3.978819 -1.319991 0.280000
v 4.103916 -1.282379 0.280000
v 4.227875 -1.228737 0.280000
v 4.347862 -1.158495 0.280000
v 4.461045 -1.071084 0.280000
v 4.564589 -0.965936 0.280000
v 4.655660 -0.842481 0.280000
v 4.731426 -0.700151 0.280000
v 4.789053 -0.538376 0.280000
v 4.825707 -0.356588 0.280000
v 4.838555 -0.154217 0.280000
v 4.822517 0.079494 0.280000
v 4.822517 0.079494 -0.280000
v 4.777452 0.285215 0.280000
v 4.777452 0.285215 -0.280000
v 4.707932 0.464408 0.280000
v 4.707932 0.464408 -0.280000
v 4.618534 0.618533 0.280000
v 4.618534 0.618533 -0.280000
v 4.513830 0.749054 0.280000
v 4.513830 0.749054 -0.280000
v 4.398395 0.857430 0.280000
v 4.398395 0.857430 -0.280000
v 4.276801 0.945123 0.280000
v 4.276801 0.945123 -0.280000
v 4.153623 1.013595 0.280000
v 4.153623 1.013595 -0.280000
v 4.033434 1.064307 0.280000
v 4.033434 1.064307 -0.280000
v 3.920810 1.098721 0.280000
v 3.920810 1.098721 -0.280000
v 3.820323 1.118297 0.280000
v 3.820323 1.118297 -0.280000
v 3.736547 1.124498 0.280000
v 3.736547 1.124498 -0.280000
v 3.684958 1.123328 0.280000
v 3.684958 1.123328 -0.280000
v 3.634687 1.119961 0.280000
v 3.634687 1.119961 -0.280000
v 3.585844 1.114608 0.280000
v 3.585844 1.114608 -0.280000
v 3.538540 1.107482 0.280000
v 3.538540 1.107482 -0.280000
v 3.492887 1.098793 0.280000
v 3.492887 1.098793 -0.280000
v 3.448996 1.088755 0.280000
v 3.448996 1.088755 -0.280000
v 3.406980 1.077579 0.280000
v 3.406980 1.077579 -0.280000
v 3.366950 1.065477 0.280000
v 3.366950 1.065477 -0.280000
v 3.329016 1.052661 0.280000
v 3.329016 1.052661 -0.280000
v 3.293292 1.039343 0.280000
v 3.293292 1.039343 -0.280000
v 3.259888 1.025734 0.280000
v 3.259888 1.025734 -0.280000
v 3.228916 1.012048 0.280000
v 3.228916 1.012048 -0.280000
v 3.214055 1.005366 0.280000
v 3.214055 1.005366 -0.280000
v 3.199986 0.999821 0.280000
v 3.199986 0.999821 -0.280000
v 3.186697 0.995482 0.280000
v 3.186697 0.995482 -0.280000
v 3.174179 0.992414 0.280000
v 3.174179 0.992414 -0.280000
v 3.162419 0.990685 0.280000
v 3.162419 0.990685 -0.280000
v 3.151406 0.990361 0.280000
v 3.151406 0.990361 -0.280000
v 3.141130 0.991511 0.280000
v 3.141130 0.991511 -0.280000
v 3.131579 0.994199 0.280000
v 3.131579 0.994199 -0.280000
v 3.122741 0.998494 0.280000
v 3.122741 0.998494 -0.280000
v 3.114607 1.004462 0.280000
v 3.114607 1.004462 -0.280000
v 3.107164 1.012171 0.280000
v 3.107164 1.012171 -0.280000
v 3.100402 1.021687 0.280000
v 3.100402 1.021687 -0.280000
v 3.096925 1.027168 0.280000
v 3.096925 1.027168 -0.280000
v 3.092935 1.032337 0.280000
v 3.092935 1.032337 -0.280000
v 3.088454 1.037148 0.280000
v 3.088454 1.037148 -0.280000
v 3.083505 1.041559 0.280000
v 3.083505 1.041559 -0.280000
v 3.078109 1.045523 0.280000
v 3.078109 1.045523 -0.280000
v 3.072290 1.048996 0.280000
v 3.072290 1.048996 -0.280000
v 3.066068 1.051934 0.280000
v 3.066068 1.051934 -0.280000
v 3.059468 1.054291 0.280000
v 3.059468 1.054291 -0.280000
v 3.052510 1.056024 0.280000
v 3.052510 1.056024 -0.280000
v 3.045218 1.057088 0.280000
v 3.045218 1.057088 -0.280000
v 3.037614 1.057437 0.280000
v 3.037614 1.057437 -0.280000
v 3.029719 1.057028 0.280000
v 3.029719 1.057028 -0.280000
v 3.019432 1.056180 0.280000
v 3.019432 1.056180 -0.280000
v 3.009535 1.053726 0.280000
v 3.009535 1.053726 -0.280000
v 3.000151 1.049799 0.280000
v 3.000151 1.049799 -0.280000
v 2.991403 1.044534 0.280000
v 2.991403 1.044534 -0.280000
v 2.983414 1.038063 0.280000
v 2.983414 1.038063 -0.280000
v 2.976306 1.030522 0.280000
v 2.976306 1.030522 -0.280000
v 2.970202 1.022044 0.280000
v 2.970202 1.022044 -0.280000
v 2.965225 1.012762 0.280000
v 2.965225 1.012762 -0.280000
v 2.961497 1.002811 0.280000
v 2.961497 1.002811 -0.280000
v 2.959141 0.992325 0.280000
v 2.959141 0.992325 -0.280000
v 2.958280 0.981437 0.280000
v 2.958280 0.981437 -0.280000
v 2.959037 0.970281 0.280000
v 2.959037 0.970281 -0.280000
v 2.961508 0.950894 0.280000
v 2.961508 0.950894 -0.280000
v 2.964079 0.929778 0.280000
v 2.964079 0.929778 -0.280000
v 2.966717 0.907078 0.280000
v 2.966717 0.907078 -0.280000
v 2.969389 0.882939 0.280000
v 2.969389 0.882939 -0.280000
v 2.972061 0.857506 0.280000
v 2.972061 0.857506 -0.280000
v 2.974699 0.830924 0.280000
v 2.974699 0.830924 -0.280000
v 2.977271 0.803337 0.280000
v 2.977271 0.803337 -0.280000
v 2.979742 0.774892 0.280000
v 2.979742 0.774892 -0.280000
v 2.982079 0.745733 0.280000
v 2.982079 0.745733 -0.280000
v 2.984249 0.716005 0.280000
v 2.984249 0.716005 -0.280000
v 2.986217 0.685853 0.280000
v 2.986217 0.685853 -0.280000
v 2.987952 0.655422 0.280000
v 2.987952 0.655422 -0.280000
v 2.989429 0.624989 0.280000
v 2.989429 0.624989 -0.280000
v 2.990659 0.594824 0.280000
v 2.990659 0.594824 -0.280000
v 2.991667 0.565060 0.280000
v 2.991667 0.565060 -0.280000
v 2.992474 0.535832 0.280000
v 2.992474 0.535832 -0.280000
v 2.993103 0.507273 0.280000
v 2.993103 0.507273 -0.280000
v 2.993575 0.479518 0.280000
v 2.993575 0.479518 -0.280000
v 2.993913 0.452700 0.280000
v 2.993913 0.452700 -0.280000
v 2.994140 0.426952 0.280000
v 2.994140 0.426952 -0.280000
v 2.994278 0.402409 0.280000
v 2.994278 0.402409 -0.280000
v 2.994348 0.379206 0.280000
v 2.994348 0.379206 -0.280000
v 2.994374 0.357474 0.280000
v 2.994374 0.357474 -0.280000
v 2.994378 0.337349 0.280000
v 2.994378 0.337349 -0.280000
v 2.995163 0.326322 0.280000
v 2.995163 0.326322 -0.280000
v 2.997442 0.315796 0.280000
v 2.997442 0.315796 -0.280000
v 3.001105 0.305873 0.280000
v 3.001105 0.305873 -0.280000
v 3.006040 0.296653 0.280000
v 3.006040 0.296653 -0.280000
v 3.012134 0.288236 0.280000
v 3.012134 0.288236 -0.280000
v 3.019278 0.280723 0.280000
v 3.019278 0.280723 -0.280000
v 3.027358 0.274213 0.280000
v 3.027358 0.274213 -0.280000
v 3.036264 0.268808 0.280000
v 3.036264 0.268808 -0.280000
v 3.045884 0.264608 0.280000
v 3.045884 0.264608 -0.280000
v 3.056107 0.261713 0.280000
v 3.056107 0.261713 -0.280000
v 3.066820 0.260224 0.280000
v 3.066820 0.260224 -0.280000
v 3.077912 0.260241 0.280000
v 3.077912 0.260241 -0.280000
v 3.088138 0.261024 0.280000
v 3.088138 0.261024 -0.280000
v 3.097873 0.263290 0.280000
v 3.097873 0.263290 -0.280000
v 3.107028 0.266918 0.280000
v 3.107028 0.266918 -0.280000
v 3.115514 0.271783 0.280000
v 3.115514 0.271783 -0.280000
v 3.123241 0.277765 0.280000
v 3.123241 0.277765 -0.280000
v 3.130121 0.284739 0.280000
v 3.130121 0.284739 -0.280000
v 3.136063 0.292583 0.280000
v 3.136063 0.292583 -0.280000
v 3.140979 0.301175 0.280000
v 3.140979 0.301175 -0.280000
v 3.144779 0.310391 0.280000
v 3.144779 0.310391 -0.280000
v 3.147375 0.320110 0.280000
v 3.147375 0.320110 -0.280000
v 3.148677 0.330208 0.280000
v 3.148677 0.330208 -0.280000
v 3.148595 0.340562 0.280000
v 3.148595 0.340562 -0.280000
v 3.155930 0.402770 0.280000
v 3.155930 0.402770 -0.280000
v 3.171397 0.469285 0.280000
v 3.171397 0.469285 -0.280000
v 3.194830 0.538253 0.280000
v 3.194830 0.538253 -0.280000
v 3.226060 0.607824 0.280000
v 3.226060 0.607824 -0.280000
v 3.264921 0.676145 0.280000
v 3.264921 0.676145 -0.280000
v 3.311245 0.741365 0.280000
v 3.311245 0.741365 -0.280000
v 3.364866 0.801632 0.280000
v 3.364866 0.801632 -0.280000
v 3.425614 0.855094 0.280000
v 3.425614 0.855094 -0.280000
v 3.493324 0.899899 0.280000
v 3.493324 0.899899 -0.280000
v 3.567827 0.934196 0.280000
v 3.567827 0.934196 -0.280000
v 3.648957 0.956132 0.280000
v 3.648957 0.956132 -0.280000
v 3.736547 0.963855 0.280000
v 3.736547 0.963855 -0.280000
v 3.822567 0.956030 0.280000
v 3.822567 0.956030 -0.280000
v 3.905028 0.932575 0.280000
v 3.905028 0.932575 -0.280000
v 3.983183 0.893524 0.280000
v 3.983183 0.893524 -0.280000
v 4.056285 0.838911 0.280000
v 4.056285 0.838911 -0.280000
v 4.123586 0.768769 0.280000
v 4.123586 0.768769 -0.280000
v 4.184338 0.683132 0.280000
v 4.184338 0.683132 -0.280000
v 4.237794 0.582034 0.280000
v 4.237794 0.582034 -0.280000
v 4.283207 0.465506 0.280000
v 4.283207 0.465506 -0.280000
v 4.319830 0.333584 0.280000
v 4.319830 0.333584 -0.280000
v 4.346914 0.186301 0.280000
v 4.346914 0.186301 -0.280000
v 4.363713 0.023689 0.280000
v 4.363713 0.023689 -0.280000
v 4.369478 -0.154217 0.280000
v 4.369478 -0.154217 -0.280000
v 4.363713 -0.316306 0.280000
v 4.363713 -0.316306 -0.280000
v 4.346914 -0.465120 0.280000
v 4.346914 -0.465120 -0.280000
v 4.319830 -0.600502 0.280000
v 4.319830 -0.600502 -0.280000
v 4.283207 -0.722297 0.280000
v 4.283207 -0.722297 -0.280000
v 4.237794 -0.830347 0.280000
v 4.237794 -0.830347 -0.280000
v 4.184338 -0.924498 0.280000
v 4.184338 -0.924498 -0.280000
v 4.123586 -1.004593 0.280000
v 4.123586 -1.004593 -0.280000
v 4.056285 -1.070475 0.280000
v 4.056285 -1.070475 -0.280000
v 3.983183 -1.121988 0.280000
v 3.983183 -1.121988 -0.280000
v 3.905028 -1.158977 0.280000
v 3.905028 -1.158977 -0.280000
v 3.822567 -1.181285 0.280000
v 3.822567 -1.181285 -0.280000
v 3.736547 -1.188755 0.280000
v 3.736547 -1.188755 -0.280000
v 3.645486 -1.181586 0.280000
v 3.645486 -1.181586 -0.280000
v 3.560405 -1.160851 0.280000
v 3.560405 -1.160851 -0.280000
v 3.481527 -1.127711 0.280000
v 3.481527 -1.127711 -0.280000
v 3.409074 -1.083326 0.280000
v 3.409074 -1.083326 -0.280000
v 3.343270 -1.028856 0.280000
v 3.343270 -1.028856 -0.280000
v 3.284338 -0.965462 0.280000
v 3.284338 -0.965462 -0.280000
v 3.232501 -0.894303 0.280000
v 3.232501 -0.894303 -0.280000
v 3.187982 -0.816540 0.280000
v 3.187982 -0.816540 -0.280000
v 3.151005 -0.733333 0.280000
v 3.151005 -0.733333 -0.280000
v 3.121791 -0.645843 0.280000
v 3.121791 -0.645843 -0.280000
v 3.100566 -0.555228 0.280000
v 3.100566 -0.555228 -0.280000
v 3.087551 -0.462651 0.280000
v 3.087551 -0.462651 -0.280000
v 3.086894 -0.452295 0.280000
v 3.086894 -0.452295 -0.280000
v 3.084977 -0.442184 0.280000
v 3.084977 -0.442184 -0.280000
v 3.081878 -0.432430 0.280000
v 3.081878 -0.432430 -0.280000
v 3.077674 -0.423145 0.280000
v 3.077674 -0.423145 -0.280000
v 3.072444 -0.414439 0.280000
v 3.072444 -0.414439 -0.280000
v 3.066266 -0.406426 0.280000
v 3.066266 -0.406426 -0.280000
v 3.059217 -0.399216 0.280000
v 3.059217 -0.399216 -0.280000
v 3.051376 -0.392920 0.280000
v 3.051376 -0.392920 -0.280000
v 3.042822 -0.387651 0.280000
v 3.042822 -0.387651 -0.280000
v 3.033631 -0.383519 0.280000
v 3.033631 -0.383519 -0.280000
v 3.023883 -0.380637 0.280000
v 3.023883 -0.380637 -0.280000
v 3.013655 -0.379117 0.280000
v 3.013655 -0.379117 -0.280000
v 3.002563 -0.379838 0.280000
v 3.002563 -0.379838 -0.280000
v 2.991849 -0.381943 0.280000
v 2.991849 -0.381943 -0.280000
v 2.981627 -0.385341 0.280000
v 2.981627 -0.385341 -0.280000
v 2.972007 -0.389945 0.280000
v 2.972007 -0.389945 -0.280000
v 2.963101 -0.395664 0.280000
v 2.963101 -0.395664 -0.280000
v 2.955021 -0.402410 0.280000
v 2.955021 -0.402410 -0.280000
v 2.947877 -0.410092 0.280000
v 2.947877 -0.410092 -0.280000
v 2.941782 -0.418623 0.280000
v 2.941782 -0.418623 -0.280000
v 2.936848 -0.427912 0.280000
v 2.936848 -0.427912 -0.280000
v 2.933185 -0.437870 0.280000
v 2.933185 -0.437870 -0.280000
v 2.930906 -0.448409 0.280000
v 2.930906 -0.448409 -0.280000
v 2.930121 -0.459438 0.280000
v 2.930121 -0.459438 -0.280000
v 2.930117 -0.478888 0.280000
v 2.930117 -0.478888 -0.280000
v 2.930091 -0.500179 0.280000
v 2.930091 -0.500179 -0.280000
v 2.930020 -0.523143 0.280000
v 2.930020 -0.523143 -0.280000
v 2.929883 -0.547613 0.280000
v 2.929883 -0.547613 -0.280000
v 2.929656 -0.573422 0.280000
v 2.929656 -0.573422 -0.280000
v 2.929318 -0.600402 0.280000
v 2.929318 -0.600402 -0.280000
v 2.928845 -0.628386 0.280000
v 2.928845 -0.628386 -0.280000
v 2.928217 -0.657207 0.280000
v 2.928217 -0.657207 -0.280000
v 2.927410 -0.686697 0.280000
v 2.927410 -0.686697 -0.280000
v 2.926402 -0.716689 0.280000
v 2.926402 -0.716689 -0.280000
v 2.925172 -0.747016 0.280000
v 2.925172 -0.747016 -0.280000
v 2.923695 -0.777510 0.280000
v 2.923695 -0.777510 -0.280000
v 2.921961 -0.807205 0.280000
v 2.921961 -0.807205 -0.280000
v 2.919991 -0.836755 0.280000
v 2.919991 -0.836755 -0.280000
v 2.917822 -0.866014 0.280000
v 2.917822 -0.866014 -0.280000
v 2.915484 -0.894839 0.280000
v 2.915484 -0.894839 -0.280000
v 2.913013 -0.923083 0.280000
v 2.913013 -0.923083 -0.280000
v 2.910442 -0.950603 0.280000
v 2.910442 -0.950603 -0.280000
v 2.907804 -0.977252 0.280000
v 2.907804 -0.977252 -0.280000
v 2.905132 -1.002886 0.280000
v 2.905132 -1.002886 -0.280000
v 2.902460 -1.027360 0.280000
v 2.902460 -1.027360 -0.280000
v 2.899822 -1.050528 0.280000
v 2.899822 -1.050528 -0.280000
v 2.897251 -1.072247 0.280000
v 2.897251 -1.072247 -0.280000
v 2.894780 -1.092370 0.280000
v 2.894780 -1.092370 -0.280000
v 2.894025 -1.103464 0.280000
v 2.894025 -1.103464 -0.280000
v 2.894898 -1.114190 0.280000
v 2.894898 -1.114190 -0.280000
v 2.897290 -1.124448 0.280000
v 2.897290 -1.124448 -0.280000
v 2.901086 -1.134137 0.280000
v 2.901086 -1.134137 -0.280000
v 2.906177 -1.143156 0.280000
v 2.906177 -1.143156 -0.280000
v 2.912450 -1.151406 0.280000
v 2.912450 -1.151406 -0.280000
v 2.919794 -1.158785 0.280000
v 2.919794 -1.158785 -0.280000
v 2.928098 -1.165194 0.280000
v 2.928098 -1.165194 -0.280000
v 2.937249 -1.170532 0.280000
v 2.937249 -1.170532 -0.280000
v 2.947137 -1.174699 0.280000
v 2.947137 -1.174699 -0.280000
v 2.957649 -1.177594 0.280000
v 2.957649 -1.177594 -0.280000
v 2.968675 -1.179117 0.280000
v 2.968675 -1.179117 -0.280000
v 2.974294 -1.179592 0.280000
v 2.974294 -1.179592 -0.280000
v 2.979890 -1.179444 0.280000
v 2.979890 -1.179444 -0.280000
v 2.985442 -1.178715 0.280000
v 2.985442 -1.178715 -0.280000
v 2.990927 -1.177451 0.280000
v 2.990927 -1.177451 -0.280000
v 2.996323 -1.175695 0.280000
v 2.996323 -1.175695 -0.280000
v 3.001607 -1.173494 0.280000
v 3.001607 -1.173494 -0.280000
v 3.006757 -1.170891 0.280000
v 3.006757 -1.170891 -0.280000
v 3.011751 -1.167931 0.280000
v 3.011751 -1.167931 -0.280000
v 3.016567 -1.164659 0.280000
v 3.016567 -1.164659 -0.280000
v 3.021182 -1.161119 0.280000
v 3.021182 -1.161119 -0.280000
v 3.025573 -1.157355 0.280000
v 3.025573 -1.157355 -0.280000
v 3.029719 -1.153414 0.280000
v 3.029719 -1.153414 -0.280000
v 3.035550 -1.146415 0.280000
v 3.035550 -1.146415 -0.280000
v 3.041827 -1.139997 0.280000
v 3.041827 -1.139997 -0.280000
v 3.048595 -1.134338 0.280000
v 3.048595 -1.134338 -0.280000
v 3.055898 -1.129615 0.280000
v 3.055898 -1.129615 -0.280000
v 3.063781 -1.126008 0.280000
v 3.063781 -1.126008 -0.280000
v 3.072290 -1.123695 0.280000
v 3.072290 -1.123695 -0.280000
v 3.081467 -1.122855 0.280000
v 3.081467 -1.122855 -0.280000
v 3.091359 -1.123665 0.280000
v 3.091359 -1.123665 -0.280000
v 3.102009 -1.126305 0.280000
v 3.102009 -1.126305 -0.280000
v 3.113462 -1.130954 0.280000
v 3.113462 -1.130954 -0.280000
v 3.125763 -1.137788 0.280000
v 3.125763 -1.137788 -0.280000
v 3.138956 -1.146988 0.280000
v 3.138956 -1.146988 -0.280000
v 3.177159 -1.175268 0.280000
v 3.177159 -1.175268 -0.280000
v 3.217805 -1.202142 0.280000
v 3.217805 -1.202142 -0.280000
v 3.260794 -1.227410 0.280000
v 3.260794 -1.227410 -0.280000
v 3.306025 -1.250870 0.280000
v 3.306025 -1.250870 -0.280000
v 3.353397 -1.272323 0.280000
v 3.353397 -1.272323 -0.280000
v 3.402812 -1.291566 0.280000
v 3.402812 -1.291566 -0.280000
v 3.454167 -1.308401 0.280000
v 3.454167 -1.308401 -0.280000
v 3.507363 -1.322624 0.280000
v 3.507363 -1.322624 -0.280000
v 3.562300 -1.334036 0.280000
v 3.562300 -1.334036 -0.280000
v 3.618876 -1.342437 0.280000
v 3.618876 -1.342437 -0.280000
v 3.676992 -1.347624 0.280000
v 3.676992 -1.347624 -0.280000
v 3.736547 -1.349398 0.280000
v 3.736547 -1.349398 -0.280000
v 3.855418 -1.342141 0.280000
v 3.855418 -1.342141 -0.280000
v 3.978819 -1.319991 0.280000
v 3.978819 -1.319991 -0.280000
v 4.103916 -1.282379 0.280000
v 4.103916 -1.282379 -0.280000
v 4.227875 -1.228737 0.280000
v 4.227875 -1.228737 -0.280000
v 4.347862 -1.158495 0.280000
v 4.347862 -1.158495 -0.280000
v 4.461045 -1.071084 0.280000
v 4.461045 -1.071084 -0.280000
v 4.564589 -0.965936 0.280000
v 4.564589 -0.965936 -0.280000
v 4.655660 -0.842481 0.280000
v 4.655660 -0.842481 -0.280000
v 4.731426 -0.700151 0.280000
v 4.731426 -0.700151 -0.280000
v 4.789053 -0.538376 0.280000
v 4.789053 -0.538376 -0.280000
v 4.825707 -0.356588 0.280000
v 4.825707 -0.356588 -0.280000
v 4.838555 -0.154217 0.280000
v 4.838555 -0.154217 -0.280000
v 1.966266 0.812851 0.280000
v 1.966266 0.812851 -0.280000
v 1.967502 0.836914 0.280000
v 1.967502 0.836914 -0.280000
v 1.971070 0.857831 0.280000
v 1.971070 0.857831 -0.280000
v 1.976758 0.875803 0.280000
v 1.976758 0.875803 -0.280000
v 1.984353 0.891031 0.280000
v 1.984353 0.891031 -0.280000
v 1.993644 0.903715 0.280000
v 1.993644 0.903715 -0.280000
v 2.004418 0.914056 0.280000
v 2.004418 0.914056 -0.280000
v 2.016465 0.922256 0.280000
v 2.016465 0.922256 -0.280000
v 2.029571 0.928514 0.280000
v 2.029571 0.928514 -0.280000
v 2.043525 0.933032 0.280000
v 2.043525 0.933032 -0.280000
v 2.058115 0.936011 0.280000
v 2.058115 0.936011 -0.280000
v 2.073128 0.937651 0.280000
v 2.073128 0.937651 -0.280000
v 2.088354 0.938153 0.280000
v 2.088354 0.938153 -0.280000
v 2.098645 0.938811 0.280000
v 2.098645 0.938811 -0.280000
v 2.108568 0.940741 0.280000
v 2.108568 0.940741 -0.280000
v 2.118023 0.943875 0.280000
v 2.118023 0.943875 -0.280000
v 2.126909 0.948148 0.280000
v 2.126909 0.948148 -0.280000
v 2.135125 0.953492 0.280000
v 2.135125 0.953492 -0.280000
v 2.142571 0.959839 0.280000
v 2.142571 0.959839 -0.280000
v 2.149148 0.967124 0.280000
v 2.149148 0.967124 -0.280000
v 2.154753 0.975279 0.280000
v 2.154753 0.975279 -0.280000
v 2.159288 0.984237 0.280000
v 2.159288 0.984237 -0.280000
v 2.162651 0.993931 0.280000
v 2.162651 0.993931 -0.280000
v 2.164743 1.004295 0.280000
v 2.164743 1.004295 -0.280000
v 2.165462 1.015261 0.280000
v 2.165462 1.015261 -0.280000
v 2.164678 1.026288 0.280000
v 2.164678 1.026288 -0.280000
v 2.162398 1.036814 0.280000
v 2.162398 1.036814 -0.280000
v 2.158736 1.046737 0.280000
v 2.158736 1.046737 -0.280000
v 2.153801 1.055957 0.280000
v 2.153801 1.055957 -0.280000
v 2.147706 1.064374 0.280000
v 2.147706 1.064374 -0.280000
v 2.140563 1.071887 0.280000
v 2.140563 1.071887 -0.280000
v 2.132482 1.078397 0.280000
v 2.132482 1.078397 -0.280000
v 2.123576 1.083802 0.280000
v 2.123576 1.083802 -0.280000
v 2.113956 1.088002 0.280000
v 2.113956 1.088002 -0.280000
v 2.103734 1.090897 0.280000
v 2.103734 1.090897 -0.280000
v 2.093021 1.092386 0.280000
v 2.093021 1.092386 -0.280000
v 2.081928 1.092369 0.280000
v 2.081928 1.092369 -0.280000
v 2.063817 1.090711 0.280000
v 2.063817 1.090711 -0.280000
v 2.046274 1.089008 0.280000
v 2.046274 1.089008 -0.280000
v 2.029067 1.087349 0.280000
v 2.029067 1.087349 -0.280000
v 2.011960 1.085825 0.280000
v 2.011960 1.085825 -0.280000
v 1.994718 1.084523 0.280000
v 1.994718 1.084523 -0.280000
v 1.977109 1.083534 0.280000
v 1.977109 1.083534 -0.280000
v 1.958897 1.082947 0.280000
v 1.958897 1.082947 -0.280000
v 1.939849 1.082850 0.280000
v 1.939849 1.082850 -0.280000
v 1.919729 1.083333 0.280000
v 1.919729 1.083333 -0.280000
v 1.898305 1.084486 0.280000
v 1.898305 1.084486 -0.280000
v 1.875341 1.086397 0.280000
v 1.875341 1.086397 -0.280000
v 1.850603 1.089157 0.280000
v 1.850603 1.089157 -0.280000
v 1.827661 1.092509 0.280000
v 1.827661 1.092509 -0.280000
v 1.806828 1.096162 0.280000
v 1.806828 1.096162 -0.280000
v 1.787802 1.100150 0.280000
v 1.787802 1.100150 -0.280000
v 1.770282 1.104507 0.280000
v 1.770282 1.104507 -0.280000
v 1.753966 1.109265 0.280000
v 1.753966 1.109265 -0.280000
v 1.738555 1.114458 0.280000
v 1.738555 1.114458 -0.280000
v 1.723745 1.120119 0.280000
v 1.723745 1.120119 -0.280000
v 1.709237 1.126283 0.280000
v 1.709237 1.126283 -0.280000
v 1.694729 1.132982 0.280000
v 1.694729 1.132982 -0.280000
v 1.679920 1.140250 0.280000
v 1.679920 1.140250 -0.280000
v 1.664509 1.148120 0.280000
v 1.664509 1.148120 -0.280000
v 1.648193 1.156626 0.280000
v 1.648193 1.156626 -0.280000
v 1.638313 1.161392 0.280000
v 1.638313 1.161392 -0.280000
v 1.628054 1.164495 0.280000
v 1.628054 1.164495 -0.280000
v 1.617571 1.166014 0.280000
v 1.617571 1.166014 -0.280000
v 1.607021 1.166027 0.280000
v 1.607021 1.166027 -0.280000
v 1.596561 1.164612 0.280000
v 1.596561 1.164612 -0.280000
v 1.586346 1.161847 0.280000
v 1.586346 1.161847 -0.280000
v 1.576533 1.157811 0.280000
v 1.576533 1.157811 -0.280000
v 1.567277 1.152580 0.280000
v 1.567277 1.152580 -0.280000
v 1.558736 1.146235 0.280000
v 1.558736 1.146235 -0.280000
v 1.551064 1.138852 0.280000
v 1.551064 1.138852 -0.280000
v 1.544419 1.130509 0.280000
v 1.544419 1.130509 -0.280000
v 1.538956 1.121285 0.280000
v 1.538956 1.121285 -0.280000
v 1.536870 1.114255 0.280000
v 1.536870 1.114255 -0.280000
v 1.535387 1.107616 0.280000
v 1.535387 1.107616 -0.280000
v 1.534438 1.101355 0.280000
v 1.534438 1.101355 -0.280000
v 1.533959 1.095463 0.280000
v 1.533959 1.095463 -0.280000
v 1.533881 1.089928 0.280000
v 1.533881 1.089928 -0.280000
v 1.534137 1.084739 0.280000
v 1.534137 1.084739 -0.280000
v 1.534661 1.079884 0.280000
v 1.534661 1.079884 -0.280000
v 1.535387 1.075353 0.280000
v 1.535387 1.075353 -0.280000
v 1.536246 1.071134 0.280000
v 1.536246 1.071134 -0.280000
v 1.537171 1.067217 0.280000
v 1.537171 1.067217 -0.280000
v 1.538097 1.063589 0.280000
v 1.538097 1.063589 -0.280000
v 1.538956 1.060241 0.280000
v 1.538956 1.060241 -0.280000
v 1.542099 1.050760 0.280000
v 1.542099 1.050760 -0.280000
v 1.545085 1.041425 0.280000
v 1.545085 1.041425 -0.280000
v 1.547892 1.031978 0.280000
v 1.547892 1.031978 -0.280000
v 1.550499 1.022163 0.280000
v 1.550499 1.022163 -0.280000
v 1.552883 1.011723 0.280000
v 1.552883 1.011723 -0.280000
v 1.555021 1.000401 0.280000
v 1.555021 1.000401 -0.280000
v 1.556891 0.987942 0.280000
v 1.556891 0.987942 -0.280000
v 1.558471 0.974089 0.280000
v 1.558471 0.974089 -0.280000
v 1.559739 0.958584 0.280000
v 1.559739 0.958584 -0.280000
v 1.560673 0.941172 0.280000
v 1.560673 0.941172 -0.280000
v 1.561249 0.921596 0.280000
v 1.561249 0.921596 -0.280000
v 1.561446 0.899598 0.280000
v 1.561446 0.899598 -0.280000
v 1.561446 -0.992771 0.280000
v 1.561446 -0.992771 -0.280000
v 1.560335 -1.023435 0.280000
v 1.560335 -1.023435 -0.280000
v 1.557103 -1.051198 0.280000
v 1.557103 -1.051198 -0.280000
v 1.551908 -1.076105 0.280000
v 1.551908 -1.076105 -0.280000
v 1.544906 -1.098200 0.280000
v 1.544906 -1.098200 -0.280000
v 1.536253 -1.117530 0.280000
v 1.536253 -1.117530 -0.280000
v 1.526105 -1.134137 0.280000
v 1.526105 -1.134137 -0.280000
v 1.514618 -1.148067 0.280000
v 1.514618 -1.148067 -0.280000
v 1.501949 -1.159364 0.280000
v 1.501949 -1.159364 -0.280000
v 1.488254 -1.168072 0.280000
v 1.488254 -1.168072 -0.280000
v 1.473688 -1.174238 0.280000
v 1.473688 -1.174238 -0.280000
v 1.458408 -1.177904 0.280000
v 1.458408 -1.177904 -0.280000
v 1.442571 -1.179117 0.280000
v 1.442571 -1.179117 -0.280000
v 1.432279 -1.179836 0.280000
v 1.432279 -1.179836 -0.280000
v 1.422356 -1.181928 0.280000
v 1.422356 -1.181928 -0.280000
v 1.412902 -1.185291 0.280000
v 1.412902 -1.185291 -0.280000
v 1.404016 -1.189826 0.280000
v 1.404016 -1.189826 -0.280000
v 1.395800 -1.195432 0.280000
v 1.395800 -1.195432 -0.280000
v 1.388354 -1.202008 0.280000
v 1.388354 -1.202008 -0.280000
v 1.381778 -1.209455 0.280000
v 1.381778 -1.209455 -0.280000
v 1.376172 -1.217671 0.280000
v 1.376172 -1.217671 -0.280000
v 1.371637 -1.226556 0.280000
v 1.371637 -1.226556 -0.280000
v 1.368274 -1.236011 0.280000
v 1.368274 -1.236011 -0.280000
v 1.366182 -1.245934 0.280000
v 1.366182 -1.245934 -0.280000
v 1.365462 -1.256225 0.280000
v 1.365462 -1.256225 -0.280000
v 1.366245 -1.267252 0.280000
v 1.366245 -1.267252 -0.280000
v 1.368512 -1.277778 0.280000
v 1.368512 -1.277778 -0.280000
v 1.372139 -1.287701 0.280000
v 1.372139 -1.287701 -0.280000
v 1.377005 -1.296921 0.280000
v 1.377005 -1.296921 -0.280000
v 1.382986 -1.305338 0.280000
v 1.382986 -1.305338 -0.280000
v 1.389960 -1.312852 0.280000
v 1.389960 -1.312852 -0.280000
v 1.397805 -1.319361 0.280000
v 1.397805 -1.319361 -0.280000
v 1.406397 -1.324766 0.280000
v 1.406397 -1.324766 -0.280000
v 1.415613 -1.328966 0.280000
v 1.415613 -1.328966 -0.280000
v 1.425331 -1.331861 0.280000
v 1.425331 -1.331861 -0.280000
v 1.435429 -1.333350 0.280000
v 1.435429 -1.333350 -0.280000
v 1.445784 -1.333333 0.280000
v 1.445784 -1.333333 -0.280000
v 1.465909 -1.332469 0.280000
v 1.465909 -1.332469 -0.280000
v 1.487640 -1.331504 0.280000
v 1.487640 -1.331504 -0.280000
v 1.510844 -1.330472 0.280000
v 1.510844 -1.330472 -0.280000
v 1.535387 -1.329407 0.280000
v 1.535387 -1.329407 -0.280000
v 1.561134 -1.328341 0.280000
v 1.561134 -1.328341 -0.280000
v 1.587952 -1.327309 0.280000
v 1.587952 -1.327309 -0.280000
v 1.615708 -1.326344 0.280000
v 1.615708 -1.326344 -0.280000
v 1.644267 -1.325480 0.280000
v 1.644267 -1.325480 -0.280000
v 1.673495 -1.324749 0.280000
v 1.673495 -1.324749 -0.280000
v 1.703258 -1.324186 0.280000
v 1.703258 -1.324186 -0.280000
v 1.733423 -1.323823 0.280000
v 1.733423 -1.323823 -0.280000
v 1.763856 -1.323695 0.280000
v 1.763856 -1.323695 -0.280000
v 1.794350 -1.323823 0.280000
v 1.794350 -1.323823 -0.280000
v 1.824677 -1.324186 0.280000
v 1.824677 -1.324186 -0.280000
v 1.854669 -1.324749 0.280000
v 1.854669 -1.324749 -0.280000
v 1.884159 -1.325480 0.280000
v 1.884159 -1.325480 -0.280000
v 1.912980 -1.326344 0.280000
v 1.912980 -1.326344 -0.280000
v 1.940964 -1.327309 0.280000
v 1.940964 -1.327309 -0.280000
v 1.967945 -1.328341 0.280000
v 1.967945 -1.328341 -0.280000
v 1.993753 -1.329407 0.280000
v 1.993753 -1.329407 -0.280000
v 2.018224 -1.330472 0.280000
v 2.018224 -1.330472 -0.280000
v 2.041188 -1.331504 0.280000
v 2.041188 -1.331504 -0.280000
v 2.062478 -1.332469 0.280000
v 2.062478 -1.332469 -0.280000
v 2.081928 -1.333333 0.280000
v 2.081928 -1.333333 -0.280000
v 2.093021 -1.333350 0.280000
v 2.093021 -1.333350 -0.280000
v 2.103734 -1.331861 0.280000
v 2.103734 -1.331861 -0.280000
v 2.113956 -1.328966 0.280000
v 2.113956 -1.328966 -0.280000
v 2.123576 -1.324766 0.280000
v 2.123576 -1.324766 -0.280000
v 2.132482 -1.319361 0.280000
v 2.132482 -1.319361 -0.280000
v 2.140563 -1.312852 0.280000
v 2.140563 -1.312852 -0.280000
v 2.147706 -1.305338 0.280000
v 2.147706 -1.305338 -0.280000
v 2.153801 -1.296921 0.280000
v 2.153801 -1.296921 -0.280000
v 2.158736 -1.287701 0.280000
v 2.158736 -1.287701 -0.280000
v 2.162398 -1.277778 0.280000
v 2.162398 -1.277778 -0.280000
v 2.164678 -1.267253 0.280000
v 2.164678 -1.267253 -0.280000
v 2.165462 -1.256225 0.280000
v 2.165462 -1.256225 -0.280000
v 2.164742 -1.245934 0.280000
v 2.164742 -1.245934 -0.280000
v 2.162651 -1.236011 0.280000
v 2.162651 -1.236011 -0.280000
v 2.159287 -1.226556 0.280000
v 2.159287 -1.226556 -0.280000
v 2.154753 -1.217671 0.280000
v 2.154753 -1.217671 -0.280000
v 2.149147 -1.209455 0.280000
v 2.149147 -1.209455 -0.280000
v 2.142571 -1.202008 0.280000
v 2.142571 -1.202008 -0.280000
v 2.135124 -1.195432 0.280000
v 2.135124 -1.195432 -0.280000
v 2.126908 -1.189826 0.280000
v 2.126908 -1.189826 -0.280000
v 2.118022 -1.185291 0.280000
v 2.118022 -1.185291 -0.280000
v 2.108568 -1.181928 0.280000
v 2.108568 -1.181928 -0.280000
v 2.098645 -1.179836 0.280000
v 2.098645 -1.179836 -0.280000
v 2.088354 -1.179117 0.280000
v 2.088354 -1.179117 -0.280000
v 2.072453 -1.177904 0.280000
v 2.072453 -1.177904 -0.280000
v 2.056999 -1.174238 0.280000
v 2.056999 -1.174238 -0.280000
v 2.042169 -1.168072 0.280000
v 2.042169 -1.168072 -0.280000
v 2.028143 -1.159364 0.280000
v 2.028143 -1.159364 -0.280000
v 2.015098 -1.148067 0.280000
v 2.015098 -1.148067 -0.280000
v 2.003213 -1.134137 0.280000
v 2.003213 -1.134137 -0.280000
v 1.992667 -1.117530 0.280000
v 1.992667 -1.117530 -0.280000
v 1.983639 -1.098200 0.280000
v 1.983639 -1.098200 -0.280000
v 1.976306 -1.076105 0.280000
v 1.976306 -1.076105 -0.280000
v 1.970847 -1.051198 0.280000
v 1.970847 -1.051198 -0.280000
v 1.967441 -1.023435 0.280000
v 1.967441 -1.023435 -0.280000
v 1.966266 -0.992771 0.280000
v 1.966266 -0.992771 -0.280000
v 0.357304 -0.562428 0.280000
v 0.357304 -0.562428 -0.280000
v 0.349993 -0.668898 0.280000
v 0.349993 -0.668898 -0.280000
v 0.335141 -0.765864 0.280000
v 0.335141 -0.765864 -0.280000
v 0.313194 -0.853191 0.280000
v 0.313194 -0.853191 -0.280000
v 0.284598 -0.930745 0.280000
v 0.284598 -0.930745 -0.280000
v 0.249799 -0.998394 0.280000
v 0.249799 -0.998394 -0.280000
v 0.209245 -1.056002 0.280000
v 0.209245 -1.056002 -0.280000
v 0.163380 -1.103436 0.280000
v 0.163380 -1.103436 -0.280000
v 0.112651 -1.140562 0.280000
v 0.112651 -1.140562 -0.280000
v 0.057504 -1.167247 0.280000
v 0.057504 -1.167247 -0.280000
v -0.001614 -1.183356 0.280000
v -0.001614 -1.183356 -0.280000
v -0.064257 -1.188755 0.280000
v -0.064257 -1.188755 -0.280000
v -0.117977 -1.186648 0.280000
v -0.117977 -1.186648 -0.280000
v -0.169790 -1.180202 0.280000
v -0.169790 -1.180202 -0.280000
v -0.219528 -1.169227 0.280000
v -0.219528 -1.169227 -0.280000
v -0.267023 -1.153533 0.280000
v -0.267023 -1.153533 -0.280000
v -0.312109 -1.132930 0.280000
v -0.312109 -1.132930 -0.280000
v -0.354618 -1.107229 0.280000
v -0.354618 -1.107229 -0.280000
v -0.394383 -1.076240 0.280000
v -0.394383 -1.076240 -0.280000
v -0.431236 -1.039774 0.280000
v -0.431236 -1.039774 -0.280000
v -0.465010 -0.997641 0.280000
v -0.465010 -0.997641 -0.280000
v -0.495537 -0.949651 0.280000
v -0.495537 -0.949651 -0.280000
v -0.522651 -0.895614 0.280000
v -0.522651 -0.895614 -0.280000
v -0.546185 -0.835342 0.280000
v -0.546185 -0.835342 -0.280000
v -0.550110 -0.825314 0.280000
v -0.550110 -0.825314 -0.280000
v -0.555362 -0.816168 0.280000
v -0.555362 -0.816168 -0.280000
v -0.561797 -0.807982 0.280000
v -0.561797 -0.807982 -0.280000
v -0.569269 -0.800833 0.280000
v -0.569269 -0.800833 -0.280000
v -0.577634 -0.794800 0.280000
v -0.577634 -0.794800 -0.280000
v -0.586747 -0.789960 0.280000
v -0.586747 -0.789960 -0.280000
v -0.596462 -0.786392 0.280000
v -0.596462 -0.786392 -0.280000
v -0.606634 -0.784174 0.280000
v -0.606634 -0.784174 -0.280000
v -0.617118 -0.783384 0.280000
v -0.617118 -0.783384 -0.280000
v -0.627770 -0.784099 0.280000
v -0.627770 -0.784099 -0.280000
v -0.638444 -0.786399 0.280000
v -0.638444 -0.786399 -0.280000
v -0.648996 -0.790362 0.280000
v -0.648996 -0.790362 -0.280000
v -0.658287 -0.794896 0.280000
v -0.658287 -0.794896 -0.280000
v -0.666830 -0.800402 0.280000
v -0.666830 -0.800402 -0.280000
v -0.674548 -0.806777 0.280000
v -0.674548 -0.806777 -0.280000
v -0.681362 -0.813923 0.280000
v -0.681362 -0.813923 -0.280000
v -0.687195 -0.821737 0.280000
v -0.687195 -0.821737 -0.280000
v -0.691968 -0.830121 0.280000
v -0.691968 -0.830121 -0.280000
v -0.695603 -0.838973 0.280000
v -0.695603 -0.838973 -0.280000
v -0.698022 -0.848193 0.280000
v -0.698022 -0.848193 -0.280000
v -0.699146 -0.857681 0.280000
v -0.699146 -0.857681 -0.280000
v -0.698899 -0.867336 0.280000
v -0.698899 -0.867336 -0.280000
v -0.697202 -0.877058 0.280000
v -0.697202 -0.877058 -0.280000
v -0.693976 -0.886747 0.280000
v -0.693976 -0.886747 -0.280000
v -0.661829 -0.968742 0.280000
v -0.661829 -0.968742 -0.280000
v -0.623680 -1.041499 0.280000
v -0.623680 -1.041499 -0.280000
v -0.580221 -1.105422 0.280000
v -0.580221 -1.105422 -0.280000
v -0.532143 -1.160910 0.280000
v -0.532143 -1.160910 -0.280000
v -0.480139 -1.208367 0.280000
v -0.480139 -1.208367 -0.280000
v -0.424899 -1.248193 0.280000
v -0.424899 -1.248193 -0.280000
v -0.367116 -1.280790 0.280000
v -0.367116 -1.280790 -0.280000
v -0.307482 -1.306560 0.280000
v -0.307482 -1.306560 -0.280000
v -0.246686 -1.325904 0.280000
v -0.246687 -1.325904 -0.280000
v -0.185423 -1.339224 0.280000
v -0.185423 -1.339224 -0.280000
v -0.124382 -1.346921 0.280000
v -0.124383 -1.346921 -0.280000
v -0.064257 -1.349398 0.280000
v -0.064257 -1.349398 -0.280000
v 0.077546 -1.341916 0.280000
v 0.077546 -1.341916 -0.280000
v 0.205905 -1.320065 0.280000
v 0.205905 -1.320065 -0.280000
v 0.321035 -1.284739 0.280000
v 0.321034 -1.284739 -0.280000
v 0.423145 -1.236829 0.280000
v 0.423145 -1.236829 -0.280000
v 0.512448 -1.177228 0.280000
v 0.512448 -1.177228 -0.280000
v 0.589157 -1.106827 0.280000
v 0.589157 -1.106827 -0.280000
v 0.653483 -1.026521 0.280000
v 0.653483 -1.026521 -0.280000
v 0.705638 -0.937201 0.280000
v 0.705638 -0.937201 -0.280000
v 0.745834 -0.839759 0.280000
v 0.745834 -0.839759 -0.280000
v 0.774283 -0.735089 0.280000
v 0.774283 -0.735089 -0.280000
v 0.791197 -0.624082 0.280000
v 0.791197 -0.624082 -0.280000
v 0.796787 -0.507631 0.280000
v 0.796787 -0.507631 -0.280000
v 0.789003 -0.377681 0.280000
v 0.789003 -0.377681 -0.280000
v 0.766369 -0.257861 0.280000
v 0.766369 -0.257861 -0.280000
v 0.729970 -0.148394 0.280000
v 0.729970 -0.148394 -0.280000
v 0.680887 -0.049502 0.280000
v 0.680887 -0.049502 -0.280000
v 0.620201 0.038591 0.280000
v 0.620201 0.038591 -0.280000
v 0.548996 0.115662 0.280000
v 0.548996 0.115662 -0.280000
v 0.468353 0.181489 0.280000
v 0.468353 0.181489 -0.280000
v 0.379355 0.235847 0.280000
v 0.379355 0.235847 -0.280000
v 0.283083 0.278514 0.280000
v 0.283083 0.278514 -0.280000
v 0.180619 0.309267 0.280000
v 0.180619 0.309267 -0.280000
v 0.073046 0.327882 0.280000
v 0.073046 0.327882 -0.280000
v -0.038554 0.334136 0.280000
v -0.038554 0.334136 -0.280000
v -0.138093 0.329022 0.280000
v -0.138093 0.329022 -0.280000
v -0.230849 0.313565 0.280000
v -0.230849 0.313565 -0.280000
v -0.316466 0.287600 0.280000
v -0.316466 0.287600 -0.280000
v -0.394585 0.250959 0.280000
v -0.394585 0.250959 -0.280000
v -0.464852 0.203475 0.280000
v -0.464852 0.203475 -0.280000
v -0.526907 0.144980 0.280000
v -0.526907 0.144980 -0.280000
v -0.580395 0.075307 0.280000
v -0.580395 0.075307 -0.280000
v -0.624959 -0.005712 0.280000
v -0.624959 -0.005712 -0.280000
v -0.660241 -0.098243 0.280000
v -0.660241 -0.098243 -0.280000
v -0.685884 -0.202454 0.280000
v -0.685884 -0.202454 -0.280000
v -0.701532 -0.318513 0.280000
v -0.701532 -0.318513 -0.280000
v -0.706827 -0.446586 0.280000
v -0.706827 -0.446586 -0.280000
v 0.356627 -0.446586 0.280000
v 0.356627 -0.446586 -0.280000
v -0.195984 -0.285944 0.280000
v -0.195984 -0.285944 -0.280000
v -0.214266 -0.285025 0.280000
v -0.214266 -0.285025 -0.280000
v -0.230596 -0.282344 0.280000
v -0.230596 -0.282344 -0.280000
v -0.245030 -0.278012 0.280000
v -0.245030 -0.278012 -0.280000
v -0.257623 -0.272141 0.280000
v -0.257623 -0.272141 -0.280000
v -0.268431 -0.264841 0.280000
v -0.268431 -0.264841 -0.280000
v -0.277510 -0.256225 0.280000
v -0.277510 -0.256225 -0.280000
v -0.284915 -0.246404 0.280000
v -0.284915 -0.246404 -0.280000
v -0.290703 -0.235490 0.280000
v -0.290703 -0.235490 -0.280000
v -0.294929 -0.223594 0.280000
v -0.294930 -0.223594 -0.280000
v -0.297650 -0.210829 0.280000
v -0.297650 -0.210829 -0.280000
v -0.298920 -0.197304 0.280000
v -0.298920 -0.197304 -0.280000
v -0.298795 -0.183133 0.280000
v -0.298795 -0.183133 -0.280000
v -0.292877 -0.132246 0.280000
v -0.292877 -0.132246 -0.280000
v -0.284649 -0.084204 0.280000
v -0.284649 -0.084204 -0.280000
v -0.273946 -0.039307 0.280000
v -0.273946 -0.039307 -0.280000
v -0.260598 0.002142 0.280000
v -0.260598 0.002142 -0.280000
v -0.244439 0.039843 0.280000
v -0.244439 0.039843 -0.280000
v -0.225301 0.073494 0.280000
v -0.225301 0.073494 -0.280000
v -0.203017 0.102794 0.280000
v -0.203017 0.102794 -0.280000
v -0.177421 0.127443 0.280000
v -0.177421 0.127443 -0.280000
v -0.148343 0.147138 0.280000
v -0.148343 0.147138 -0.280000
v -0.115618 0.161580 0.280000
v -0.115618 0.161580 -0.280000
v -0.079077 0.170465 0.280000
v -0.079077 0.170465 -0.280000
v -0.038554 0.173494 0.280000
v -0.038554 0.173494 -0.280000
v 0.011978 0.169608 0.280000
v 0.011978 0.169608 -0.280000
v 0.059141 0.158203 0.280000
v 0.059140 0.158203 -0.280000
v 0.102912 0.139659 0.280000
v 0.102912 0.139658 -0.280000
v 0.143270 0.114354 0.280000
v 0.143270 0.114354 -0.280000
v 0.180191 0.082668 0.280000
v 0.180191 0.082668 -0.280000
v 0.213655 0.044980 0.280000
v 0.213655 0.044980 -0.280000
v 0.243638 0.001670 0.280000
v 0.243638 0.001669 -0.280000
v 0.270118 -0.046884 0.280000
v 0.270118 -0.046884 -0.280000
v 0.293073 -0.100301 0.280000
v 0.293072 -0.100301 -0.280000
v 0.312480 -0.158203 0.280000
v 0.312480 -0.158203 -0.280000
v 0.328317 -0.220211 0.280000
v 0.328317 -0.220211 -0.280000
v 0.340562 -0.285944 0.280000
v 0.340562 -0.285944 -0.280000
v -2.300402 -0.311647 0.280000
v -2.300402 -0.311647 -0.280000
v -2.298321 -0.215711 0.280000
v -2.298321 -0.215711 -0.280000
v -2.292057 -0.132917 0.280000
v -2.292057 -0.132917 -0.280000
v -2.281576 -0.062349 0.280000
v -2.281576 -0.062350 -0.280000
v -2.266845 -0.003094 0.280000
v -2.266845 -0.003094 -0.280000
v -2.247830 0.045764 0.280000
v -2.247830 0.045764 -0.280000
v -2.224498 0.085140 0.280000
v -2.224498 0.085140 -0.280000
v -2.196815 0.115949 0.280000
v -2.196815 0.115949 -0.280000
v -2.164748 0.139104 0.280000
v -2.164748 0.139104 -0.280000
v -2.128263 0.155522 0.280000
v -2.128263 0.155522 -0.280000
v -2.087327 0.166116 0.280000
v -2.087327 0.166116 -0.280000
v -2.041907 0.171802 0.280000
v -2.041907 0.171802 -0.280000
v -1.991968 0.173494 0.280000
v -1.991968 0.173494 -0.280000
v -1.950984 0.171874 0.280000
v -1.950984 0.171874 -0.280000
v -1.912019 0.167232 0.280000
v -1.912019 0.167232 -0.280000
v -1.875753 0.159889 0.280000
v -1.875753 0.159889 -0.280000
v -1.842868 0.150171 0.280000
v -1.842868 0.150171 -0.280000
v -1.814043 0.138400 0.280000
v -1.814043 0.138400 -0.280000
v -1.789960 0.124899 0.280000
v -1.789960 0.124899 -0.280000
v -1.771298 0.109994 0.280000
v -1.771298 0.109994 -0.280000
v -1.758739 0.094006 0.280000
v -1.758739 0.094006 -0.280000
v -1.752962 0.077259 0.280000
v -1.752962 0.077259 -0.280000
v -1.754648 0.060077 0.280000
v -1.754648 0.060077 -0.280000
v -1.764478 0.042784 0.280000
v -1.764478 0.042784 -0.280000
v -1.783133 0.025703 0.280000
v -1.783133 0.025703 -0.280000
v -1.797178 0.014673 0.280000
v -1.797178 0.014673 -0.280000
v -1.810353 0.002529 0.280000
v -1.810353 0.002528 -0.280000
v -1.822591 -0.010643 0.280000
v -1.822591 -0.010643 -0.280000
v -1.833824 -0.024751 0.280000
v -1.833824 -0.024751 -0.280000
v -1.843987 -0.039707 0.280000
v -1.843987 -0.039707 -0.280000
v -1.853012 -0.055422 0.280000
v -1.853012 -0.055422 -0.280000
v -1.860832 -0.071806 0.280000
v -1.860832 -0.071806 -0.280000
v -1.867381 -0.088770 0.280000
v -1.867381 -0.088770 -0.280000
v -1.872590 -0.106225 0.280000
v -1.872590 -0.106225 -0.280000
v -1.876395 -0.124082 0.280000
v -1.876395 -0.124082 -0.280000
v -1.878726 -0.142251 0.280000
v -1.878726 -0.142251 -0.280000
v -1.879518 -0.160643 0.280000
v -1.879518 -0.160643 -0.280000
v -1.877421 -0.192191 0.280000
v -1.877421 -0.192191 -0.280000
v -1.871307 -0.222401 0.280000
v -1.871307 -0.222401 -0.280000
v -1.861446 -0.251004 0.280000
v -1.861446 -0.251004 -0.280000
v -1.848104 -0.277733 0.280000
v -1.848104 -0.277733 -0.280000
v -1.831548 -0.302321 0.280000
v -1.831548 -0.302321 -0.280000
v -1.812048 -0.324498 0.280000
v -1.812048 -0.324498 -0.280000
v -1.789871 -0.343998 0.280000
v -1.789871 -0.343998 -0.280000
v -1.765283 -0.360553 0.280000
v -1.765283 -0.360553 -0.280000
v -1.738554 -0.373896 0.280000
v -1.738554 -0.373896 -0.280000
v -1.709951 -0.383757 0.280000
v -1.709951 -0.383757 -0.280000
v -1.679741 -0.389871 0.280000
v -1.679741 -0.389871 -0.280000
v -1.648193 -0.391968 0.280000
v -1.648193 -0.391968 -0.280000
v -1.625985 -0.390914 0.280000
v -1.625985 -0.390914 -0.280000
v -1.604403 -0.387818 0.280000
v -1.604403 -0.387818 -0.280000
v -1.583534 -0.382781 0.280000
v -1.583534 -0.382781 -0.280000
v -1.563469 -0.375904 0.280000
v -1.563469 -0.375904 -0.280000
v -1.544296 -0.367286 0.280000
v -1.544296 -0.367286 -0.280000
v -1.526104 -0.357028 0.280000
v -1.526104 -0.357028 -0.280000
v -1.508984 -0.345231 0.280000
v -1.508984 -0.345231 -0.280000
v -1.493024 -0.331995 0.280000
v -1.493024 -0.331995 -0.280000
v -1.478313 -0.317420 0.280000
v -1.478313 -0.317420 -0.280000
v -1.464941 -0.301607 0.280000
v -1.464941 -0.301607 -0.280000
v -1.452997 -0.284655 0.280000
v -1.452997 -0.284655 -0.280000
v -1.442570 -0.266667 0.280000
v -1.442570 -0.266667 -0.280000
v -1.415769 -0.201527 0.280000
v -1.415769 -0.201527 -0.280000
v -1.405399 -0.134033 0.280000
v -1.405399 -0.134033 -0.280000
v -1.410492 -0.065713 0.280000
v -1.410492 -0.065713 -0.280000
v -1.430076 0.001904 0.280000
v -1.430076 0.001904 -0.280000
v -1.463181 0.067289 0.280000
v -1.463181 0.067289 -0.280000
v -1.508835 0.128916 0.280000
v -1.508835 0.128915 -0.280000
v -1.566070 0.185254 0.280000
v -1.566070 0.185254 -0.280000
v -1.633914 0.234776 0.280000
v -1.633914 0.234776 -0.280000
v -1.711396 0.275954 0.280000
v -1.711396 0.275954 -0.280000
v -1.797546 0.307258 0.280000
v -1.797546 0.307258 -0.280000
v -1.891393 0.327162 0.280000
v -1.891393 0.327162 -0.280000
v -1.991968 0.334136 0.280000
v -1.991968 0.334136 -0.280000
v -2.132213 0.326707 0.280000
v -2.132213 0.326707 -0.280000
v -2.253414 0.305488 0.280000
v -2.253414 0.305488 -0.280000
v -2.356878 0.272088 0.280000
v -2.356878 0.272088 -0.280000
v -2.443909 0.228112 0.280000
v -2.443909 0.228112 -0.280000
v -2.515814 0.175167 0.280000
v -2.515814 0.175167 -0.280000
v -2.573896 0.114859 0.280000
v -2.573896 0.114859 -0.280000
v -2.619462 0.048795 0.280000
v -2.619462 0.048795 -0.280000
v -2.653816 -0.021419 0.280000
v -2.653816 -0.021419 -0.280000
v -2.678263 -0.094177 0.280000
v -2.678263 -0.094177 -0.280000
v -2.694110 -0.167872 0.280000
v -2.694110 -0.167872 -0.280000
v -2.702661 -0.240897 0.280000
v -2.702661 -0.240897 -0.280000
v -2.705221 -0.311647 0.280000
v -2.705221 -0.311647 -0.280000
v -2.705221 -0.774297 0.280000
v -2.705221 -0.774297 -0.280000
v -2.706288 -0.828029 0.280000
v -2.706288 -0.828029 -0.280000
v -2.709475 -0.876707 0.280000
v -2.709475 -0.876707 -0.280000
v -2.714759 -0.920231 0.280000
v -2.714759 -0.920231 -0.280000
v -2.722118 -0.958501 0.280000
v -2.722118 -0.958501 -0.280000
v -2.731529 -0.991416 0.280000
v -2.731529 -0.991416 -0.280000
v -2.742972 -1.018876 0.280000
v -2.742972 -1.018876 -0.280000
v -2.756422 -1.040780 0.280000
v -2.756422 -1.040780 -0.280000
v -2.771858 -1.057028 0.280000
v -2.771858 -1.057028 -0.280000
v -2.789257 -1.067520 0.280000
v -2.789257 -1.067520 -0.280000
v -2.808597 -1.072155 0.280000
v -2.808597 -1.072155 -0.280000
v -2.829856 -1.070833 0.280000
v -2.829856 -1.070833 -0.280000
v -2.853012 -1.063454 0.280000
v -2.853012 -1.063454 -0.280000
v -2.862770 -1.059972 0.280000
v -2.862770 -1.059972 -0.280000
v -2.872706 -1.057549 0.280000
v -2.872706 -1.057549 -0.280000
v -2.882731 -1.056175 0.280000
v -2.882731 -1.056175 -0.280000
v -2.892756 -1.055838 0.280000
v -2.892756 -1.055838 -0.280000
v -2.902693 -1.056528 0.280000
v -2.902693 -1.056528 -0.280000
v -2.912450 -1.058233 0.280000
v -2.912450 -1.058233 -0.280000
v -2.921940 -1.060942 0.280000
v -2.921940 -1.060942 -0.280000
v -2.931073 -1.064644 0.280000
v -2.931073 -1.064644 -0.280000
v -2.939759 -1.069327 0.280000
v -2.939759 -1.069327 -0.280000
v -2.947910 -1.074982 0.280000
v -2.947910 -1.074982 -0.280000
v -2.955437 -1.081595 0.280000
v -2.955437 -1.081595 -0.280000
v -2.962249 -1.089157 0.280000
v -2.962249 -1.089157 -0.280000
v -2.968809 -1.099045 0.280000
v -2.968809 -1.099045 -0.280000
v -2.974030 -1.109356 0.280000
v -2.974030 -1.109356 -0.280000
v -2.977912 -1.119980 0.280000
v -2.977912 -1.119980 -0.280000
v -2.980455 -1.130805 0.280000
v -2.980455 -1.130805 -0.280000
v -2.981660 -1.141719 0.280000
v -2.981660 -1.141719 -0.280000
v -2.981526 -1.152611 0.280000
v -2.981526 -1.152611 -0.280000
v -2.980054 -1.163368 0.280000
v -2.980054 -1.163368 -0.280000
v -2.977242 -1.173881 0.280000
v -2.977242 -1.173881 -0.280000
v -2.973093 -1.184036 0.280000
v -2.973093 -1.184036 -0.280000
v -2.967604 -1.193723 0.280000
v -2.967604 -1.193723 -0.280000
v -2.960777 -1.202830 0.280000
v -2.960777 -1.202830 -0.280000
v -2.952610 -1.211245 0.280000
v -2.952610 -1.211245 -0.280000
v -2.912586 -1.242468 0.280000
v -2.912586 -1.242468 -0.280000
v -2.871501 -1.268794 0.280000
v -2.871501 -1.268794 -0.280000
v -2.829769 -1.290412 0.280000
v -2.829769 -1.290412 -0.280000
v -2.787803 -1.307512 0.280000
v -2.787803 -1.307512 -0.280000
v -2.746016 -1.320283 0.280000
v -2.746016 -1.320283 -0.280000
v -2.704819 -1.328916 0.280000
v -2.704819 -1.328916 -0.280000
v -2.664627 -1.333599 0.280000
v -2.664627 -1.333599 -0.280000
v -2.625852 -1.334523 0.280000
v -2.625852 -1.334523 -0.280000
v -2.588906 -1.331878 0.280000
v -2.588906 -1.331878 -0.280000
v -2.554202 -1.325852 0.280000
v -2.554202 -1.325852 -0.280000
v -2.522153 -1.316635 0.280000
v -2.522153 -1.316635 -0.280000
v -2.493173 -1.304418 0.280000
v -2.493173 -1.304418 -0.280000
v -2.473693 -1.292833 0.280000
v -2.473693 -1.292833 -0.280000
v -2.455407 -1.280545 0.280000
v -2.455407 -1.280545 -0.280000
v -2.438303 -1.267520 0.280000
v -2.438303 -1.267520 -0.280000
v -2.422371 -1.253726 0.280000
v -2.422371 -1.253726 -0.280000
v -2.407599 -1.239129 0.280000
v -2.407599 -1.239129 -0.280000
v -2.393976 -1.223695 0.280000
v -2.393976 -1.223695 -0.280000
v -2.381491 -1.207391 0.280000
v -2.381491 -1.207391 -0.280000
v -2.370132 -1.190183 0.280000
v -2.370132 -1.190183 -0.280000
v -2.359890 -1.172038 0.280000
v -2.359890 -1.172038 -0.280000
v -2.350751 -1.152923 0.280000
v -2.350751 -1.152923 -0.280000
v -2.342706 -1.132804 0.280000
v -2.342706 -1.132804 -0.280000
v -2.335743 -1.111647 0.280000
v -2.335743 -1.111647 -0.280000
v -2.311379 -1.147371 0.280000
v -2.311379 -1.147371 -0.280000
v -2.284873 -1.180574 0.280000
v -2.284873 -1.180574 -0.280000
v -2.256225 -1.211145 0.280000
v -2.256225 -1.211145 -0.280000
v -2.225435 -1.238971 0.280000
v -2.225435 -1.238971 -0.280000
v -2.192503 -1.263941 0.280000
v -2.192503 -1.263941 -0.280000
v -2.157430 -1.285944 0.280000
v -2.157430 -1.285944 -0.280000
v -2.120214 -1.304868 0.280000
v -2.120214 -1.304868 -0.280000
v -2.080857 -1.320601 0.280000
v -2.080857 -1.320601 -0.280000
v -2.039357 -1.333032 0.280000
v -2.039357 -1.333032 -0.280000
v -1.995716 -1.342050 0.280000
v -1.995716 -1.342050 -0.280000
v -1.949933 -1.347542 0.280000
v -1.949933 -1.347542 -0.280000
v -1.902008 -1.349398 0.280000
v -1.902008 -1.349398 -0.280000
v -1.817020 -1.346521 0.280000
v -1.817020 -1.346521 -0.280000
v -1.738837 -1.337900 0.280000
v -1.738837 -1.337900 -0.280000
v -1.667570 -1.323544 0.280000
v -1.667570 -1.323544 -0.280000
v -1.603332 -1.303466 0.280000
v -1.603332 -1.303466 -0.280000
v -1.546233 -1.277676 0.280000
v -1.546233 -1.277676 -0.280000
v -1.496386 -1.246185 0.280000
v -1.496386 -1.246185 -0.280000
v -1.453901 -1.209005 0.280000
v -1.453901 -1.209005 -0.280000
v -1.418890 -1.166146 0.280000
v -1.418890 -1.166146 -0.280000
v -1.391466 -1.117621 0.280000
v -1.391466 -1.117621 -0.280000
v -1.371739 -1.063439 0.280000
v -1.371739 -1.063439 -0.280000
v -1.359821 -1.003613 0.280000
v -1.359821 -1.003613 -0.280000
v -1.355823 -0.938153 0.280000
v -1.355823 -0.938153 -0.280000
v -1.364837 -0.853176 0.280000
v -1.364837 -0.853176 -0.280000
v -1.390986 -0.773732 0.280000
v -1.390986 -0.773732 -0.280000
v -1.432932 -0.700402 0.280000
v -1.432932 -0.700402 -0.280000
v -1.489335 -0.633765 0.280000
v -1.489335 -0.633765 -0.280000
v -1.558858 -0.574401 0.280000
v -1.558858 -0.574401 -0.280000
v -1.640161 -0.522892 0.280000
v -1.640161 -0.522892 -0.280000
v -1.731905 -0.479816 0.280000
v -1.731905 -0.479816 -0.280000
v -1.832753 -0.445754 0.280000
v -1.832753 -0.445754 -0.280000
v -1.941365 -0.421285 0.280000
v -1.941365 -0.421285 -0.280000
v -2.056403 -0.406991 0.280000
v -2.056403 -0.406991 -0.280000
v -2.176528 -0.403451 0.280000
v -2.176528 -0.403451 -0.280000
v -2.300402 -0.411245 0.280000
v -2.300402 -0.411245 -0.280000
v -2.300402 -0.571888 0.280000
v -2.300402 -0.571888 -0.280000
v -2.215540 -0.566741 0.280000
v -2.215540 -0.566741 -0.280000
v -2.137707 -0.570073 0.280000
v -2.137707 -0.570073 -0.280000
v -2.066968 -0.581125 0.280000
v -2.066968 -0.581125 -0.280000
v -2.003392 -0.599137 0.280000
v -2.003392 -0.599137 -0.280000
v -1.947044 -0.623353 0.280000
v -1.947044 -0.623353 -0.280000
v -1.897992 -0.653012 0.280000
v -1.897992 -0.653012 -0.280000
v -1.856303 -0.687357 0.280000
v -1.856303 -0.687357 -0.280000
v -1.822044 -0.725629 0.280000
v -1.822044 -0.725629 -0.280000
v -1.795281 -0.767068 0.280000
v -1.795281 -0.767068 -0.280000
v -1.776082 -0.810918 0.280000
v -1.776082 -0.810918 -0.280000
v -1.764514 -0.856418 0.280000
v -1.764514 -0.856418 -0.280000
v -1.760643 -0.902811 0.280000
v -1.760643 -0.902811 -0.280000
v -1.763056 -0.938599 0.280000
v -1.763056 -0.938599 -0.280000
v -1.770043 -0.971977 0.280000
v -1.770043 -0.971977 -0.280000
v -1.781225 -1.002811 0.280000
v -1.781225 -1.002811 -0.280000
v -1.796222 -1.030969 0.280000
v -1.796222 -1.030969 -0.280000
v -1.814655 -1.056314 0.280000
v -1.814655 -1.056314 -0.280000
v -1.836144 -1.078715 0.280000
v -1.836144 -1.078715 -0.280000
v -1.860312 -1.098037 0.280000
v -1.860312 -1.098037 -0.280000
v -1.886777 -1.114146 0.280000
v -1.886777 -1.114146 -0.280000
v -1.915161 -1.126908 0.280000
v -1.915161 -1.126908 -0.280000
v -1.945084 -1.136189 0.280000
v -1.945084 -1.136189 -0.280000
v -1.976168 -1.141856 0.280000
v -1.976168 -1.141856 -0.280000
v -2.008032 -1.143775 0.280000
v -2.008032 -1.143775 -0.280000
v -2.042011 -1.141945 0.280000
v -2.042011 -1.141945 -0.280000
v -2.074773 -1.136368 0.280000
v -2.074773 -1.136368 -0.280000
v -2.106175 -1.126908 0.280000
v -2.106175 -1.126908 -0.280000
v -2.136070 -1.113431 0.280000
v -2.136070 -1.113431 -0.280000
v -2.164315 -1.095805 0.280000
v -2.164315 -1.095805 -0.280000
v -2.190763 -1.073896 0.280000
v -2.190763 -1.073896 -0.280000
v -2.215271 -1.047568 0.280000
v -2.215271 -1.047568 -0.280000
v -2.237692 -1.016689 0.280000
v -2.237692 -1.016689 -0.280000
v -2.257882 -0.981125 0.280000
v -2.257882 -0.981125 -0.280000
v -2.275696 -0.940741 0.280000
v -2.275696 -0.940741 -0.280000
v -2.290988 -0.895404 0.280000
v -2.290988 -0.895404 -0.280000
v -2.303615 -0.844980 0.280000
v -2.303615 -0.844980 -0.280000
v -2.302876 -0.839356 0.280000
v -2.302876 -0.839356 -0.280000
v -2.302261 -0.833720 0.280000
v -2.302261 -0.833720 -0.280000
v -2.301757 -0.828062 0.280000
v -2.301757 -0.828062 -0.280000
v -2.301354 -0.822371 0.280000
v -2.301354 -0.822371 -0.280000
v -2.301040 -0.816635 0.280000
v -2.301040 -0.816635 -0.280000
v -2.300804 -0.810843 0.280000
v -2.300804 -0.810843 -0.280000
v -2.300634 -0.804985 0.280000
v -2.300634 -0.804985 -0.280000
v -2.300521 -0.799048 0.280000
v -2.300521 -0.799048 -0.280000
v -2.300452 -0.793022 0.280000
v -2.300452 -0.793022 -0.280000
v -2.300417 -0.786896 0.280000
v -2.300417 -0.786896 -0.280000
v -2.300404 -0.780658 0.280000
v -2.300404 -0.780658 -0.280000
v -2.300402 -0.774297 0.280000
v -2.300402 -0.774297 -0.280000
v -3.542385 -1.333350 0.280000
v -3.542385 -1.333350 -0.280000
v -3.531847 -1.331861 0.280000
v -3.531847 -1.331861 -0.280000
v -3.521888 -1.328966 0.280000
v -3.521888 -1.328966 -0.280000
v -3.512599 -1.324766 0.280000
v -3.512599 -1.324766 -0.280000
v -3.504069 -1.319361 0.280000
v -3.504069 -1.319361 -0.280000
v -3.496386 -1.312852 0.280000
v -3.496386 -1.312852 -0.280000
v -3.489641 -1.305338 0.280000
v -3.489641 -1.305338 -0.280000
v -3.483922 -1.296921 0.280000
v -3.483922 -1.296921 -0.280000
v -3.479318 -1.287701 0.280000
v -3.479318 -1.287701 -0.280000
v -3.475919 -1.277778 0.280000
v -3.475919 -1.277778 -0.280000
v -3.473814 -1.267253 0.280000
v -3.473814 -1.267253 -0.280000
v -3.473093 -1.256225 0.280000
v -3.473093 -1.256225 -0.280000
v -3.473751 -1.245934 0.280000
v -3.473751 -1.245934 -0.280000
v -3.475681 -1.236011 0.280000
v -3.475681 -1.236011 -0.280000
v -3.478816 -1.226556 0.280000
v -3.478816 -1.226556 -0.280000
v -3.483088 -1.217671 0.280000
v -3.483088 -1.217671 -0.280000
v -3.488432 -1.209455 0.280000
v -3.488432 -1.209455 -0.280000
v -3.494780 -1.202008 0.280000
v -3.494780 -1.202008 -0.280000
v -3.502064 -1.195432 0.280000
v -3.502064 -1.195432 -0.280000
v -3.510219 -1.189826 0.280000
v -3.510219 -1.189826 -0.280000
v -3.519177 -1.185291 0.280000
v -3.519177 -1.185291 -0.280000
v -3.528872 -1.181928 0.280000
v -3.528872 -1.181928 -0.280000
v -3.539235 -1.179836 0.280000
v -3.539235 -1.179836 -0.280000
v -3.550201 -1.179117 0.280000
v -3.550201 -1.179117 -0.280000
v -3.566038 -1.177904 0.280000
v -3.566038 -1.177904 -0.280000
v -3.581318 -1.174238 0.280000
v -3.581318 -1.174238 -0.280000
v -3.595884 -1.168072 0.280000
v -3.595884 -1.168072 -0.280000
v -3.609579 -1.159364 0.280000
v -3.609579 -1.159364 -0.280000
v -3.622248 -1.148067 0.280000
v -3.622248 -1.148067 -0.280000
v -3.633735 -1.134137 0.280000
v -3.633735 -1.134137 -0.280000
v -3.643883 -1.117530 0.280000
v -3.643883 -1.117530 -0.280000
v -3.652536 -1.098200 0.280000
v -3.652536 -1.098200 -0.280000
v -3.659539 -1.076105 0.280000
v -3.659539 -1.076105 -0.280000
v -3.664733 -1.051198 0.280000
v -3.664733 -1.051198 -0.280000
v -3.667965 -1.023435 0.280000
v -3.667965 -1.023435 -0.280000
v -3.669077 -0.992771 0.280000
v -3.669077 -0.992771 -0.280000
v -3.669077 -0.019277 0.280000
v -3.669077 -0.019277 -0.280000
v -3.667842 0.004723 0.280000
v -3.667842 0.004722 -0.280000
v -3.664287 0.025465 0.280000
v -3.664287 0.025465 -0.280000
v -3.658635 0.043173 0.280000
v -3.658635 0.043173 -0.280000
v -3.651109 0.058069 0.280000
v -3.651109 0.058069 -0.280000
v -3.641931 0.070378 0.280000
v -3.641931 0.070378 -0.280000
v -3.631326 0.080321 0.280000
v -3.631326 0.080321 -0.280000
v -3.619515 0.088123 0.280000
v -3.619515 0.088123 -0.280000
v -3.606724 0.094006 0.280000
v -3.606724 0.094005 -0.280000
v -3.593173 0.098193 0.280000
v -3.593173 0.098193 -0.280000
v -3.579087 0.100907 0.280000
v -3.579087 0.100907 -0.280000
v -3.564689 0.102372 0.280000
v -3.564689 0.102372 -0.280000
v -3.550201 0.102811 0.280000
v -3.550201 0.102811 -0.280000
v -3.539235 0.103533 0.280000
v -3.539235 0.103532 -0.280000
v -3.528872 0.105637 0.280000
v -3.528872 0.105637 -0.280000
v -3.519177 0.109036 0.280000
v -3.519177 0.109036 -0.280000
v -3.510219 0.113640 0.280000
v -3.510219 0.113640 -0.280000
v -3.502064 0.119359 0.280000
v -3.502064 0.119359 -0.280000
v -3.494780 0.126104 0.280000
v -3.494780 0.126104 -0.280000
v -3.488432 0.133787 0.280000
v -3.488432 0.133787 -0.280000
v -3.483088 0.142317 0.280000
v -3.483088 0.142317 -0.280000
v -3.478816 0.151606 0.280000
v -3.478816 0.151606 -0.280000
v -3.475681 0.161565 0.280000
v -3.475681 0.161565 -0.280000
v -3.473751 0.172103 0.280000
v -3.473751 0.172103 -0.280000
v -3.473093 0.183132 0.280000
v -3.473093 0.183132 -0.280000
v -3.473814 0.194160 0.280000
v -3.473814 0.194160 -0.280000
v -3.475919 0.204685 0.280000
v -3.475919 0.204685 -0.280000
v -3.479318 0.214608 0.280000
v -3.479318 0.214608 -0.280000
v -3.483922 0.223829 0.280000
v -3.483922 0.223829 -0.280000
v -3.489641 0.232246 0.280000
v -3.489641 0.232246 -0.280000
v -3.496386 0.239759 0.280000
v -3.496386 0.239759 -0.280000
v -3.504069 0.246268 0.280000
v -3.504069 0.246268 -0.280000
v -3.512599 0.251673 0.280000
v -3.512599 0.251673 -0.280000
v -3.521888 0.255873 0.280000
v -3.521888 0.255873 -0.280000
v -3.531847 0.258768 0.280000
v -3.531847 0.258768 -0.280000
v -3.542385 0.260258 0.280000
v -3.542385 0.260258 -0.280000
v -3.553414 0.260241 0.280000
v -3.553414 0.260241 -0.280000
v -3.572202 0.258521 0.280000
v -3.572202 0.258521 -0.280000
v -3.590198 0.256656 0.280000
v -3.590198 0.256656 -0.280000
v -3.607681 0.254769 0.280000
v -3.607681 0.254769 -0.280000
v -3.624930 0.252982 0.280000
v -3.624930 0.252982 -0.280000
v -3.642223 0.251419 0.280000
v -3.642223 0.251419 -0.280000
v -3.659840 0.250201 0.280000
v -3.659840 0.250201 -0.280000
v -3.678059 0.249451 0.280000
v -3.678059 0.249451 -0.280000
v -3.697160 0.249293 0.280000
v -3.697160 0.249293 -0.280000
v -3.717420 0.249849 0.280000
v -3.717420 0.249849 -0.280000
v -3.739120 0.251242 0.280000
v -3.739120 0.251242 -0.280000
v -3.762537 0.253594 0.280000
v -3.762537 0.253594 -0.280000
v -3.787952 0.257028 0.280000
v -3.787952 0.257028 -0.280000
v -3.810219 0.259705 0.280000
v -3.810219 0.259705 -0.280000
v -3.830611 0.262918 0.280000
v -3.830611 0.262918 -0.280000
v -3.849398 0.266667 0.280000
v -3.849398 0.266667 -0.280000
v -3.866845 0.270950 0.280000
v -3.866845 0.270950 -0.280000
v -3.883222 0.275770 0.280000
v -3.883222 0.275770 -0.280000
v -3.898795 0.281124 0.280000
v -3.898795 0.281124 -0.280000
v -3.913833 0.287015 0.280000
v -3.913833 0.287015 -0.280000
v -3.928604 0.293440 0.280000
v -3.928604 0.293440 -0.280000
v -3.943374 0.300401 0.280000
v -3.943374 0.300401 -0.280000
v -3.958412 0.307898 0.280000
v -3.958412 0.307898 -0.280000
v -3.973985 0.315930 0.280000
v -3.973985 0.315930 -0.280000
v -3.990362 0.324498 0.280000
v -3.990362 0.324498 -0.280000
v -4.000179 0.328588 0.280000
v -4.000179 0.328588 -0.280000
v -4.010264 0.331251 0.280000
v -4.010264 0.331251 -0.280000
v -4.020483 0.332530 0.280000
v -4.020483 0.332530 -0.280000
v -4.030701 0.332471 0.280000
v -4.030701 0.332471 -0.280000
v -4.040786 0.331117 0.280000
v -4.040786 0.331117 -0.280000
v -4.050603 0.328514 0.280000
v -4.050603 0.328514 -0.280000
v -4.060019 0.324706 0.280000
v -4.060019 0.324706 -0.280000
v -4.068899 0.319738 0.280000
v -4.068899 0.319738 -0.280000
v -4.077109 0.313655 0.280000
v -4.077109 0.313655 -0.280000
v -4.084517 0.306500 0.280000
v -4.084517 0.306500 -0.280000
v -4.090987 0.298319 0.280000
v -4.090987 0.298319 -0.280000
v -4.096386 0.289157 0.280000
v -4.096386 0.289157 -0.280000
v -4.097922 0.285010 0.280000
v -4.097922 0.285010 -0.280000
v -4.099302 0.280619 0.280000
v -4.099302 0.280619 -0.280000
v -4.100503 0.276004 0.280000
v -4.100503 0.276004 -0.280000
v -4.101503 0.271188 0.280000
v -4.101503 0.271188 -0.280000
v -4.102281 0.266194 0.280000
v -4.102281 0.266194 -0.280000
v -4.102812 0.261044 0.280000
v -4.102812 0.261044 -0.280000
v -4.103076 0.255760 0.280000
v -4.103076 0.255760 -0.280000
v -4.103050 0.250364 0.280000
v -4.103050 0.250364 -0.280000
v -4.102712 0.244879 0.280000
v -4.102712 0.244879 -0.280000
v -4.102038 0.239328 0.280000
v -4.102038 0.239328 -0.280000
v -4.101008 0.233731 0.280000
v -4.101008 0.233731 -0.280000
v -4.099599 0.228112 0.280000
v -4.099599 0.228112 -0.280000
v -4.096454 0.219448 0.280000
v -4.096454 0.219448 -0.280000
v -4.093455 0.211007 0.280000
v -4.093455 0.211007 -0.280000
v -4.090612 0.202610 0.280000
v -4.090612 0.202610 -0.280000
v -4.087937 0.194080 0.280000
v -4.087937 0.194080 -0.280000
v -4.085440 0.185237 0.280000
v -4.085440 0.185237 -0.280000
v -4.083132 0.175903 0.280000
v -4.083132 0.175903 -0.280000
v -4.081026 0.165901 0.280000
v -4.081026 0.165900 -0.280000
v -4.079131 0.155050 0.280000
v -4.079131 0.155050 -0.280000
v -4.077460 0.143173 0.280000
v -4.077460 0.143173 -0.280000
v -4.076023 0.130091 0.280000
v -4.076023 0.130091 -0.280000
v -4.074831 0.115625 0.280000
v -4.074831 0.115625 -0.280000
v -4.073896 0.099598 0.280000
v -4.073896 0.099598 -0.280000
v -4.112025 0.139984 0.280000
v -4.112025 0.139984 -0.280000
v -4.152150 0.176097 0.280000
v -4.152150 0.176097 -0.280000
v -4.193726 0.208082 0.280000
v -4.193726 0.208082 -0.280000
v -4.236205 0.236085 0.280000
v -4.236205 0.236085 -0.280000
v -4.279041 0.260250 0.280000
v -4.279041 0.260250 -0.280000
v -4.321687 0.280723 0.280000
v -4.321687 0.280723 -0.280000
v -4.363597 0.297648 0.280000
v -4.363597 0.297648 -0.280000
v -4.404225 0.311170 0.280000
v -4.404225 0.311170 -0.280000
v -4.443023 0.321436 0.280000
v -4.443023 0.321436 -0.280000
v -4.479445 0.328588 0.280000
v -4.479445 0.328588 -0.280000
v -4.512943 0.332774 0.280000
v -4.512943 0.332774 -0.280000
v -4.542973 0.334136 0.280000
v -4.542973 0.334136 -0.280000
v -4.616348 0.328733 0.280000
v -4.616348 0.328733 -0.280000
v -4.683654 0.313134 0.280000
v -4.683654 0.313134 -0.280000
v -4.744579 0.288253 0.280000
v -4.744579 0.288253 -0.280000
v -4.798811 0.255005 0.280000
v -4.798811 0.255005 -0.280000
v -4.846037 0.214305 0.280000
v -4.846037 0.214305 -0.280000
v -4.885945 0.167068 0.280000
v -4.885945 0.167068 -0.280000
v -4.918222 0.114209 0.280000
v -4.918222 0.114208 -0.280000
v -4.942556 0.056641 0.280000
v -4.942556 0.056641 -0.280000
v -4.958635 -0.004719 0.280000
v -4.958635 -0.004719 -0.280000
v -4.966147 -0.068957 0.280000
v -4.966147 -0.068957 -0.280000
v -4.964778 -0.135159 0.280000
v -4.964778 -0.135159 -0.280000
v -4.954217 -0.202410 0.280000
v -4.954217 -0.202410 -0.280000
v -4.944207 -0.233811 0.280000
v -4.944207 -0.233811 -0.280000
v -4.931965 -0.262190 0.280000
v -4.931965 -0.262190 -0.280000
v -4.917671 -0.287600 0.280000
v -4.917671 -0.287600 -0.280000
v -4.901503 -0.310100 0.280000
v -4.901503 -0.310100 -0.280000
v -4.883638 -0.329743 0.280000
v -4.883638 -0.329743 -0.280000
v -4.864257 -0.346586 0.280000
v -4.864257 -0.346586 -0.280000
v -4.843537 -0.360685 0.280000
v -4.843537 -0.360685 -0.280000
v -4.821657 -0.372096 0.280000
v -4.821657 -0.372096 -0.280000
v -4.798795 -0.380874 0.280000
v -4.798795 -0.380874 -0.280000
v -4.775130 -0.387074 0.280000
v -4.775130 -0.387074 -0.280000
v -4.750841 -0.390754 0.280000
v -4.750841 -0.390754 -0.280000
v -4.726105 -0.391968 0.280000
v -4.726105 -0.391968 -0.280000
v -4.695294 -0.389871 0.280000
v -4.695294 -0.389871 -0.280000
v -4.665700 -0.383757 0.280000
v -4.665700 -0.383757 -0.280000
v -4.637600 -0.373896 0.280000
v -4.637600 -0.373896 -0.280000
v -4.611275 -0.360553 0.280000
v -4.611275 -0.360553 -0.280000
v -4.587002 -0.343998 0.280000
v -4.587002 -0.343998 -0.280000
v -4.565060 -0.324498 0.280000
v -4.565060 -0.324498 -0.280000
v -4.545729 -0.302321 0.280000
v -4.545729 -0.302321 -0.280000
v -4.529287 -0.277733 0.280000
v -4.529287 -0.277733 -0.280000
v -4.516014 -0.251004 0.280000
v -4.516014 -0.251004 -0.280000
v -4.506188 -0.222401 0.280000
v -4.506188 -0.222401 -0.280000
v -4.500088 -0.192191 0.280000
v -4.500088 -0.192191 -0.280000
v -4.497993 -0.160643 0.280000
v -4.497993 -0.160643 -0.280000
v -4.498653 -0.143113 0.280000
v -4.498653 -0.143113 -0.280000
v -4.500609 -0.125896 0.280000
v -4.500609 -0.125896 -0.280000
v -4.503815 -0.109036 0.280000
v -4.503815 -0.109036 -0.280000
v -4.508225 -0.092578 0.280000
v -4.508225 -0.092578 -0.280000
v -4.513795 -0.076566 0.280000
v -4.513795 -0.076566 -0.280000
v -4.520482 -0.061044 0.280000
v -4.520482 -0.061044 -0.280000
v -4.528239 -0.046058 0.280000
v -4.528239 -0.046058 -0.280000
v -4.537022 -0.031653 0.280000
v -4.537022 -0.031653 -0.280000
v -4.546787 -0.017872 0.280000
v -4.546787 -0.017872 -0.280000
v -4.557489 -0.004760 0.280000
v -4.557489 -0.004760 -0.280000
v -4.569084 0.007638 0.280000
v -4.569084 0.007638 -0.280000
v -4.581527 0.019277 0.280000
v -4.581527 0.019277 -0.280000
v -4.599867 0.035135 0.280000
v -4.599867 0.035135 -0.280000
v -4.616065 0.051896 0.280000
v -4.616065 0.051896 -0.280000
v -4.629720 0.069126 0.280000
v -4.629720 0.069126 -0.280000
v -4.640429 0.086390 0.280000
v -4.640429 0.086390 -0.280000
v -4.647792 0.103252 0.280000
v -4.647792 0.103252 -0.280000
v -4.651406 0.119277 0.280000
v -4.651406 0.119277 -0.280000
v -4.650871 0.134030 0.280000
v -4.650871 0.134030 -0.280000
v -4.645784 0.147077 0.280000
v -4.645784 0.147077 -0.280000
v -4.635744 0.157982 0.280000
v -4.635744 0.157982 -0.280000
v -4.620348 0.166310 0.280000
v -4.620348 0.166310 -0.280000
v -4.599197 0.171625 0.280000
v -4.599197 0.171625 -0.280000
v -4.571888 0.173494 0.280000
v -4.571888 0.173494 -0.280000
v -4.524294 0.170355 0.280000
v -4.524294 0.170355 -0.280000
v -4.472528 0.160702 0.280000
v -4.472528 0.160702 -0.280000
v -4.418173 0.144177 0.280000
v -4.418173 0.144177 -0.280000
v -4.362815 0.120422 0.280000
v -4.362815 0.120422 -0.280000
v -4.308036 0.089082 0.280000
v -4.308036 0.089082 -0.280000
v -4.255422 0.049799 0.280000
v -4.255422 0.049799 -0.280000
v -4.206556 0.002216 0.280000
v -4.206556 0.002216 -0.280000
v -4.163023 -0.054024 0.280000
v -4.163023 -0.054024 -0.280000
v -4.126406 -0.119277 0.280000
v -4.126406 -0.119277 -0.280000
v -4.098290 -0.193902 0.280000
v -4.098290 -0.193902 -0.280000
v -4.080258 -0.278254 0.280000
v -4.080258 -0.278254 -0.280000
v -4.073896 -0.372691 0.280000
v -4.073896 -0.372691 -0.280000
v -4.073896 -0.992771 0.280000
v -4.073896 -0.992771 -0.280000
v -4.075008 -1.023435 0.280000
v -4.075008 -1.023435 -0.280000
v -4.078239 -1.051198 0.280000
v -4.078239 -1.051198 -0.280000
v -4.083434 -1.076105 0.280000
v -4.083434 -1.076105 -0.280000
v -4.090436 -1.098200 0.280000
v -4.090436 -1.098200 -0.280000
v -4.099089 -1.117530 0.280000
v -4.099089 -1.117530 -0.280000
v -4.109237 -1.134137 0.280000
v -4.109237 -1.134137 -0.280000
v -4.120724 -1.148067 0.280000
v -4.120724 -1.148067 -0.280000
v -4.133393 -1.159364 0.280000
v -4.133393 -1.159364 -0.280000
v -4.147089 -1.168072 0.280000
v -4.147089 -1.168072 -0.280000
v -4.161654 -1.174238 0.280000
v -4.161654 -1.174238 -0.280000
v -4.176934 -1.177904 0.280000
v -4.176934 -1.177904 -0.280000
v -4.192771 -1.179117 0.280000
v -4.192771 -1.179117 -0.280000
v -4.203801 -1.179836 0.280000
v -4.203801 -1.179836 -0.280000
v -4.214339 -1.181928 0.280000
v -4.214339 -1.181928 -0.280000
v -4.224298 -1.185291 0.280000
v -4.224298 -1.185291 -0.280000
v -4.233586 -1.189826 0.280000
v -4.233586 -1.189826 -0.280000
v -4.242117 -1.195432 0.280000
v -4.242117 -1.195432 -0.280000
v -4.249800 -1.202008 0.280000
v -4.249800 -1.202008 -0.280000
v -4.256545 -1.209455 0.280000
v -4.256545 -1.209455 -0.280000
v -4.262264 -1.217671 0.280000
v -4.262264 -1.217671 -0.280000
v -4.266868 -1.226556 0.280000
v -4.266868 -1.226556 -0.280000
v -4.270267 -1.236011 0.280000
v -4.270267 -1.236011 -0.280000
v -4.272371 -1.245934 0.280000
v -4.272371 -1.245934 -0.280000
v -4.273093 -1.256225 0.280000
v -4.273093 -1.256225 -0.280000
v -4.272308 -1.267252 0.280000
v -4.272308 -1.267252 -0.280000
v -4.270029 -1.277778 0.280000
v -4.270029 -1.277778 -0.280000
v -4.266366 -1.287701 0.280000
v -4.266366 -1.287701 -0.280000
v -4.261432 -1.296921 0.280000
v -4.261432 -1.296921 -0.280000
v -4.255337 -1.305338 0.280000
v -4.255337 -1.305338 -0.280000
v -4.248193 -1.312852 0.280000
v -4.248193 -1.312852 -0.280000
v -4.240113 -1.319361 0.280000
v -4.240113 -1.319361 -0.280000
v -4.231207 -1.324766 0.280000
v -4.231207 -1.324766 -0.280000
v -4.221587 -1.328966 0.280000
v -4.221587 -1.328966 -0.280000
v -4.211365 -1.331861 0.280000
v -4.211365 -1.331861 -0.280000
v -4.200652 -1.333350 0.280000
v -4.200652 -1.333350 -0.280000
v -4.189559 -1.333333 0.280000
v -4.189559 -1.333333 -0.280000
v -4.169434 -1.332469 0.280000
v -4.169434 -1.332469 -0.280000
v -4.147703 -1.331504 0.280000
v -4.147703 -1.331504 -0.280000
v -4.124499 -1.330472 0.280000
v -4.124499 -1.330472 -0.280000
v -4.099956 -1.329407 0.280000
v -4.099956 -1.329407 -0.280000
v -4.074208 -1.328341 0.280000
v -4.074208 -1.328341 -0.280000
v -4.047390 -1.327309 0.280000
v -4.047390 -1.327309 -0.280000
v -4.019634 -1.326344 0.280000
v -4.019634 -1.326344 -0.280000
v -3.991076 -1.325480 0.280000
v -3.991076 -1.325480 -0.280000
v -3.961848 -1.324749 0.280000
v -3.961848 -1.324749 -0.280000
v -3.932084 -1.324186 0.280000
v -3.932084 -1.324186 -0.280000
v -3.901919 -1.323823 0.280000
v -3.901919 -1.323823 -0.280000
v -3.871486 -1.323695 0.280000
v -3.871486 -1.323695 -0.280000
v -3.841053 -1.323823 0.280000
v -3.841053 -1.323823 -0.280000
v -3.810888 -1.324186 0.280000
v -3.810888 -1.324186 -0.280000
v -3.781125 -1.324749 0.280000
v -3.781125 -1.324749 -0.280000
v -3.751897 -1.325480 0.280000
v -3.751897 -1.325480 -0.280000
v -3.723338 -1.326344 0.280000
v -3.723338 -1.326344 -0.280000
v -3.695583 -1.327309 0.280000
v -3.695583 -1.327309 -0.280000
v -3.668764 -1.328341 0.280000
v -3.668764 -1.328341 -0.280000
v -3.643017 -1.329407 0.280000
v -3.643017 -1.329407 -0.280000
v -3.618474 -1.330472 0.280000
v -3.618474 -1.330472 -0.280000
v -3.595270 -1.331504 0.280000
v -3.595270 -1.331504 -0.280000
v -3.573539 -1.332469 0.280000
v -3.573539 -1.332469 -0.280000
v -3.553414 -1.333333 0.280000
v -3.553414 -1.333333 -0.280000
vn -0.0000 -0.0000 -1.0000
vn -0.0000 -0.0000 1.0000
vn 0.9899 0.1416 -0.0000
vn 0.9574 0.2887 -0.0000
vn 0.9014 0.4330 -0.0000
vn 0.8249 0.5653 -0.0000
vn 0.7341 0.6791 -0.0000
vn 0.6360 0.7717 -0.0000
vn 0.5363 0.8440 -0.0000
vn 0.4379 0.8990 -0.0000
vn 0.3409 0.9401 -0.0000
vn 0.2420 0.9703 -0.0000
vn 0.1327 0.9911 -0.0000
vn 0.0256 0.9997 -0.0000
vn -0.0448 0.9990 -0.0000
vn -0.0879 0.9961 -0.0000
vn -0.1290 0.9916 -0.0000
vn -0.1680 0.9858 -0.0000
vn -0.2050 0.9788 -0.0000
vn -0.2400 0.9708 -0.0000
vn -0.2733 0.9619 -0.0000
vn -0.3048 0.9524 -0.0000
vn -0.3347 0.9423 -0.0000
vn -0.3633 0.9317 -0.0000
vn -0.3908 0.9205 -0.0000
vn -0.4071 0.9134 -0.0000
vn -0.3885 0.9215 -0.0000
vn -0.3387 0.9409 -0.0000
vn -0.2744 0.9616 -0.0000
vn -0.1920 0.9814 -0.0000
vn -0.0876 0.9962 -0.0000
vn 0.0410 0.9992 -0.0000
vn 0.1917 0.9815 -0.0000
vn 0.3554 0.9347 -0.0000
vn 0.5164 0.8563 -0.0000
vn 0.6579 0.7531 -0.0000
vn 0.7694 0.6387 -0.0000
vn 0.8301 0.5577 -0.0000
vn 0.8189 0.5740 -0.0000
vn 0.7625 0.6470 -0.0000
vn 0.6993 0.7148 -0.0000
vn 0.6294 0.7771 -0.0000
vn 0.5529 0.8332 -0.0000
vn 0.4703 0.8825 -0.0000
vn 0.3821 0.9241 -0.0000
vn 0.2894 0.9572 -0.0000
vn 0.1932 0.9812 -0.0000
vn 0.0952 0.9955 -0.0000
vn -0.0029 1.0000 -0.0000
vn -0.0669 0.9978 -0.0000
vn -0.1619 0.9868 -0.0000
vn -0.3143 0.9493 -0.0000
vn -0.4521 0.8920 -0.0000
vn -0.5739 0.8189 -0.0000
vn -0.6801 0.7332 -0.0000
vn -0.7713 0.6365 -0.0000
vn -0.8483 0.5296 -0.0000
vn -0.9109 0.4126 -0.0000
vn -0.9583 0.2857 -0.0000
vn -0.9888 0.1494 -0.0000
vn -1.0000 0.0056 -0.0000
vn -0.9953 -0.0971 -0.0000
vn -0.9923 -0.1237 -0.0000
vn -0.9930 -0.1182 -0.0000
vn -0.9936 -0.1127 -0.0000
vn -0.9942 -0.1072 -0.0000
vn -0.9948 -0.1016 -0.0000
vn -0.9954 -0.0958 -0.0000
vn -0.9960 -0.0897 -0.0000
vn -0.9965 -0.0832 -0.0000
vn -0.9971 -0.0763 -0.0000
vn -0.9976 -0.0690 -0.0000
vn -0.9981 -0.0610 -0.0000
vn -0.9986 -0.0527 -0.0000
vn -0.9990 -0.0446 -0.0000
vn -0.9993 -0.0373 -0.0000
vn -0.9995 -0.0307 -0.0000
vn -0.9997 -0.0248 -0.0000
vn -0.9998 -0.0195 -0.0000
vn -0.9999 -0.0148 -0.0000
vn -0.9999 -0.0107 -0.0000
vn -1.0000 -0.0072 -0.0000
vn -1.0000 -0.0043 -0.0000
vn -1.0000 -0.0021 -0.0000
vn -1.0000 -0.0007 -0.0000
vn -0.9994 -0.0356 -0.0000
vn -0.9899 -0.1417 -0.0000
vn -0.9601 -0.2797 -0.0000
vn -0.9121 -0.4100 -0.0000
vn -0.8478 -0.5304 -0.0000
vn -0.7691 -0.6392 -0.0000
vn -0.6775 -0.7355 -0.0000
vn -0.5743 -0.8186 -0.0000
vn -0.4605 -0.8877 -0.0000
vn -0.3371 -0.9415 -0.0000
vn -0.2056 -0.9786 -0.0000
vn -0.0683 -0.9977 -0.0000
vn 0.0389 -0.9992 -0.0000
vn 0.1520 -0.9884 -0.0000
vn 0.2984 -0.9544 -0.0000
vn 0.4340 -0.9009 -0.0000
vn 0.5561 -0.8311 -0.0000
vn 0.6635 -0.7482 -0.0000
vn 0.7561 -0.6544 -0.0000
vn 0.8343 -0.5514 -0.0000
vn 0.8981 -0.4398 -0.0000
vn 0.9473 -0.3203 -0.0000
vn 0.9811 -0.1934 -0.0000
vn 0.9982 -0.0601 -0.0000
vn 0.9985 -0.0547 -0.0000
vn 0.9851 -0.1721 -0.0000
vn 0.9616 -0.2744 -0.0000
vn 0.9306 -0.3660 -0.0000
vn 0.8918 -0.4525 -0.0000
vn 0.8433 -0.5374 -0.0000
vn 0.7824 -0.6228 -0.0000
vn 0.7052 -0.7090 -0.0000
vn 0.6077 -0.7942 -0.0000
vn 0.4864 -0.8737 -0.0000
vn 0.3408 -0.9401 -0.0000
vn 0.1751 -0.9846 -0.0000
vn -0.0014 -1.0000 -0.0000
vn -0.1829 -0.9831 -0.0000
vn -0.3618 -0.9322 -0.0000
vn -0.5248 -0.8512 -0.0000
vn -0.6623 -0.7493 -0.0000
vn -0.7707 -0.6372 -0.0000
vn -0.8516 -0.5241 -0.0000
vn -0.9094 -0.4160 -0.0000
vn -0.9489 -0.3157 -0.0000
vn -0.9745 -0.2244 -0.0000
vn -0.9899 -0.1419 -0.0000
vn -0.9977 -0.0676 -0.0000
vn -1.0000 0.0016 -0.0000
vn -0.9973 0.0739 -0.0000
vn -0.9880 0.1543 -0.0000
vn -0.9702 0.2423 -0.0000
vn -0.9411 0.3382 -0.0000
vn -0.8973 0.4414 -0.0000
vn -0.8350 0.5502 -0.0000
vn -0.7502 0.6613 -0.0000
vn -0.6399 0.7685 -0.0000
vn -0.5038 0.8638 -0.0000
vn -0.3458 0.9383 -0.0000
vn -0.1745 0.9847 -0.0000
vn -0.0040 1.0000 -0.0000
vn 0.1581 0.9874 -0.0000
vn 0.3130 0.9497 -0.0000
vn 0.4562 0.8899 -0.0000
vn 0.5815 0.8136 -0.0000
vn 0.6865 0.7271 -0.0000
vn 0.7717 0.6360 -0.0000
vn 0.8393 0.5436 -0.0000
vn 0.8920 0.4521 -0.0000
vn 0.9322 0.3618 -0.0000
vn 0.9621 0.2727 -0.0000
vn 0.9830 0.1838 -0.0000
vn 0.9949 0.1013 -0.0000
vn 0.9922 0.1250 -0.0000
vn 0.9695 0.2450 -0.0000
vn 0.9336 0.3583 -0.0000
vn 0.8856 0.4645 -0.0000
vn 0.8260 0.5637 -0.0000
vn 0.7548 0.6559 -0.0000
vn 0.6718 0.7407 -0.0000
vn 0.5764 0.8172 -0.0000
vn 0.4682 0.8836 -0.0000
vn 0.3475 0.9377 -0.0000
vn 0.2158 0.9764 -0.0000
vn 0.0413 0.9991 -0.0000
vn -0.1291 0.9916 -0.0000
vn -0.2547 0.9670 -0.0000
vn -0.3743 0.9273 -0.0000
vn -0.4870 0.8734 -0.0000
vn -0.5918 0.8061 -0.0000
vn -0.6880 0.7258 -0.0000
vn -0.7746 0.6324 -0.0000
vn -0.8502 0.5264 -0.0000
vn -0.9129 0.4081 -0.0000
vn -0.9603 0.2790 -0.0000
vn -0.9899 0.1415 -0.0000
vn -0.9994 0.0356 -0.0000
vn -1.0000 0.0007 -0.0000
vn -1.0000 0.0021 -0.0000
vn -1.0000 0.0043 -0.0000
vn -1.0000 0.0072 -0.0000
vn -0.9999 0.0107 -0.0000
vn -0.9999 0.0147 -0.0000
vn -0.9998 0.0193 -0.0000
vn -0.9997 0.0246 -0.0000
vn -0.9995 0.0305 -0.0000
vn -0.9993 0.0371 -0.0000
vn -0.9990 0.0445 -0.0000
vn -0.9986 0.0533 -0.0000
vn -0.9981 0.0624 -0.0000
vn -0.9975 0.0702 -0.0000
vn -0.9970 0.0774 -0.0000
vn -0.9965 0.0840 -0.0000
vn -0.9959 0.0901 -0.0000
vn -0.9954 0.0958 -0.0000
vn -0.9949 0.1011 -0.0000
vn -0.9944 0.1061 -0.0000
vn -0.9938 0.1108 -0.0000
vn -0.9933 0.1154 -0.0000
vn -0.9928 0.1197 -0.0000
vn -0.9955 0.0949 -0.0000
vn -1.0000 -0.0067 -0.0000
vn -0.9880 -0.1545 -0.0000
vn -0.9550 -0.2967 -0.0000
vn -0.9032 -0.4292 -0.0000
vn -0.8354 -0.5497 -0.0000
vn -0.7541 -0.6568 -0.0000
vn -0.6613 -0.7501 -0.0000
vn -0.5586 -0.8294 -0.0000
vn -0.4470 -0.8945 -0.0000
vn -0.3276 -0.9448 -0.0000
vn -0.2016 -0.9795 -0.0000
vn -0.1106 -0.9939 -0.0000
vn -0.0290 -0.9996 -0.0000
vn 0.0785 -0.9969 -0.0000
vn 0.1776 -0.9841 -0.0000
vn 0.2672 -0.9636 -0.0000
vn 0.3472 -0.9378 -0.0000
vn 0.4181 -0.9084 -0.0000
vn 0.4807 -0.8769 -0.0000
vn 0.5362 -0.8441 -0.0000
vn 0.5856 -0.8106 -0.0000
vn 0.6299 -0.7767 -0.0000
vn 0.6701 -0.7423 -0.0000
vn 0.7299 -0.6836 -0.0000
vn 0.7422 -0.6702 -0.0000
vn 0.6791 -0.7341 -0.0000
vn 0.5934 -0.8049 -0.0000
vn 0.4808 -0.8768 -0.0000
vn 0.3403 -0.9403 -0.0000
vn 0.1774 -0.9841 -0.0000
vn 0.0048 -1.0000 -0.0000
vn -0.1617 -0.9868 -0.0000
vn -0.3091 -0.9510 -0.0000
vn -0.4317 -0.9020 -0.0000
vn -0.5295 -0.8483 -0.0000
vn -0.5835 -0.8121 -0.0000
vn -0.5735 -0.8192 -0.0000
vn -0.5293 -0.8484 -0.0000
vn -0.4837 -0.8752 -0.0000
vn -0.4366 -0.8996 -0.0000
vn -0.3878 -0.9217 -0.0000
vn -0.3373 -0.9414 -0.0000
vn -0.2850 -0.9585 -0.0000
vn -0.2309 -0.9730 -0.0000
vn -0.1752 -0.9845 -0.0000
vn -0.1179 -0.9930 -0.0000
vn -0.0594 -0.9982 -0.0000
vn 0.0156 -0.9999 -0.0000
vn 0.1190 -0.9929 -0.0000
vn 0.2327 -0.9726 -0.0000
vn 0.3431 -0.9393 -0.0000
vn 0.4520 -0.8920 -0.0000
vn 0.5594 -0.8289 -0.0000
vn 0.6634 -0.7483 -0.0000
vn 0.7605 -0.6493 -0.0000
vn 0.8460 -0.5332 -0.0000
vn 0.9148 -0.4038 -0.0000
vn 0.9636 -0.2673 -0.0000
vn 0.9914 -0.1308 -0.0000
vn 1.0000 0.0026 -0.0000
vn 0.9997 -0.0257 -0.0000
vn 0.9939 -0.1099 -0.0000
vn 0.9719 -0.2355 -0.0000
vn 0.9270 -0.3752 -0.0000
vn 0.8539 -0.5205 -0.0000
vn 0.7524 -0.6587 -0.0000
vn 0.6298 -0.7768 -0.0000
vn 0.4982 -0.8670 -0.0000
vn 0.3703 -0.9289 -0.0000
vn 0.2544 -0.9671 -0.0000
vn 0.1545 -0.9880 -0.0000
vn 0.0708 -0.9975 -0.0000
vn 0.0484 -0.9988 -0.0000
vn 0.1276 -0.9918 -0.0000
vn 0.2533 -0.9674 -0.0000
vn 0.3748 -0.9271 -0.0000
vn 0.4903 -0.8716 -0.0000
vn 0.5982 -0.8013 -0.0000
vn 0.6970 -0.7171 -0.0000
vn 0.7849 -0.6196 -0.0000
vn 0.8601 -0.5102 -0.0000
vn 0.9206 -0.3906 -0.0000
vn 0.9647 -0.2634 -0.0000
vn 0.9913 -0.1320 -0.0000
vn 1.0000 0.0028 -0.0000
vn 0.9899 0.1417 -0.0000
vn 0.9601 0.2797 -0.0000
vn 0.9121 0.4100 -0.0000
vn 0.8478 0.5304 -0.0000
vn 0.7691 0.6392 -0.0000
vn 0.6775 0.7355 -0.0000
vn 0.5743 0.8186 -0.0000
vn 0.4605 0.8877 -0.0000
vn 0.3371 0.9415 -0.0000
vn 0.2056 0.9786 -0.0000
vn 0.0683 0.9977 -0.0000
vn -0.0464 0.9989 -0.0000
vn -0.0939 0.9956 -0.0000
vn -0.0963 0.9954 -0.0000
vn -0.0924 0.9957 -0.0000
vn -0.0820 0.9966 -0.0000
vn -0.0657 0.9978 -0.0000
vn -0.0442 0.9990 -0.0000
vn -0.0187 0.9998 -0.0000
vn 0.0095 1.0000 -0.0000
vn 0.0389 0.9992 -0.0000
vn 0.0969 0.9953 -0.0000
vn 0.1277 0.9918 -0.0000
vn 0.1587 0.9873 -0.0000
vn 0.1890 0.9820 -0.0000
vn 0.2233 0.9748 -0.0000
vn 0.2607 0.9654 -0.0000
vn 0.2997 0.9540 -0.0000
vn 0.3383 0.9410 -0.0000
vn 0.3741 0.9274 -0.0000
vn 0.4052 0.9142 -0.0000
vn 0.4299 0.9029 -0.0000
vn 0.4477 0.8942 -0.0000
vn 0.4586 0.8887 -0.0000
vn 0.4484 0.8938 -0.0000
vn 0.3631 0.9318 -0.0000
vn 0.2171 0.9762 -0.0000
vn 0.0725 0.9974 -0.0000
vn -0.0666 0.9978 -0.0000
vn -0.1981 0.9802 -0.0000
vn -0.3215 0.9469 -0.0000
vn -0.4370 0.8994 -0.0000
vn -0.5452 0.8383 -0.0000
vn -0.6462 0.7632 -0.0000
vn -0.7394 0.6732 -0.0000
vn -0.8233 0.5677 -0.0000
vn -0.9165 0.4001 -0.0000
vn -0.9679 0.2514 -0.0000
vn -0.9829 0.1840 -0.0000
vn -0.9933 0.1155 -0.0000
vn -0.9989 0.0476 -0.0000
vn -0.9998 -0.0176 -0.0000
vn -0.9969 -0.0784 -0.0000
vn -0.9912 -0.1327 -0.0000
vn -0.9839 -0.1788 -0.0000
vn -0.9767 -0.2148 -0.0000
vn -0.9711 -0.2387 -0.0000
vn -0.9688 -0.2479 -0.0000
vn -0.9595 -0.2817 -0.0000
vn -0.9509 -0.3096 -0.0000
vn -0.9556 -0.2948 -0.0000
vn -0.9626 -0.2708 -0.0000
vn -0.9709 -0.2397 -0.0000
vn -0.9789 -0.2041 -0.0000
vn -0.9859 -0.1670 -0.0000
vn -0.9914 -0.1309 -0.0000
vn -0.9952 -0.0974 -0.0000
vn -0.9977 -0.0675 -0.0000
vn -0.9991 -0.0415 -0.0000
vn -0.9998 -0.0192 -0.0000
vn -1.0000 -0.0045 -0.0000
vn -0.9998 0.0181 -0.0000
vn -0.9971 0.0760 -0.0000
vn -0.9871 0.1601 -0.0000
vn -0.9673 0.2535 -0.0000
vn -0.9345 0.3559 -0.0000
vn -0.8848 0.4660 -0.0000
vn -0.8144 0.5803 -0.0000
vn -0.7206 0.6933 -0.0000
vn -0.6030 0.7977 -0.0000
vn -0.4648 0.8854 -0.0000
vn -0.3126 0.9499 -0.0000
vn -0.1553 0.9879 -0.0000
vn -0.0730 0.9973 -0.0000
vn -0.1383 0.9904 -0.0000
vn -0.2713 0.9625 -0.0000
vn -0.3957 0.9184 -0.0000
vn -0.5101 0.8601 -0.0000
vn -0.6140 0.7893 -0.0000
vn -0.7071 0.7071 -0.0000
vn -0.7893 0.6140 -0.0000
vn -0.8601 0.5101 -0.0000
vn -0.9184 0.3957 -0.0000
vn -0.9625 0.2713 -0.0000
vn -0.9904 0.1383 -0.0000
vn -1.0000 -0.0005 -0.0000
vn -0.9900 -0.1410 -0.0000
vn -0.9607 -0.2776 -0.0000
vn -0.9139 -0.4060 -0.0000
vn -0.7757 -0.6311 -0.0000
vn -0.6872 -0.7265 -0.0000
vn -0.5868 -0.8097 -0.0000
vn -0.4746 -0.8802 -0.0000
vn -0.3509 -0.9364 -0.0000
vn -0.2162 -0.9763 -0.0000
vn -0.0723 -0.9974 -0.0000
vn 0.0223 -0.9998 -0.0000
vn 0.0436 -0.9990 -0.0000
vn 0.0444 -0.9990 -0.0000
vn 0.0439 -0.9990 -0.0000
vn 0.0424 -0.9991 -0.0000
vn 0.0399 -0.9992 -0.0000
vn 0.0366 -0.9993 -0.0000
vn 0.0325 -0.9995 -0.0000
vn 0.0276 -0.9996 -0.0000
vn 0.0220 -0.9998 -0.0000
vn 0.0155 -0.9999 -0.0000
vn 0.0081 -1.0000 -0.0000
vn -0.0000 -1.0000 -0.0000
vn -0.0081 -1.0000 -0.0000
vn -0.0154 -0.9999 -0.0000
vn -0.0218 -0.9998 -0.0000
vn -0.0274 -0.9996 -0.0000
vn -0.0322 -0.9995 -0.0000
vn -0.0363 -0.9993 -0.0000
vn -0.0397 -0.9992 -0.0000
vn -0.0424 -0.9991 -0.0000
vn -0.0442 -0.9990 -0.0000
vn -0.0451 -0.9990 -0.0000
vn -0.0448 -0.9990 -0.0000
vn -0.0230 -0.9997 -0.0000
vn 0.0683 -0.9977 -0.0000
vn 0.2056 -0.9786 -0.0000
vn 0.3371 -0.9415 -0.0000
vn 0.4605 -0.8877 -0.0000
vn 0.5743 -0.8186 -0.0000
vn 0.6775 -0.7355 -0.0000
vn 0.7691 -0.6392 -0.0000
vn 0.8478 -0.5304 -0.0000
vn 0.9121 -0.4100 -0.0000
vn 0.9601 -0.2797 -0.0000
vn 0.9899 -0.1417 -0.0000
vn 1.0000 -0.0006 -0.0000
vn 0.9904 0.1384 -0.0000
vn 0.9625 0.2713 -0.0000
vn 0.9184 0.3957 -0.0000
vn 0.8601 0.5101 -0.0000
vn 0.7893 0.6140 -0.0000
vn 0.7071 0.7071 -0.0000
vn 0.6140 0.7893 -0.0000
vn 0.5101 0.8601 -0.0000
vn 0.3957 0.9184 -0.0000
vn 0.2713 0.9625 -0.0000
vn 0.1383 0.9904 -0.0000
vn 0.0729 0.9973 -0.0000
vn 0.1539 0.9881 -0.0000
vn 0.3084 0.9513 -0.0000
vn 0.4572 0.8894 -0.0000
vn 0.5929 0.8053 -0.0000
vn 0.7097 0.7045 -0.0000
vn 0.8044 0.5940 -0.0000
vn 0.8769 0.4806 -0.0000
vn 0.9291 0.3697 -0.0000
vn 0.9643 0.2649 -0.0000
vn 0.9858 0.1681 -0.0000
vn 0.9968 0.0801 -0.0000
vn 0.9998 0.0192 -0.0000
vn -0.9995 0.0314 -0.0000
vn -0.9939 0.1100 -0.0000
vn -0.9802 0.1978 -0.0000
vn -0.9554 0.2953 -0.0000
vn -0.9154 0.4024 -0.0000
vn -0.8555 0.5178 -0.0000
vn -0.7706 0.6373 -0.0000
vn -0.6571 0.7538 -0.0000
vn -0.5152 0.8571 -0.0000
vn -0.3507 0.9365 -0.0000
vn -0.1751 0.9846 -0.0000
vn -0.0234 0.9997 -0.0000
vn 0.0814 0.9967 -0.0000
vn 0.1697 0.9855 -0.0000
vn 0.2650 0.9643 -0.0000
vn 0.3652 0.9309 -0.0000
vn 0.4673 0.8841 -0.0000
vn 0.5670 0.8237 -0.0000
vn 0.6602 0.7511 -0.0000
vn 0.7430 0.6692 -0.0000
vn 0.8132 0.5820 -0.0000
vn 0.8699 0.4932 -0.0000
vn 0.9136 0.4065 -0.0000
vn 0.9314 0.3641 -0.0000
vn 0.9017 0.4324 -0.0000
vn 0.8289 0.5595 -0.0000
vn 0.7406 0.6720 -0.0000
vn 0.6397 0.7686 -0.0000
vn 0.5283 0.8491 -0.0000
vn 0.4079 0.9130 -0.0000
vn 0.2796 0.9601 -0.0000
vn 0.1445 0.9895 -0.0000
vn 0.0041 1.0000 -0.0000
vn -0.1392 0.9903 -0.0000
vn -0.2818 0.9595 -0.0000
vn -0.3955 0.9185 -0.0000
vn -0.4910 0.8712 -0.0000
vn -0.5903 0.8072 -0.0000
vn -0.6815 0.7318 -0.0000
vn -0.7639 0.6453 -0.0000
vn -0.8368 0.5475 -0.0000
vn -0.8989 0.4382 -0.0000
vn -0.9483 0.3175 -0.0000
vn -0.9825 0.1862 -0.0000
vn -0.9989 0.0462 -0.0000
vn -0.9951 -0.0991 -0.0000
vn -0.9696 -0.2446 -0.0000
vn -0.9402 -0.3406 -0.0000
vn -0.9097 -0.4153 -0.0000
vn -0.8577 -0.5141 -0.0000
vn -0.7927 -0.6096 -0.0000
vn -0.7161 -0.6979 -0.0000
vn -0.6305 -0.7762 -0.0000
vn -0.5389 -0.8424 -0.0000
vn -0.4446 -0.8957 -0.0000
vn -0.3504 -0.9366 -0.0000
vn -0.2581 -0.9661 -0.0000
vn -0.1690 -0.9856 -0.0000
vn -0.0832 -0.9965 -0.0000
vn 0.0058 -1.0000 -0.0000
vn 0.1104 -0.9939 -0.0000
vn 0.2311 -0.9729 -0.0000
vn 0.3599 -0.9330 -0.0000
vn 0.4913 -0.8710 -0.0000
vn 0.6175 -0.7866 -0.0000
vn 0.7305 -0.6830 -0.0000
vn 0.8242 -0.5662 -0.0000
vn 0.8961 -0.4438 -0.0000
vn 0.9466 -0.3224 -0.0000
vn 0.9784 -0.2068 -0.0000
vn 0.9950 -0.0994 -0.0000
vn 1.0000 0.0059 -0.0000
vn 0.9924 0.1230 -0.0000
vn 0.9680 0.2511 -0.0000
vn 0.9246 0.3810 -0.0000
vn 0.8618 0.5072 -0.0000
vn 0.7810 0.6245 -0.0000
vn 0.6851 0.7284 -0.0000
vn 0.5781 0.8159 -0.0000
vn 0.4642 0.8857 -0.0000
vn 0.3470 0.9379 -0.0000
vn 0.2294 0.9733 -0.0000
vn 0.1134 0.9935 -0.0000
vn 0.0023 1.0000 -0.0000
vn -0.1080 0.9941 -0.0000
vn -0.2278 0.9737 -0.0000
vn -0.3584 0.9336 -0.0000
vn -0.4938 0.8696 -0.0000
vn -0.6250 0.7807 -0.0000
vn -0.7419 0.6705 -0.0000
vn -0.8371 0.5470 -0.0000
vn -0.9075 0.4201 -0.0000
vn -0.9545 0.2982 -0.0000
vn -0.9824 0.1865 -0.0000
vn -0.9962 0.0876 -0.0000
vn -0.7216 -0.6923 -0.0000
vn -0.7050 -0.7092 -0.0000
vn 0.0251 0.9997 -0.0000
vn 0.1063 0.9943 -0.0000
vn 0.2252 0.9743 -0.0000
vn 0.3560 0.9345 -0.0000
vn 0.4927 0.8702 -0.0000
vn 0.6262 0.7797 -0.0000
vn 0.7460 0.6660 -0.0000
vn 0.8436 0.5370 -0.0000
vn 0.9153 0.4027 -0.0000
vn 0.9622 0.2722 -0.0000
vn 0.9885 0.1512 -0.0000
vn 0.9991 0.0424 -0.0000
vn 0.9981 -0.0622 -0.0000
vn 0.9898 -0.1422 -0.0000
vn 0.9797 -0.2005 -0.0000
vn 0.9630 -0.2694 -0.0000
vn 0.9365 -0.3506 -0.0000
vn 0.8956 -0.4449 -0.0000
vn 0.8345 -0.5511 -0.0000
vn 0.7470 -0.6648 -0.0000
vn 0.6295 -0.7770 -0.0000
vn 0.4842 -0.8749 -0.0000
vn 0.3213 -0.9470 -0.0000
vn 0.1559 -0.9878 -0.0000
vn -0.0011 -1.0000 -0.0000
vn -0.1564 -0.9877 -0.0000
vn -0.3136 -0.9495 -0.0000
vn -0.4621 -0.8868 -0.0000
vn -0.5929 -0.8053 -0.0000
vn -0.7011 -0.7130 -0.0000
vn -0.7864 -0.6177 -0.0000
vn -0.8513 -0.5247 -0.0000
vn -0.8993 -0.4373 -0.0000
vn -0.9343 -0.3566 -0.0000
vn -0.9592 -0.2828 -0.0000
vn -0.9765 -0.2154 -0.0000
vn -0.7691 0.6391 -0.0000
vn 0.9999 -0.0108 -0.0000
vn 0.9988 -0.0486 -0.0000
vn 0.9938 -0.1112 -0.0000
vn 0.9809 -0.1943 -0.0000
vn 0.9531 -0.3026 -0.0000
vn 0.8991 -0.4377 -0.0000
vn 0.8060 -0.5919 -0.0000
vn 0.6684 -0.7438 -0.0000
vn 0.5005 -0.8658 -0.0000
vn 0.3316 -0.9434 -0.0000
vn 0.1878 -0.9822 -0.0000
vn 0.0791 -0.9969 -0.0000
vn -0.0028 -1.0000 -0.0000
vn -0.0790 -0.9969 -0.0000
vn -0.1585 -0.9874 -0.0000
vn -0.2412 -0.9705 -0.0000
vn -0.3312 -0.9436 -0.0000
vn -0.4343 -0.9007 -0.0000
vn -0.5584 -0.8296 -0.0000
vn -0.7100 -0.7042 -0.0000
vn -0.8781 -0.4786 -0.0000
vn -0.9931 -0.1169 -0.0000
vn -0.9531 0.3025 -0.0000
vn -0.7819 0.6234 -0.0000
vn -0.6469 0.7626 -0.0000
vn -0.6482 0.7615 -0.0000
vn -0.7057 0.7085 -0.0000
vn -0.7580 0.6523 -0.0000
vn -0.8053 0.5929 -0.0000
vn -0.8477 0.5304 -0.0000
vn -0.8855 0.4647 -0.0000
vn -0.9463 0.3233 -0.0000
vn -0.9689 0.2474 -0.0000
vn -0.9858 0.1680 -0.0000
vn -0.9964 0.0852 -0.0000
vn -0.9999 -0.0117 -0.0000
vn -0.9912 -0.1326 -0.0000
vn -0.9649 -0.2627 -0.0000
vn -0.9220 -0.3871 -0.0000
vn -0.8639 -0.5036 -0.0000
vn -0.7919 -0.6107 -0.0000
vn -0.7071 -0.7071 -0.0000
vn -0.6107 -0.7919 -0.0000
vn -0.5036 -0.8639 -0.0000
vn -0.3871 -0.9220 -0.0000
vn -0.2627 -0.9649 -0.0000
vn -0.1326 -0.9912 -0.0000
vn -0.0095 -1.0000 -0.0000
vn 0.0948 -0.9955 -0.0000
vn 0.1885 -0.9821 -0.0000
vn 0.2797 -0.9601 -0.0000
vn 0.3675 -0.9300 -0.0000
vn 0.4510 -0.8925 -0.0000
vn 0.5298 -0.8481 -0.0000
vn 0.6035 -0.7974 -0.0000
vn 0.6718 -0.7408 -0.0000
vn 0.7344 -0.6787 -0.0000
vn 0.7913 -0.6114 -0.0000
vn 0.8421 -0.5393 -0.0000
vn 0.8970 -0.4420 -0.0000
vn 0.9634 -0.2681 -0.0000
vn 0.9992 -0.0390 -0.0000
vn 0.9842 0.1772 -0.0000
vn 0.9304 0.3665 -0.0000
vn 0.8509 0.5254 -0.0000
vn 0.7548 0.6560 -0.0000
vn 0.6473 0.7622 -0.0000
vn 0.5308 0.8475 -0.0000
vn 0.4064 0.9137 -0.0000
vn 0.2752 0.9614 -0.0000
vn 0.1387 0.9903 -0.0000
vn 0.0082 1.0000 -0.0000
vn -0.1129 0.9936 -0.0000
vn -0.2404 0.9707 -0.0000
vn -0.3802 0.9249 -0.0000
vn -0.5238 0.8519 -0.0000
vn -0.6590 0.7522 -0.0000
vn -0.7743 0.6328 -0.0000
vn -0.8631 0.5050 -0.0000
vn -0.9251 0.3798 -0.0000
vn -0.9643 0.2648 -0.0000
vn -0.9866 0.1634 -0.0000
vn -0.9971 0.0763 -0.0000
vn -1.0000 0.0099 -0.0000
vn -0.9991 0.0426 -0.0000
vn -0.9957 0.0930 -0.0000
vn -0.9880 0.1548 -0.0000
vn -0.9727 0.2321 -0.0000
vn -0.9439 0.3303 -0.0000
vn -0.8903 0.4553 -0.0000
vn -0.7929 0.6093 -0.0000
vn -0.6263 0.7796 -0.0000
vn -0.3792 0.9253 -0.0000
vn -0.0865 0.9963 -0.0000
vn 0.1842 0.9829 -0.0000
vn 0.3199 0.9474 -0.0000
vn 0.2869 0.9580 -0.0000
vn 0.1866 0.9824 -0.0000
vn 0.0848 0.9964 -0.0000
vn -0.0179 0.9998 -0.0000
vn -0.1208 0.9927 -0.0000
vn -0.2236 0.9747 -0.0000
vn -0.3255 0.9455 -0.0000
vn -0.4258 0.9048 -0.0000
vn -0.5231 0.8523 -0.0000
vn -0.6160 0.7877 -0.0000
vn -0.7027 0.7115 -0.0000
vn -0.7903 0.6127 -0.0000
vn -0.8642 0.5031 -0.0000
vn -0.9173 0.3982 -0.0000
vn -0.9581 0.2865 -0.0000
vn -0.9855 0.1695 -0.0000
vn -0.9988 0.0488 -0.0000
vn -0.9973 -0.0741 -0.0000
vn -0.9803 -0.1974 -0.0000
vn -0.9478 -0.3189 -0.0000
vn -0.8997 -0.4365 -0.0000
vn -0.8368 -0.5475 -0.0000
vn -0.7604 -0.6494 -0.0000
vn -0.6680 -0.7442 -0.0000
vn -0.5779 -0.8161 -0.0000
vn -0.5003 -0.8659 -0.0000
vn -0.4191 -0.9079 -0.0000
vn -0.3352 -0.9422 -0.0000
vn -0.2489 -0.9685 -0.0000
vn -0.1606 -0.9870 -0.0000
vn -0.0699 -0.9976 -0.0000
vn 0.0238 -0.9997 -0.0000
vn 0.1214 -0.9926 -0.0000
vn 0.2241 -0.9746 -0.0000
vn 0.3330 -0.9429 -0.0000
vn 0.4509 -0.8926 -0.0000
vn 0.5347 -0.8451 -0.0000
vn 0.5821 -0.8132 -0.0000
vn 0.6305 -0.7762 -0.0000
vn 0.7267 -0.6869 -0.0000
vn 0.7723 -0.6352 -0.0000
vn 0.8148 -0.5798 -0.0000
vn 0.8532 -0.5216 -0.0000
vn 0.8870 -0.4617 -0.0000
vn 0.9159 -0.4015 -0.0000
vn 0.9397 -0.3421 -0.0000
vn 0.1398 -0.9902 -0.0000
vn -0.8044 -0.5941 -0.0000
vn -0.7562 -0.6544 -0.0000
vn -0.7007 -0.7135 -0.0000
vn -0.6379 -0.7701 -0.0000
vn -0.5684 -0.8228 -0.0000
vn -0.4928 -0.8701 -0.0000
vn -0.4126 -0.9109 -0.0000
vn -0.3294 -0.9442 -0.0000
vn -0.2449 -0.9696 -0.0000
vn -0.1609 -0.9870 -0.0000
vn -0.0024 -1.0000 -0.0000
vn 0.0718 -0.9974 -0.0000
vn 0.1537 -0.9881 -0.0000
vn 0.2482 -0.9687 -0.0000
vn 0.3556 -0.9346 -0.0000
vn 0.4740 -0.8805 -0.0000
vn 0.5981 -0.8014 -0.0000
vn 0.7190 -0.6950 -0.0000
vn 0.8255 -0.5644 -0.0000
vn 0.9082 -0.4185 -0.0000
vn 0.9630 -0.2695 -0.0000
vn 0.9917 -0.1285 -0.0000
vn 0.9998 0.0223 -0.0000
vn 0.9776 0.2102 -0.0000
vn 0.9136 0.4066 -0.0000
vn 0.8191 0.5737 -0.0000
vn 0.7086 0.7056 -0.0000
vn 0.5938 0.8046 -0.0000
vn 0.4810 0.8767 -0.0000
vn 0.3731 0.9278 -0.0000
vn 0.2703 0.9628 -0.0000
vn 0.1717 0.9851 -0.0000
vn 0.0765 0.9971 -0.0000
vn -0.0167 0.9999 -0.0000
vn 0.6845 0.7290 -0.0000
vn 0.7282 -0.6854 -0.0000
vn 0.0089 -1.0000 -0.0000
vn -0.0987 -0.9951 -0.0000
vn -0.2139 -0.9769 -0.0000
vn -0.3344 -0.9424 -0.0000
vn -0.4572 -0.8894 -0.0000
vn -0.5782 -0.8159 -0.0000
vn -0.6925 -0.7215 -0.0000
vn -0.7950 -0.6066 -0.0000
vn -0.8809 -0.4733 -0.0000
vn -0.9458 -0.3248 -0.0000
vn -0.9862 -0.1653 -0.0000
vn -1.0000 -0.0080 -0.0000
vn -0.9907 0.1364 -0.0000
vn -0.9618 0.2736 -0.0000
vn -0.9136 0.4065 -0.0000
vn -0.7670 0.6417 -0.0000
vn -0.6745 0.7383 -0.0000
vn -0.5734 0.8193 -0.0000
vn -0.4659 0.8848 -0.0000
vn -0.3538 0.9353 -0.0000
vn -0.2382 0.9712 -0.0000
vn -0.1200 0.9928 -0.0000
vn -0.0032 1.0000 -0.0000
vn 0.1110 0.9938 -0.0000
vn 0.2286 0.9735 -0.0000
vn 0.3505 0.9366 -0.0000
vn 0.4712 0.8820 -0.0000
vn 0.5850 0.8110 -0.0000
vn 0.6864 0.7272 -0.0000
vn 0.7720 0.6356 -0.0000
vn 0.8407 0.5415 -0.0000
vn 0.8934 0.4492 -0.0000
vn 0.9322 0.3620 -0.0000
vn 0.9596 0.2815 -0.0000
vn 0.9984 0.0574 -0.0000
vn 0.9929 -0.1193 -0.0000
vn 0.9951 -0.0986 -0.0000
vn 0.9968 -0.0797 -0.0000
vn 0.9980 -0.0627 -0.0000
vn 0.9989 -0.0477 -0.0000
vn 0.9994 -0.0348 -0.0000
vn 0.9997 -0.0240 -0.0000
vn 0.9999 -0.0153 -0.0000
vn 1.0000 -0.0086 -0.0000
vn 1.0000 -0.0039 -0.0000
vn 1.0000 -0.0012 -0.0000
vn 1.0000 -0.0002 -0.0000
vn 0.0694 -0.9976 -0.0000
vn 0.2101 -0.9777 -0.0000
vn 0.3464 -0.9381 -0.0000
vn 0.4748 -0.8801 -0.0000
vn 0.5922 -0.8058 -0.0000
vn 0.6969 -0.7172 -0.0000
vn 0.7874 -0.6164 -0.0000
vn 0.8628 -0.5055 -0.0000
vn 0.9224 -0.3862 -0.0000
vn 0.9654 -0.2606 -0.0000
vn 0.9914 -0.1310 -0.0000
vn 1.0000 -0.0007 -0.0000
vn 0.9918 0.1276 -0.0000
vn 0.9674 0.2533 -0.0000
vn 0.9271 0.3748 -0.0000
vn 0.8716 0.4903 -0.0000
vn 0.8013 0.5982 -0.0000
vn 0.7171 0.6970 -0.0000
vn 0.6196 0.7849 -0.0000
vn 0.5102 0.8601 -0.0000
vn 0.3906 0.9206 -0.0000
vn 0.2634 0.9647 -0.0000
vn 0.1320 0.9913 -0.0000
vn 0.0709 0.9975 -0.0000
vn 0.1553 0.9879 -0.0000
vn 0.3126 0.9499 -0.0000
vn 0.4648 0.8854 -0.0000
vn 0.6030 0.7977 -0.0000
vn 0.7206 0.6933 -0.0000
vn 0.8144 0.5803 -0.0000
vn 0.8848 0.4660 -0.0000
vn 0.9345 0.3559 -0.0000
vn 0.9673 0.2535 -0.0000
vn 0.9871 0.1601 -0.0000
vn 0.9971 0.0760 -0.0000
vn 0.9998 0.0181 -0.0000
vn 0.9939 -0.1103 -0.0000
vn 0.9715 -0.2371 -0.0000
vn 0.9255 -0.3787 -0.0000
vn 0.8503 -0.5263 -0.0000
vn 0.7457 -0.6662 -0.0000
vn 0.6198 -0.7848 -0.0000
vn 0.4859 -0.8740 -0.0000
vn 0.3573 -0.9340 -0.0000
vn 0.2426 -0.9701 -0.0000
vn 0.1454 -0.9894 -0.0000
vn 0.0658 -0.9978 -0.0000
vn 0.0480 -0.9988 -0.0000
vn 0.1326 -0.9912 -0.0000
vn 0.2656 -0.9641 -0.0000
vn 0.3949 -0.9187 -0.0000
vn 0.5168 -0.8561 -0.0000
vn 0.6282 -0.7780 -0.0000
vn 0.7268 -0.6869 -0.0000
vn 0.8109 -0.5852 -0.0000
vn 0.8798 -0.4754 -0.0000
vn 0.9330 -0.3598 -0.0000
vn 0.9706 -0.2407 -0.0000
vn 0.9928 -0.1201 -0.0000
vn 1.0000 0.0029 -0.0000
vn 0.9914 0.1310 -0.0000
vn 0.9654 0.2606 -0.0000
vn 0.9224 0.3862 -0.0000
vn 0.8628 0.5055 -0.0000
vn 0.7874 0.6164 -0.0000
vn 0.6969 0.7172 -0.0000
vn 0.5922 0.8058 -0.0000
vn 0.4748 0.8801 -0.0000
vn 0.3464 0.9381 -0.0000
vn 0.2101 0.9777 -0.0000
vn 0.0694 0.9976 -0.0000
vn -0.0971 0.9953 -0.0000
vn -0.1052 0.9945 -0.0000
vn -0.0965 0.9953 -0.0000
vn -0.0795 0.9968 -0.0000
vn -0.0550 0.9985 -0.0000
vn -0.0247 0.9997 -0.0000
vn 0.0096 1.0000 -0.0000
vn 0.0457 0.9990 -0.0000
vn 0.0820 0.9966 -0.0000
vn 0.1169 0.9931 -0.0000
vn 0.1266 0.9919 -0.0000
vn 0.1375 0.9905 -0.0000
vn 0.1757 0.9844 -0.0000
vn 0.2171 0.9761 -0.0000
vn 0.2604 0.9655 -0.0000
vn 0.3038 0.9527 -0.0000
vn 0.3450 0.9386 -0.0000
vn 0.3819 0.9242 -0.0000
vn 0.4127 0.9109 -0.0000
vn 0.4363 0.8998 -0.0000
vn 0.4523 0.8919 -0.0000
vn 0.4610 0.8874 -0.0000
vn 0.4245 0.9054 -0.0000
vn 0.3207 0.9472 -0.0000
vn 0.1902 0.9818 -0.0000
vn 0.0593 0.9982 -0.0000
vn -0.0696 0.9976 -0.0000
vn -0.1950 0.9808 -0.0000
vn -0.3162 0.9487 -0.0000
vn -0.4324 0.9017 -0.0000
vn -0.5429 0.8398 -0.0000
vn -0.6464 0.7630 -0.0000
vn -0.7412 0.6713 -0.0000
vn -0.8249 0.5653 -0.0000
vn -0.9032 0.4293 -0.0000
vn -0.9462 0.3237 -0.0000
vn -0.9612 0.2759 -0.0000
vn -0.9737 0.2277 -0.0000
vn -0.9839 0.1787 -0.0000
vn -0.9917 0.1283 -0.0000
vn -0.9997 0.0225 -0.0000
vn -0.9994 -0.0333 -0.0000
vn -0.9958 -0.0910 -0.0000
vn -0.9886 -0.1507 -0.0000
vn -0.9772 -0.2123 -0.0000
vn -0.9562 -0.2927 -0.0000
vn -0.9412 -0.3380 -0.0000
vn -0.9448 -0.3277 -0.0000
vn -0.9507 -0.3100 -0.0000
vn -0.9584 -0.2855 -0.0000
vn -0.9667 -0.2559 -0.0000
vn -0.9748 -0.2231 -0.0000
vn -0.9820 -0.1891 -0.0000
vn -0.9878 -0.1557 -0.0000
vn -0.9922 -0.1243 -0.0000
vn -0.9954 -0.0957 -0.0000
vn -0.9975 -0.0702 -0.0000
vn -0.3963 0.9181 -0.0000
vn 0.6986 0.7155 -0.0000
vn 0.6398 0.7685 -0.0000
vn 0.5805 0.8143 -0.0000
vn 0.5212 0.8535 -0.0000
vn 0.4623 0.8867 -0.0000
vn 0.4038 0.9148 -0.0000
vn 0.3453 0.9385 -0.0000
vn 0.2859 0.9582 -0.0000
vn 0.2244 0.9745 -0.0000
vn 0.1584 0.9874 -0.0000
vn 0.0847 0.9964 -0.0000
vn -0.0141 0.9999 -0.0000
vn -0.1501 0.9887 -0.0000
vn -0.3029 0.9530 -0.0000
vn -0.4519 0.8921 -0.0000
vn -0.5897 0.8076 -0.0000
vn -0.7106 0.7036 -0.0000
vn -0.8111 0.5850 -0.0000
vn -0.8897 0.4565 -0.0000
vn -0.9467 0.3222 -0.0000
vn -0.9827 0.1853 -0.0000
vn -0.9989 0.0478 -0.0000
vn -0.9961 -0.0881 -0.0000
vn -0.9732 -0.2301 -0.0000
vn -0.9366 -0.3503 -0.0000
vn -0.8961 -0.4438 -0.0000
vn -0.8431 -0.5377 -0.0000
vn -0.7772 -0.6292 -0.0000
vn -0.6991 -0.7150 -0.0000
vn -0.6103 -0.7922 -0.0000
vn -0.5134 -0.8582 -0.0000
vn -0.4111 -0.9116 -0.0000
vn -0.3064 -0.9519 -0.0000
vn -0.2019 -0.9794 -0.0000
vn -0.0995 -0.9950 -0.0000
vn 0.0095 -1.0000 -0.0000
vn 0.1354 -0.9908 -0.0000
vn 0.2673 -0.9636 -0.0000
vn 0.3925 -0.9198 -0.0000
vn 0.5088 -0.8609 -0.0000
vn 0.6151 -0.7884 -0.0000
vn 0.7105 -0.7037 -0.0000
vn 0.7942 -0.6077 -0.0000
vn 0.8652 -0.5014 -0.0000
vn 0.9226 -0.3856 -0.0000
vn 0.9651 -0.2620 -0.0000
vn 0.9912 -0.1324 -0.0000
vn 0.9999 -0.0143 -0.0000
vn 0.9972 0.0753 -0.0000
vn 0.9887 0.1499 -0.0000
vn 0.9748 0.2230 -0.0000
vn 0.9558 0.2939 -0.0000
vn 0.9321 0.3623 -0.0000
vn 0.9038 0.4279 -0.0000
vn 0.8715 0.4904 -0.0000
vn 0.8354 0.5497 -0.0000
vn 0.7958 0.6056 -0.0000
vn 0.7530 0.6581 -0.0000
vn 0.6687 0.7435 -0.0000
vn 0.6873 0.7264 -0.0000
vn 0.7523 0.6588 -0.0000
vn 0.8181 0.5751 -0.0000
vn 0.8854 0.4649 -0.0000
vn 0.9502 0.3115 -0.0000
vn 0.9957 0.0926 -0.0000
vn 0.9793 -0.2026 -0.0000
vn 0.8483 -0.5295 -0.0000
vn 0.6141 -0.7892 -0.0000
vn 0.3626 -0.9320 -0.0000
vn 0.1566 -0.9877 -0.0000
vn 0.0012 -1.0000 -0.0000
vn -0.1248 -0.9922 -0.0000
vn -0.2375 -0.9714 -0.0000
vn -0.3431 -0.9393 -0.0000
vn -0.4462 -0.8949 -0.0000
vn -0.5484 -0.8362 -0.0000
vn -0.6493 -0.7605 -0.0000
vn -0.7460 -0.6659 -0.0000
vn -0.8337 -0.5522 -0.0000
vn -0.9065 -0.4222 -0.0000
vn -0.9595 -0.2816 -0.0000
vn -0.9904 -0.1385 -0.0000
vn -0.9994 -0.0336 -0.0000
vn -0.9673 0.2534 -0.0000
vn -0.8144 0.5802 -0.0000
vn -0.0707 0.9975 -0.0000
vn -0.1302 0.9915 -0.0000
vn -0.2579 0.9662 -0.0000
vn -0.3801 0.9249 -0.0000
vn -0.4949 0.8689 -0.0000
vn -0.6009 0.7993 -0.0000
vn -0.6971 0.7170 -0.0000
vn -0.7825 0.6226 -0.0000
vn -0.8561 0.5167 -0.0000
vn -0.9165 0.4000 -0.0000
vn -0.9619 0.2735 -0.0000
vn -0.9903 0.1390 -0.0000
vn 0.0222 -0.9998 -0.0000
vn -0.0155 -0.9999 -0.0000
vn -0.0220 -0.9998 -0.0000
vn -0.0276 -0.9996 -0.0000
vn -0.0325 -0.9995 -0.0000
vn -0.0366 -0.9993 -0.0000
vn -0.0399 -0.9992 -0.0000
vn -0.0439 -0.9990 -0.0000
vn -0.0444 -0.9990 -0.0000
vn -0.0436 -0.9990 -0.0000
vn -0.0222 -0.9998 -0.0000
vt 0.516245 0.000000
vt 0.523466 0.000000
vt 0.519856 0.000000
vt 0.512635 0.000000
vt 0.353791 0.000000
vt 0.361011 0.000000
vt 0.357401 0.000000
vt 0.364621 0.000000
vt 0.350181 0.000000
vt 0.368231 0.000000
vt 0.527076 0.000000
vt 0.346570 0.000000
vt 0.509025 0.000000
vt 0.371841 0.000000
vt 0.375451 0.000000
vt 0.342960 0.000000
vt 0.505415 0.000000
vt 0.379061 0.000000
vt 0.339350 0.000000
vt 0.382671 0.000000
vt 0.530686 0.000000
vt 0.501805 0.000000
vt 0.335740 0.000000
vt 0.386282 0.000000
vt 0.332130 0.000000
vt 0.389892 0.000000
vt 0.498195 0.000000
vt 0.328520 0.000000
vt 0.393502 0.000000
vt 0.534296 0.000000
vt 0.324910 0.000000
vt 0.397112 0.000000
vt 0.321300 0.000000
vt 0.494585 0.000000
vt 0.400722 0.000000
vt 0.404332 0.000000
vt 0.317690 0.000000
vt 0.407942 0.000000
vt 0.314079 0.000000
vt 0.310469 0.000000
vt 0.411552 0.000000
vt 0.306859 0.000000
vt 0.415162 0.000000
vt 0.252708 0.000000
vt 0.259928 0.000000
vt 0.256318 0.000000
vt 0.490975 0.000000
vt 0.263538 0.000000
vt 0.303249 0.000000
vt 0.249097 0.000000
vt 0.267148 0.000000
vt 0.299639 0.000000
vt 0.270758 0.000000
vt 0.245487 0.000000
vt 0.418773 0.000000
vt 0.537906 0.000000
vt 0.274368 0.000000
vt 0.296029 0.000000
vt 0.277978 0.000000
vt 0.241877 0.000000
vt 0.281588 0.000000
vt 0.292419 0.000000
vt 0.422383 0.000000
vt 0.285199 0.000000
vt 0.288809 0.000000
vt 0.238267 0.000000
vt 0.425993 0.000000
vt 0.234657 0.000000
vt 0.429603 0.000000
vt 0.487365 0.000000
vt 0.433213 0.000000
vt 0.231047 0.000000
vt 0.436823 0.000000
vt 0.227437 0.000000
vt 0.440433 0.000000
vt 0.223827 0.000000
vt 0.541516 0.000000
vt 0.444043 0.000000
vt 0.483755 0.000000
vt 0.736462 0.000000
vt 0.220217 0.000000
vt 0.447653 0.000000
vt 0.216606 0.000000
vt 0.451264 0.000000
vt 0.454874 0.000000
vt 0.212996 0.000000
vt 0.480144 0.000000
vt 0.740072 0.000000
vt 0.458484 0.000000
vt 0.732852 0.000000
vt 0.209386 0.000000
vt 0.729242 0.000000
vt 0.743682 0.000000
vt 0.545126 0.000000
vt 0.725632 0.000000
vt 0.462094 0.000000
vt 0.205776 0.000000
vt 0.747292 0.000000
vt 0.722022 0.000000
vt 0.465704 0.000000
vt 0.202166 0.000000
vt 0.718412 0.000000
vt 0.750903 0.000000
vt 0.469314 0.000000
vt 0.198556 0.000000
vt 0.476534 0.000000
vt 0.714801 0.000000
vt 0.194946 0.000000
vt 0.472924 0.000000
vt 0.191336 0.000000
vt 0.754513 0.000000
vt 0.187726 0.000000
vt 0.711191 0.000000
vt 0.548736 0.000000
vt 0.184116 0.000000
vt 0.180505 0.000000
vt 0.176895 0.000000
vt 0.173285 0.000000
vt 0.707581 0.000000
vt 0.169675 0.000000
vt 0.166065 0.000000
vt 0.162455 0.000000
vt 0.158845 0.000000
vt 0.155235 0.000000
vt 0.758123 0.000000
vt 0.151625 0.000000
vt 0.703971 0.000000
vt 0.148014 0.000000
vt 0.144404 0.000000
vt 0.700361 0.000000
vt 0.140794 0.000000
vt 0.552347 0.000000
vt 0.696751 0.000000
vt 0.761733 0.000000
vt 0.137184 0.000000
vt 0.693141 0.000000
vt 0.133574 0.000000
vt 0.689531 0.000000
vt 0.685921 0.000000
vt 0.129964 0.000000
vt 0.765343 0.000000
vt 0.555957 0.000000
vt 0.682310 0.000000
vt 0.678700 0.000000
vt 0.126354 0.000000
vt 0.768953 0.000000
vt 0.675090 0.000000
vt 0.671480 0.000000
vt 0.667870 0.000000
vt 0.559567 0.000000
vt 0.664260 0.000000
vt 0.660650 0.000000
vt 0.657040 0.000000
vt 0.772563 0.000000
vt 0.653430 0.000000
vt 0.563177 0.000000
vt 0.649819 0.000000
vt 0.646209 0.000000
vt 0.642599 0.000000
vt 0.776173 0.000000
vt 0.566787 0.000000
vt 0.638989 0.000000
vt 0.570397 0.000000
vt 0.635379 0.000000
vt 0.574007 0.000000
vt 0.631769 0.000000
vt 0.779783 0.000000
vt 0.577617 0.000000
vt 0.628159 0.000000
vt 0.581227 0.000000
vt 0.624549 0.000000
vt 0.584838 0.000000
vt 0.620939 0.000000
vt 0.588448 0.000000
vt 0.617329 0.000000
vt 0.592058 0.000000
vt 0.595668 0.000000
vt 0.783394 0.000000
vt 0.613718 0.000000
vt 0.599278 0.000000
vt 0.610108 0.000000
vt 0.602888 0.000000
vt 0.606498 0.000000
vt 0.122744 0.000000
vt 0.787004 0.000000
vt 0.119134 0.000000
vt 0.790614 0.000000
vt 0.115523 0.000000
vt 0.794224 0.000000
vt 0.111913 0.000000
vt 0.797834 0.000000
vt 0.108303 0.000000
vt 0.801444 0.000000
vt 0.104693 0.000000
vt 0.805054 0.000000
vt 0.101083 0.000000
vt 0.808664 0.000000
vt 0.097473 0.000000
vt 0.812274 0.000000
vt 0.093863 0.000000
vt 0.815884 0.000000
vt 0.090253 0.000000
vt 0.819495 0.000000
vt 0.086643 0.000000
vt 0.823105 0.000000
vt 0.083032 0.000000
vt 0.826715 0.000000
vt 0.079422 0.000000
vt 0.830325 0.000000
vt 0.075812 0.000000
vt 0.833935 0.000000
vt 0.072202 0.000000
vt 0.837545 0.000000
vt 0.068592 0.000000
vt 0.841155 0.000000
vt 0.064982 0.000000
vt 0.844765 0.000000
vt 0.061372 0.000000
vt 0.848375 0.000000
vt 0.057762 0.000000
vt 0.851986 0.000000
vt 0.054152 0.000000
vt 0.855596 0.000000
vt 0.050542 0.000000
vt 0.859206 0.000000
vt 0.046931 0.000000
vt 0.862816 0.000000
vt 0.043321 0.000000
vt 0.866426 0.000000
vt 0.039711 0.000000
vt 0.870036 0.000000
vt 0.036101 0.000000
vt 0.873646 0.000000
vt 0.877256 0.000000
vt 0.032491 0.000000
vt 0.880866 0.000000
vt 0.028881 0.000000
vt 0.884477 0.000000
vt 0.025271 0.000000
vt 0.888087 0.000000
vt 0.021661 0.000000
vt 0.891697 0.000000
vt 0.018051 0.000000
vt 0.895307 0.000000
vt 0.014440 0.000000
vt 0.898917 0.000000
vt 0.010830 0.000000
vt 0.956679 0.000000
vt 0.960289 0.000000
vt 0.953069 0.000000
vt 0.963899 0.000000
vt 0.949458 0.000000
vt 0.967509 0.000000
vt 0.945848 0.000000
vt 0.971119 0.000000
vt 0.942238 0.000000
vt 0.902527 0.000000
vt 0.007220 0.000000
vt 0.974729 0.000000
vt 0.938628 0.000000
vt 0.978339 0.000000
vt 0.935018 0.000000
vt 0.981949 0.000000
vt 0.931408 0.000000
vt 0.985560 0.000000
vt 0.927798 0.000000
vt 0.906137 0.000000
vt 0.003610 0.000000
vt 0.989170 0.000000
vt 0.924188 0.000000
vt 0.992780 0.000000
vt 0.920578 0.000000
vt 0.996390 0.000000
vt 0.916968 0.000000
vt 0.909747 0.000000
vt 0.000000 0.000000
vt 1.000000 0.000000
vt 0.913357 0.000000
vt 0.308696 0.000000
vt 0.317391 0.000000
vt 0.313043 0.000000
vt 0.304348 0.000000
vt 0.321739 0.000000
vt 0.300000 0.000000
vt 0.326087 0.000000
vt 0.295652 0.000000
vt 0.330435 0.000000
vt 0.291304 0.000000
vt 0.334783 0.000000
vt 0.286957 0.000000
vt 0.056522 0.000000
vt 0.052174 0.000000
vt 0.047826 0.000000
vt 0.339130 0.000000
vt 0.060870 0.000000
vt 0.043478 0.000000
vt 0.065217 0.000000
vt 0.039130 0.000000
vt 0.069565 0.000000
vt 0.034783 0.000000
vt 0.073913 0.000000
vt 0.030435 0.000000
vt 0.078261 0.000000
vt 0.282609 0.000000
vt 0.082609 0.000000
vt 0.026087 0.000000
vt 0.343478 0.000000
vt 0.086957 0.000000
vt 0.091304 0.000000
vt 0.021739 0.000000
vt 0.095652 0.000000
vt 0.278261 0.000000
vt 0.100000 0.000000
vt 0.347826 0.000000
vt 0.017391 0.000000
vt 0.104348 0.000000
vt 0.108696 0.000000
vt 0.113043 0.000000
vt 0.117391 0.000000
vt 0.273913 0.000000
vt 0.013043 0.000000
vt 0.121739 0.000000
vt 0.352174 0.000000
vt 0.126087 0.000000
vt 0.130435 0.000000
vt 0.134783 0.000000
vt 0.008696 0.000000
vt 0.269565 0.000000
vt 0.139130 0.000000
vt 0.143478 0.000000
vt 0.356522 0.000000
vt 0.147826 0.000000
vt 0.152174 0.000000
vt 0.004348 0.000000
vt 0.265217 0.000000
vt 0.156522 0.000000
vt 0.160870 0.000000
vt 0.360870 0.000000
vt 0.165217 0.000000
vt 0.260870 0.000000
vt 0.169565 0.000000
vt 0.365217 0.000000
vt 0.173913 0.000000
vt 0.256522 0.000000
vt 0.178261 0.000000
vt 0.252174 0.000000
vt 0.247826 0.000000
vt 0.182609 0.000000
vt 0.786957 0.000000
vt 0.369565 0.000000
vt 0.243478 0.000000
vt 0.186957 0.000000
vt 0.239130 0.000000
vt 0.191304 0.000000
vt 0.234783 0.000000
vt 0.230435 0.000000
vt 0.195652 0.000000
vt 0.226087 0.000000
vt 0.200000 0.000000
vt 0.221739 0.000000
vt 0.217391 0.000000
vt 0.204348 0.000000
vt 0.213043 0.000000
vt 0.208696 0.000000
vt 0.778261 0.000000
vt 0.782609 0.000000
vt 0.773913 0.000000
vt 0.791304 0.000000
vt 0.769565 0.000000
vt 0.765217 0.000000
vt 0.760870 0.000000
vt 0.756522 0.000000
vt 0.795652 0.000000
vt 0.800000 0.000000
vt 0.804348 0.000000
vt 0.752174 0.000000
vt 0.808696 0.000000
vt 0.813043 0.000000
vt 0.817391 0.000000
vt 0.747826 0.000000
vt 0.821739 0.000000
vt 0.826087 0.000000
vt 0.743478 0.000000
vt 0.830435 0.000000
vt 0.834783 0.000000
vt 0.739130 0.000000
vt 0.995652 0.000000
vt 0.373913 0.000000
vt 0.991304 0.000000
vt 0.986957 0.000000
vt 0.982609 0.000000
vt 0.978261 0.000000
vt 0.973913 0.000000
vt 0.969565 0.000000
vt 0.839130 0.000000
vt 0.965217 0.000000
vt 0.960870 0.000000
vt 0.378261 0.000000
vt 0.956522 0.000000
vt 0.952174 0.000000
vt 0.947826 0.000000
vt 0.943478 0.000000
vt 0.734783 0.000000
vt 0.843478 0.000000
vt 0.382609 0.000000
vt 0.939130 0.000000
vt 0.847826 0.000000
vt 0.386957 0.000000
vt 0.730435 0.000000
vt 0.852174 0.000000
vt 0.934783 0.000000
vt 0.391304 0.000000
vt 0.856522 0.000000
vt 0.930435 0.000000
vt 0.395652 0.000000
vt 0.860870 0.000000
vt 0.726087 0.000000
vt 0.926087 0.000000
vt 0.400000 0.000000
vt 0.865217 0.000000
vt 0.404348 0.000000
vt 0.921739 0.000000
vt 0.434783 0.000000
vt 0.443478 0.000000
vt 0.439130 0.000000
vt 0.430435 0.000000
vt 0.869565 0.000000
vt 0.447826 0.000000
vt 0.408696 0.000000
vt 0.426087 0.000000
vt 0.452174 0.000000
vt 0.421739 0.000000
vt 0.456522 0.000000
vt 0.721739 0.000000
vt 0.417391 0.000000
vt 0.460870 0.000000
vt 0.413043 0.000000
vt 0.465217 0.000000
vt 0.917391 0.000000
vt 0.469565 0.000000
vt 0.873913 0.000000
vt 0.473913 0.000000
vt 0.478261 0.000000
vt 0.913043 0.000000
vt 0.878261 0.000000
vt 0.630435 0.000000
vt 0.482609 0.000000
vt 0.486957 0.000000
vt 0.634783 0.000000
vt 0.626087 0.000000
vt 0.908696 0.000000
vt 0.882609 0.000000
vt 0.717391 0.000000
vt 0.491304 0.000000
vt 0.904348 0.000000
vt 0.886957 0.000000
vt 0.495652 0.000000
vt 0.621739 0.000000
vt 0.891304 0.000000
vt 0.900000 0.000000
vt 0.500000 0.000000
vt 0.895652 0.000000
vt 0.639130 0.000000
vt 0.504348 0.000000
vt 0.617391 0.000000
vt 0.508696 0.000000
vt 0.713043 0.000000
vt 0.613043 0.000000
vt 0.513043 0.000000
vt 0.643478 0.000000
vt 0.517391 0.000000
vt 0.608696 0.000000
vt 0.521739 0.000000
vt 0.526087 0.000000
vt 0.604348 0.000000
vt 0.708696 0.000000
vt 0.647826 0.000000
vt 0.530435 0.000000
vt 0.600000 0.000000
vt 0.652174 0.000000
vt 0.595652 0.000000
vt 0.534783 0.000000
vt 0.704348 0.000000
vt 0.591304 0.000000
vt 0.656522 0.000000
vt 0.586957 0.000000
vt 0.539130 0.000000
vt 0.700000 0.000000
vt 0.582609 0.000000
vt 0.660870 0.000000
vt 0.543478 0.000000
vt 0.578261 0.000000
vt 0.695652 0.000000
vt 0.573913 0.000000
vt 0.665217 0.000000
vt 0.547826 0.000000
vt 0.569565 0.000000
vt 0.552174 0.000000
vt 0.669565 0.000000
vt 0.691304 0.000000
vt 0.565217 0.000000
vt 0.556522 0.000000
vt 0.560870 0.000000
vt 0.673913 0.000000
vt 0.686957 0.000000
vt 0.678261 0.000000
vt 0.682609 0.000000
vt 0.616541 0.000000
vt 0.631579 0.000000
vt 0.624060 0.000000
vt 0.639098 0.000000
vt 0.609023 0.000000
vt 0.646617 0.000000
vt 0.601504 0.000000
vt 0.654135 0.000000
vt 0.593985 0.000000
vt 0.661654 0.000000
vt 0.586466 0.000000
vt 0.909774 0.000000
vt 0.669173 0.000000
vt 0.578947 0.000000
vt 0.917293 0.000000
vt 0.902256 0.000000
vt 0.894737 0.000000
vt 0.924812 0.000000
vt 0.887218 0.000000
vt 0.932331 0.000000
vt 0.879699 0.000000
vt 0.676692 0.000000
vt 0.939850 0.000000
vt 0.872180 0.000000
vt 0.571429 0.000000
vt 0.947368 0.000000
vt 0.864662 0.000000
vt 0.954887 0.000000
vt 0.684211 0.000000
vt 0.857143 0.000000
vt 0.962406 0.000000
vt 0.849624 0.000000
vt 0.563910 0.000000
vt 0.842105 0.000000
vt 0.969925 0.000000
vt 0.691729 0.000000
vt 0.834586 0.000000
vt 0.977444 0.000000
vt 0.556391 0.000000
vt 0.827068 0.000000
vt 0.699248 0.000000
vt 0.984962 0.000000
vt 0.819549 0.000000
vt 0.548872 0.000000
vt 0.992481 0.000000
vt 0.812030 0.000000
vt 0.804511 0.000000
vt 0.706767 0.000000
vt 0.796992 0.000000
vt 0.789474 0.000000
vt 0.781955 0.000000
vt 0.774436 0.000000
vt 0.766917 0.000000
vt 0.541353 0.000000
vt 0.759399 0.000000
vt 0.751880 0.000000
vt 0.744361 0.000000
vt 0.736842 0.000000
vt 0.729323 0.000000
vt 0.714286 0.000000
vt 0.533835 0.000000
vt 0.721804 0.000000
vt 0.526316 0.000000
vt 0.007519 0.000000
vt 0.518797 0.000000
vt 0.015038 0.000000
vt 0.511278 0.000000
vt 0.022556 0.000000
vt 0.233083 0.000000
vt 0.248120 0.000000
vt 0.240602 0.000000
vt 0.255639 0.000000
vt 0.225564 0.000000
vt 0.218045 0.000000
vt 0.263158 0.000000
vt 0.210526 0.000000
vt 0.270677 0.000000
vt 0.203008 0.000000
vt 0.278196 0.000000
vt 0.285714 0.000000
vt 0.195489 0.000000
vt 0.293233 0.000000
vt 0.187970 0.000000
vt 0.300752 0.000000
vt 0.180451 0.000000
vt 0.308271 0.000000
vt 0.172932 0.000000
vt 0.315789 0.000000
vt 0.165414 0.000000
vt 0.323308 0.000000
vt 0.503759 0.000000
vt 0.330827 0.000000
vt 0.030075 0.000000
vt 0.338346 0.000000
vt 0.345865 0.000000
vt 0.353383 0.000000
vt 0.360902 0.000000
vt 0.157895 0.000000
vt 0.037594 0.000000
vt 0.496241 0.000000
vt 0.150376 0.000000
vt 0.368421 0.000000
vt 0.142857 0.000000
vt 0.045113 0.000000
vt 0.488722 0.000000
vt 0.135338 0.000000
vt 0.375940 0.000000
vt 0.052632 0.000000
vt 0.127820 0.000000
vt 0.060150 0.000000
vt 0.383459 0.000000
vt 0.481203 0.000000
vt 0.120301 0.000000
vt 0.112782 0.000000
vt 0.067669 0.000000
vt 0.105263 0.000000
vt 0.390977 0.000000
vt 0.075188 0.000000
vt 0.097744 0.000000
vt 0.473684 0.000000
vt 0.090226 0.000000
vt 0.082707 0.000000
vt 0.398496 0.000000
vt 0.466165 0.000000
vt 0.406015 0.000000
vt 0.413534 0.000000
vt 0.458647 0.000000
vt 0.421053 0.000000
vt 0.451128 0.000000
vt 0.428571 0.000000
vt 0.436090 0.000000
vt 0.443609 0.000000
vt 0.326425 0.000000
vt 0.336788 0.000000
vt 0.331606 0.000000
vt 0.321244 0.000000
vt 0.341969 0.000000
vt 0.316062 0.000000
vt 0.347150 0.000000
vt 0.310881 0.000000
vt 0.352332 0.000000
vt 0.305699 0.000000
vt 0.357513 0.000000
vt 0.300518 0.000000
vt 0.362694 0.000000
vt 0.295337 0.000000
vt 0.367876 0.000000
vt 0.290155 0.000000
vt 0.373057 0.000000
vt 0.284974 0.000000
vt 0.378238 0.000000
vt 0.279793 0.000000
vt 0.274611 0.000000
vt 0.383420 0.000000
vt 0.269430 0.000000
vt 0.388601 0.000000
vt 0.264249 0.000000
vt 0.393782 0.000000
vt 0.259067 0.000000
vt 0.253886 0.000000
vt 0.398964 0.000000
vt 0.248705 0.000000
vt 0.176166 0.000000
vt 0.186529 0.000000
vt 0.181347 0.000000
vt 0.191710 0.000000
vt 0.170984 0.000000
vt 0.196891 0.000000
vt 0.404145 0.000000
vt 0.243523 0.000000
vt 0.202073 0.000000
vt 0.165803 0.000000
vt 0.207254 0.000000
vt 0.238342 0.000000
vt 0.212435 0.000000
vt 0.409326 0.000000
vt 0.217617 0.000000
vt 0.233161 0.000000
vt 0.160622 0.000000
vt 0.222798 0.000000
vt 0.227979 0.000000
vt 0.414508 0.000000
vt 0.155440 0.000000
vt 0.419689 0.000000
vt 0.150259 0.000000
vt 0.424870 0.000000
vt 0.430052 0.000000
vt 0.145078 0.000000
vt 0.435233 0.000000
vt 0.440415 0.000000
vt 0.139896 0.000000
vt 0.445596 0.000000
vt 0.134715 0.000000
vt 0.450777 0.000000
vt 0.129534 0.000000
vt 0.455959 0.000000
vt 0.124352 0.000000
vt 0.461140 0.000000
vt 0.119171 0.000000
vt 0.466321 0.000000
vt 0.113990 0.000000
vt 0.471503 0.000000
vt 0.108808 0.000000
vt 0.476684 0.000000
vt 0.103627 0.000000
vt 0.098446 0.000000
vt 0.481865 0.000000
vt 0.093264 0.000000
vt 0.088083 0.000000
vt 0.487047 0.000000
vt 0.082902 0.000000
vt 0.077720 0.000000
vt 0.072539 0.000000
vt 0.492228 0.000000
vt 0.067358 0.000000
vt 0.062176 0.000000
vt 0.056995 0.000000
vt 0.051813 0.000000
vt 0.046632 0.000000
vt 0.041451 0.000000
vt 0.036269 0.000000
vt 0.031088 0.000000
vt 0.497409 0.000000
vt 0.025907 0.000000
vt 0.020725 0.000000
vt 0.015544 0.000000
vt 0.010363 0.000000
vt 0.502591 0.000000
vt 0.005181 0.000000
vt 0.994819 0.000000
vt 0.507772 0.000000
vt 0.989637 0.000000
vt 0.512953 0.000000
vt 0.984456 0.000000
vt 0.518135 0.000000
vt 0.979275 0.000000
vt 0.523316 0.000000
vt 0.974093 0.000000
vt 0.528497 0.000000
vt 0.968912 0.000000
vt 0.533679 0.000000
vt 0.963731 0.000000
vt 0.538860 0.000000
vt 0.958549 0.000000
vt 0.544041 0.000000
vt 0.953368 0.000000
vt 0.549223 0.000000
vt 0.948187 0.000000
vt 0.554404 0.000000
vt 0.943005 0.000000
vt 0.559586 0.000000
vt 0.937824 0.000000
vt 0.564767 0.000000
vt 0.932642 0.000000
vt 0.569948 0.000000
vt 0.927461 0.000000
vt 0.575130 0.000000
vt 0.922280 0.000000
vt 0.580311 0.000000
vt 0.917098 0.000000
vt 0.585492 0.000000
vt 0.911917 0.000000
vt 0.590674 0.000000
vt 0.906736 0.000000
vt 0.595855 0.000000
vt 0.901554 0.000000
vt 0.601036 0.000000
vt 0.896373 0.000000
vt 0.606218 0.000000
vt 0.891192 0.000000
vt 0.611399 0.000000
vt 0.886010 0.000000
vt 0.616580 0.000000
vt 0.880829 0.000000
vt 0.621762 0.000000
vt 0.875648 0.000000
vt 0.626943 0.000000
vt 0.870466 0.000000
vt 0.632124 0.000000
vt 0.637306 0.000000
vt 0.865285 0.000000
vt 0.642487 0.000000
vt 0.860104 0.000000
vt 0.647668 0.000000
vt 0.854922 0.000000
vt 0.652850 0.000000
vt 0.849741 0.000000
vt 0.658031 0.000000
vt 0.844560 0.000000
vt 0.663212 0.000000
vt 0.839378 0.000000
vt 0.668394 0.000000
vt 0.834197 0.000000
vt 0.751295 0.000000
vt 0.756477 0.000000
vt 0.746114 0.000000
vt 0.761658 0.000000
vt 0.740933 0.000000
vt 0.766839 0.000000
vt 0.735751 0.000000
vt 0.772021 0.000000
vt 0.730570 0.000000
vt 0.673575 0.000000
vt 0.829016 0.000000
vt 0.777202 0.000000
vt 0.725389 0.000000
vt 0.782383 0.000000
vt 0.720207 0.000000
vt 0.787565 0.000000
vt 0.715026 0.000000
vt 0.792746 0.000000
vt 0.709845 0.000000
vt 0.678756 0.000000
vt 0.823834 0.000000
vt 0.797927 0.000000
vt 0.704663 0.000000
vt 0.803109 0.000000
vt 0.699482 0.000000
vt 0.808290 0.000000
vt 0.694301 0.000000
vt 0.683938 0.000000
vt 0.818653 0.000000
vt 0.813471 0.000000
vt 0.689119 0.000000
vt 0.038023 0.000000
vt 0.045627 0.000000
vt 0.041825 0.000000
vt 0.049430 0.000000
vt 0.053232 0.000000
vt 0.034221 0.000000
vt 0.057034 0.000000
vt 0.060837 0.000000
vt 0.064639 0.000000
vt 0.030418 0.000000
vt 0.068441 0.000000
vt 0.072243 0.000000
vt 0.076046 0.000000
vt 0.026616 0.000000
vt 0.171103 0.000000
vt 0.178707 0.000000
vt 0.174905 0.000000
vt 0.167300 0.000000
vt 0.182510 0.000000
vt 0.186312 0.000000
vt 0.163498 0.000000
vt 0.159696 0.000000
vt 0.190114 0.000000
vt 0.079848 0.000000
vt 0.155894 0.000000
vt 0.193916 0.000000
vt 0.152091 0.000000
vt 0.148289 0.000000
vt 0.197719 0.000000
vt 0.144487 0.000000
vt 0.083650 0.000000
vt 0.201521 0.000000
vt 0.140684 0.000000
vt 0.136882 0.000000
vt 0.205323 0.000000
vt 0.133080 0.000000
vt 0.087452 0.000000
vt 0.209125 0.000000
vt 0.129278 0.000000
vt 0.022814 0.000000
vt 0.212928 0.000000
vt 0.125475 0.000000
vt 0.091255 0.000000
vt 0.095057 0.000000
vt 0.121673 0.000000
vt 0.216730 0.000000
vt 0.098859 0.000000
vt 0.117871 0.000000
vt 0.102662 0.000000
vt 0.114068 0.000000
vt 0.106464 0.000000
vt 0.220532 0.000000
vt 0.110266 0.000000
vt 0.452471 0.000000
vt 0.224335 0.000000
vt 0.228137 0.000000
vt 0.456274 0.000000
vt 0.448669 0.000000
vt 0.444867 0.000000
vt 0.460076 0.000000
vt 0.231939 0.000000
vt 0.019011 0.000000
vt 0.441065 0.000000
vt 0.463878 0.000000
vt 0.235741 0.000000
vt 0.239544 0.000000
vt 0.437262 0.000000
vt 0.467681 0.000000
vt 0.243346 0.000000
vt 0.247148 0.000000
vt 0.015209 0.000000
vt 0.433460 0.000000
vt 0.471483 0.000000
vt 0.250951 0.000000
vt 0.254753 0.000000
vt 0.429658 0.000000
vt 0.258555 0.000000
vt 0.475285 0.000000
vt 0.011407 0.000000
vt 0.262357 0.000000
vt 0.425856 0.000000
vt 0.266160 0.000000
vt 0.269962 0.000000
vt 0.479087 0.000000
vt 0.422053 0.000000
vt 0.273764 0.000000
vt 0.277567 0.000000
vt 0.007605 0.000000
vt 0.418251 0.000000
vt 0.281369 0.000000
vt 0.482890 0.000000
vt 0.285171 0.000000
vt 0.414449 0.000000
vt 0.288973 0.000000
vt 0.292776 0.000000
vt 0.296578 0.000000
vt 0.410646 0.000000
vt 0.486692 0.000000
vt 0.003802 0.000000
vt 0.300380 0.000000
vt 0.304182 0.000000
vt 0.406844 0.000000
vt 0.307985 0.000000
vt 0.311787 0.000000
vt 0.315589 0.000000
vt 0.403042 0.000000
vt 0.319392 0.000000
vt 0.490494 0.000000
vt 0.399240 0.000000
vt 0.323194 0.000000
vt 0.395437 0.000000
vt 0.326996 0.000000
vt 0.391635 0.000000
vt 0.330798 0.000000
vt 0.387833 0.000000
vt 0.334601 0.000000
vt 0.384030 0.000000
vt 0.338403 0.000000
vt 0.380228 0.000000
vt 0.342205 0.000000
vt 0.376426 0.000000
vt 0.346008 0.000000
vt 0.372624 0.000000
vt 0.349810 0.000000
vt 0.368821 0.000000
vt 0.353612 0.000000
vt 0.365019 0.000000
vt 0.357414 0.000000
vt 0.361217 0.000000
vt 0.494297 0.000000
vt 0.498099 0.000000
vt 0.996198 0.000000
vt 0.501901 0.000000
vt 0.505703 0.000000
vt 0.992395 0.000000
vt 0.631179 0.000000
vt 0.638783 0.000000
vt 0.634981 0.000000
vt 0.642586 0.000000
vt 0.627376 0.000000
vt 0.646388 0.000000
vt 0.623574 0.000000
vt 0.650190 0.000000
vt 0.619772 0.000000
vt 0.653992 0.000000
vt 0.615970 0.000000
vt 0.657795 0.000000
vt 0.612167 0.000000
vt 0.661597 0.000000
vt 0.608365 0.000000
vt 0.665399 0.000000
vt 0.604563 0.000000
vt 0.669201 0.000000
vt 0.600760 0.000000
vt 0.673004 0.000000
vt 0.596958 0.000000
vt 0.676806 0.000000
vt 0.593156 0.000000
vt 0.680608 0.000000
vt 0.589354 0.000000
vt 0.684411 0.000000
vt 0.585551 0.000000
vt 0.509506 0.000000
vt 0.688213 0.000000
vt 0.692015 0.000000
vt 0.695817 0.000000
vt 0.988593 0.000000
vt 0.699620 0.000000
vt 0.581749 0.000000
vt 0.703422 0.000000
vt 0.707224 0.000000
vt 0.513308 0.000000
vt 0.711027 0.000000
vt 0.577947 0.000000
vt 0.714829 0.000000
vt 0.718631 0.000000
vt 0.984791 0.000000
vt 0.722433 0.000000
vt 0.517110 0.000000
vt 0.574144 0.000000
vt 0.726236 0.000000
vt 0.730038 0.000000
vt 0.733840 0.000000
vt 0.570342 0.000000
vt 0.520913 0.000000
vt 0.737643 0.000000
vt 0.980989 0.000000
vt 0.741445 0.000000
vt 0.566540 0.000000
vt 0.745247 0.000000
vt 0.749049 0.000000
vt 0.524715 0.000000
vt 0.752852 0.000000
vt 0.562738 0.000000
vt 0.977186 0.000000
vt 0.756654 0.000000
vt 0.760456 0.000000
vt 0.528517 0.000000
vt 0.764259 0.000000
vt 0.558935 0.000000
vt 0.768061 0.000000
vt 0.532319 0.000000
vt 0.973384 0.000000
vt 0.771863 0.000000
vt 0.555133 0.000000
vt 0.775665 0.000000
vt 0.779468 0.000000
vt 0.889734 0.000000
vt 0.783270 0.000000
vt 0.536122 0.000000
vt 0.893536 0.000000
vt 0.885932 0.000000
vt 0.897338 0.000000
vt 0.882129 0.000000
vt 0.787072 0.000000
vt 0.878327 0.000000
vt 0.901141 0.000000
vt 0.551331 0.000000
vt 0.874525 0.000000
vt 0.904943 0.000000
vt 0.790875 0.000000
vt 0.870722 0.000000
vt 0.908745 0.000000
vt 0.866920 0.000000
vt 0.794677 0.000000
vt 0.863118 0.000000
vt 0.912548 0.000000
vt 0.798479 0.000000
vt 0.859316 0.000000
vt 0.855513 0.000000
vt 0.969582 0.000000
vt 0.802281 0.000000
vt 0.539924 0.000000
vt 0.547529 0.000000
vt 0.851711 0.000000
vt 0.847909 0.000000
vt 0.806084 0.000000
vt 0.844106 0.000000
vt 0.809886 0.000000
vt 0.840304 0.000000
vt 0.836502 0.000000
vt 0.813688 0.000000
vt 0.916350 0.000000
vt 0.832700 0.000000
vt 0.828897 0.000000
vt 0.817491 0.000000
vt 0.825095 0.000000
vt 0.821293 0.000000
vt 0.543726 0.000000
vt 0.920152 0.000000
vt 0.923954 0.000000
vt 0.965779 0.000000
vt 0.927757 0.000000
vt 0.931559 0.000000
vt 0.961977 0.000000
vt 0.935361 0.000000
vt 0.939164 0.000000
vt 0.958175 0.000000
vt 0.942966 0.000000
vt 0.946768 0.000000
vt 0.954373 0.000000
vt 0.950570 0.000000
vt 0.000000 1.000000
vt 0.003788 1.000000
vt 0.003788 0.000000
vt 0.007576 1.000000
vt 0.007576 0.000000
vt 0.011364 1.000000
vt 0.011364 0.000000
vt 0.015152 1.000000
vt 0.015152 0.000000
vt 0.018939 1.000000
vt 0.018939 0.000000
vt 0.022727 1.000000
vt 0.022727 0.000000
vt 0.026515 1.000000
vt 0.026515 0.000000
vt 0.030303 1.000000
vt 0.030303 0.000000
vt 0.034091 1.000000
vt 0.034091 0.000000
vt 0.037879 1.000000
vt 0.037879 0.000000
vt 0.041667 1.000000
vt 0.041667 0.000000
vt 0.045455 1.000000
vt 0.045455 0.000000
vt 0.049242 1.000000
vt 0.049242 0.000000
vt 0.053030 1.000000
vt 0.053030 0.000000
vt 0.056818 1.000000
vt 0.056818 0.000000
vt 0.060606 1.000000
vt 0.060606 0.000000
vt 0.064394 1.000000
vt 0.064394 0.000000
vt 0.068182 1.000000
vt 0.068182 0.000000
vt 0.071970 1.000000
vt 0.071970 0.000000
vt 0.075758 1.000000
vt 0.075758 0.000000
vt 0.079545 1.000000
vt 0.079545 0.000000
vt 0.083333 1.000000
vt 0.083333 0.000000
vt 0.087121 1.000000
vt 0.087121 0.000000
vt 0.090909 1.000000
vt 0.090909 0.000000
vt 0.094697 1.000000
vt 0.094697 0.000000
vt 0.098485 1.000000
vt 0.098485 0.000000
vt 0.102273 1.000000
vt 0.102273 0.000000
vt 0.106061 1.000000
vt 0.106061 0.000000
vt 0.109848 1.000000
vt 0.109848 0.000000
vt 0.113636 1.000000
vt 0.113636 0.000000
vt 0.117424 1.000000
vt 0.117424 0.000000
vt 0.121212 1.000000
vt 0.121212 0.000000
vt 0.125000 1.000000
vt 0.125000 0.000000
vt 0.128788 1.000000
vt 0.128788 0.000000
vt 0.132576 1.000000
vt 0.132576 0.000000
vt 0.136364 1.000000
vt 0.136364 0.000000
vt 0.140152 1.000000
vt 0.140152 0.000000
vt 0.143939 1.000000
vt 0.143939 0.000000
vt 0.147727 1.000000
vt 0.147727 0.000000
vt 0.151515 1.000000
vt 0.151515 0.000000
vt 0.155303 1.000000
vt 0.155303 0.000000
vt 0.159091 1.000000
vt 0.159091 0.000000
vt 0.162879 1.000000
vt 0.162879 0.000000
vt 0.166667 1.000000
vt 0.166667 0.000000
vt 0.170455 1.000000
vt 0.170455 0.000000
vt 0.174242 1.000000
vt 0.174242 0.000000
vt 0.178030 1.000000
vt 0.178030 0.000000
vt 0.181818 1.000000
vt 0.181818 0.000000
vt 0.185606 1.000000
vt 0.185606 0.000000
vt 0.189394 1.000000
vt 0.189394 0.000000
vt 0.193182 1.000000
vt 0.193182 0.000000
vt 0.196970 1.000000
vt 0.196970 0.000000
vt 0.200758 1.000000
vt 0.200758 0.000000
vt 0.204545 1.000000
vt 0.204545 0.000000
vt 0.208333 1.000000
vt 0.208333 0.000000
vt 0.212121 1.000000
vt 0.212121 0.000000
vt 0.215909 1.000000
vt 0.215909 0.000000
vt 0.219697 1.000000
vt 0.219697 0.000000
vt 0.223485 1.000000
vt 0.223485 0.000000
vt 0.227273 1.000000
vt 0.227273 0.000000
vt 0.231061 1.000000
vt 0.231061 0.000000
vt 0.234848 1.000000
vt 0.234848 0.000000
vt 0.238636 1.000000
vt 0.238636 0.000000
vt 0.242424 1.000000
vt 0.242424 0.000000
vt 0.246212 1.000000
vt 0.246212 0.000000
vt 0.250000 1.000000
vt 0.250000 0.000000
vt 0.253788 1.000000
vt 0.253788 0.000000
vt 0.257576 1.000000
vt 0.257576 0.000000
vt 0.261364 1.000000
vt 0.261364 0.000000
vt 0.265152 1.000000
vt 0.265152 0.000000
vt 0.268939 1.000000
vt 0.268939 0.000000
vt 0.272727 1.000000
vt 0.272727 0.000000
vt 0.276515 1.000000
vt 0.276515 0.000000
vt 0.280303 1.000000
vt 0.280303 0.000000
vt 0.284091 1.000000
vt 0.284091 0.000000
vt 0.287879 1.000000
vt 0.287879 0.000000
vt 0.291667 1.000000
vt 0.291667 0.000000
vt 0.295455 1.000000
vt 0.295455 0.000000
vt 0.299242 1.000000
vt 0.299242 0.000000
vt 0.303030 1.000000
vt 0.303030 0.000000
vt 0.306818 1.000000
vt 0.306818 0.000000
vt 0.310606 1.000000
vt 0.310606 0.000000
vt 0.314394 1.000000
vt 0.314394 0.000000
vt 0.318182 1.000000
vt 0.318182 0.000000
vt 0.321970 1.000000
vt 0.321970 0.000000
vt 0.325758 1.000000
vt 0.325758 0.000000
vt 0.329545 1.000000
vt 0.329545 0.000000
vt 0.333333 1.000000
vt 0.333333 0.000000
vt 0.337121 1.000000
vt 0.337121 0.000000
vt 0.340909 1.000000
vt 0.340909 0.000000
vt 0.344697 1.000000
vt 0.344697 0.000000
vt 0.348485 1.000000
vt 0.348485 0.000000
vt 0.352273 1.000000
vt 0.352273 0.000000
vt 0.356061 1.000000
vt 0.356061 0.000000
vt 0.359848 1.000000
vt 0.359848 0.000000
vt 0.363636 1.000000
vt 0.363636 0.000000
vt 0.367424 1.000000
vt 0.367424 0.000000
vt 0.371212 1.000000
vt 0.371212 0.000000
vt 0.375000 1.000000
vt 0.375000 0.000000
vt 0.378788 1.000000
vt 0.378788 0.000000
vt 0.382576 1.000000
vt 0.382576 0.000000
vt 0.386364 1.000000
vt 0.386364 0.000000
vt 0.390152 1.000000
vt 0.390152 0.000000
vt 0.393939 1.000000
vt 0.393939 0.000000
vt 0.397727 1.000000
vt 0.397727 0.000000
vt 0.401515 1.000000
vt 0.401515 0.000000
vt 0.405303 1.000000
vt 0.405303 0.000000
vt 0.409091 1.000000
vt 0.409091 0.000000
vt 0.412879 1.000000
vt 0.412879 0.000000
vt 0.416667 1.000000
vt 0.416667 0.000000
vt 0.420455 1.000000
vt 0.420455 0.000000
vt 0.424242 1.000000
vt 0.424242 0.000000
vt 0.428030 1.000000
vt 0.428030 0.000000
vt 0.431818 1.000000
vt 0.431818 0.000000
vt 0.435606 1.000000
vt 0.435606 0.000000
vt 0.439394 1.000000
vt 0.439394 0.000000
vt 0.443182 1.000000
vt 0.443182 0.000000
vt 0.446970 1.000000
vt 0.446970 0.000000
vt 0.450758 1.000000
vt 0.450758 0.000000
vt 0.454545 1.000000
vt 0.454545 0.000000
vt 0.458333 1.000000
vt 0.458333 0.000000
vt 0.462121 1.000000
vt 0.462121 0.000000
vt 0.465909 1.000000
vt 0.465909 0.000000
vt 0.469697 1.000000
vt 0.469697 0.000000
vt 0.473485 1.000000
vt 0.473485 0.000000
vt 0.477273 1.000000
vt 0.477273 0.000000
vt 0.481061 1.000000
vt 0.481061 0.000000
vt 0.484848 1.000000
vt 0.484848 0.000000
vt 0.488636 1.000000
vt 0.488636 0.000000
vt 0.492424 1.000000
vt 0.492424 0.000000
vt 0.496212 1.000000
vt 0.496212 0.000000
vt 0.500000 1.000000
vt 0.503788 1.000000
vt 0.503788 0.000000
vt 0.507576 1.000000
vt 0.507576 0.000000
vt 0.511364 1.000000
vt 0.511364 0.000000
vt 0.515152 1.000000
vt 0.515152 0.000000
vt 0.518939 1.000000
vt 0.518939 0.000000
vt 0.522727 1.000000
vt 0.522727 0.000000
vt 0.526515 1.000000
vt 0.526515 0.000000
vt 0.530303 1.000000
vt 0.530303 0.000000
vt 0.534091 1.000000
vt 0.534091 0.000000
vt 0.537879 1.000000
vt 0.537879 0.000000
vt 0.541667 1.000000
vt 0.541667 0.000000
vt 0.545455 1.000000
vt 0.545455 0.000000
vt 0.549242 1.000000
vt 0.549242 0.000000
vt 0.553030 1.000000
vt 0.553030 0.000000
vt 0.556818 1.000000
vt 0.556818 0.000000
vt 0.560606 1.000000
vt 0.560606 0.000000
vt 0.564394 1.000000
vt 0.564394 0.000000
vt 0.568182 1.000000
vt 0.568182 0.000000
vt 0.571970 1.000000
vt 0.571970 0.000000
vt 0.575758 1.000000
vt 0.575758 0.000000
vt 0.579545 1.000000
vt 0.579545 0.000000
vt 0.583333 1.000000
vt 0.583333 0.000000
vt 0.587121 1.000000
vt 0.587121 0.000000
vt 0.590909 1.000000
vt 0.590909 0.000000
vt 0.594697 1.000000
vt 0.594697 0.000000
vt 0.598485 1.000000
vt 0.598485 0.000000
vt 0.602273 1.000000
vt 0.602273 0.000000
vt 0.606061 1.000000
vt 0.606061 0.000000
vt 0.609848 1.000000
vt 0.609848 0.000000
vt 0.613636 1.000000
vt 0.613636 0.000000
vt 0.617424 1.000000
vt 0.617424 0.000000
vt 0.621212 1.000000
vt 0.621212 0.000000
vt 0.625000 1.000000
vt 0.625000 0.000000
vt 0.628788 1.000000
vt 0.628788 0.000000
vt 0.632576 1.000000
vt 0.632576 0.000000
vt 0.636364 1.000000
vt 0.636364 0.000000
vt 0.640152 1.000000
vt 0.640152 0.000000
vt 0.643939 1.000000
vt 0.643939 0.000000
vt 0.647727 1.000000
vt 0.647727 0.000000
vt 0.651515 1.000000
vt 0.651515 0.000000
vt 0.655303 1.000000
vt 0.655303 0.000000
vt 0.659091 1.000000
vt 0.659091 0.000000
vt 0.662879 1.000000
vt 0.662879 0.000000
vt 0.666667 1.000000
vt 0.666667 0.000000
vt 0.670455 1.000000
vt 0.670455 0.000000
vt 0.674242 1.000000
vt 0.674242 0.000000
vt 0.678030 1.000000
vt 0.678030 0.000000
vt 0.681818 1.000000
vt 0.681818 0.000000
vt 0.685606 1.000000
vt 0.685606 0.000000
vt 0.689394 1.000000
vt 0.689394 0.000000
vt 0.693182 1.000000
vt 0.693182 0.000000
vt 0.696970 1.000000
vt 0.696970 0.000000
vt 0.700758 1.000000
vt 0.700758 0.000000
vt 0.704545 1.000000
vt 0.704545 0.000000
vt 0.708333 1.000000
vt 0.708333 0.000000
vt 0.712121 1.000000
vt 0.712121 0.000000
vt 0.715909 1.000000
vt 0.715909 0.000000
vt 0.719697 1.000000
vt 0.719697 0.000000
vt 0.723485 1.000000
vt 0.723485 0.000000
vt 0.727273 1.000000
vt 0.727273 0.000000
vt 0.731061 1.000000
vt 0.731061 0.000000
vt 0.734848 1.000000
vt 0.734848 0.000000
vt 0.738636 1.000000
vt 0.738636 0.000000
vt 0.742424 1.000000
vt 0.742424 0.000000
vt 0.746212 1.000000
vt 0.746212 0.000000
vt 0.750000 1.000000
vt 0.750000 0.000000
vt 0.753788 1.000000
vt 0.753788 0.000000
vt 0.757576 1.000000
vt 0.757576 0.000000
vt 0.761364 1.000000
vt 0.761364 0.000000
vt 0.765152 1.000000
vt 0.765152 0.000000
vt 0.768939 1.000000
vt 0.768939 0.000000
vt 0.772727 1.000000
vt 0.772727 0.000000
vt 0.776515 1.000000
vt 0.776515 0.000000
vt 0.780303 1.000000
vt 0.780303 0.000000
vt 0.784091 1.000000
vt 0.784091 0.000000
vt 0.787879 1.000000
vt 0.787879 0.000000
vt 0.791667 1.000000
vt 0.791667 0.000000
vt 0.795455 1.000000
vt 0.795455 0.000000
vt 0.799242 1.000000
vt 0.799242 0.000000
vt 0.803030 1.000000
vt 0.803030 0.000000
vt 0.806818 1.000000
vt 0.806818 0.000000
vt 0.810606 1.000000
vt 0.810606 0.000000
vt 0.814394 1.000000
vt 0.814394 0.000000
vt 0.818182 1.000000
vt 0.818182 0.000000
vt 0.821970 1.000000
vt 0.821970 0.000000
vt 0.825758 1.000000
vt 0.825758 0.000000
vt 0.829545 1.000000
vt 0.829545 0.000000
vt 0.833333 1.000000
vt 0.833333 0.000000
vt 0.837121 1.000000
vt 0.837121 0.000000
vt 0.840909 1.000000
vt 0.840909 0.000000
vt 0.844697 1.000000
vt 0.844697 0.000000
vt 0.848485 1.000000
vt 0.848485 0.000000
vt 0.852273 1.000000
vt 0.852273 0.000000
vt 0.856061 1.000000
vt 0.856061 0.000000
vt 0.859848 1.000000
vt 0.859848 0.000000
vt 0.863636 1.000000
vt 0.863636 0.000000
vt 0.867424 1.000000
vt 0.867424 0.000000
vt 0.871212 1.000000
vt 0.871212 0.000000
vt 0.875000 1.000000
vt 0.875000 0.000000
vt 0.878788 1.000000
vt 0.878788 0.000000
vt 0.882576 1.000000
vt 0.882576 0.000000
vt 0.886364 1.000000
vt 0.886364 0.000000
vt 0.890152 1.000000
vt 0.890152 0.000000
vt 0.893939 1.000000
vt 0.893939 0.000000
vt 0.897727 1.000000
vt 0.897727 0.000000
vt 0.901515 1.000000
vt 0.901515 0.000000
vt 0.905303 1.000000
vt 0.905303 0.000000
vt 0.909091 1.000000
vt 0.909091 0.000000
vt 0.912879 1.000000
vt 0.912879 0.000000
vt 0.916667 1.000000
vt 0.916667 0.000000
vt 0.920455 1.000000
vt 0.920455 0.000000
vt 0.924242 1.000000
vt 0.924242 0.000000
vt 0.928030 1.000000
vt 0.928030 0.000000
vt 0.931818 1.000000
vt 0.931818 0.000000
vt 0.935606 1.000000
vt 0.935606 0.000000
vt 0.939394 1.000000
vt 0.939394 0.000000
vt 0.943182 1.000000
vt 0.943182 0.000000
vt 0.946970 1.000000
vt 0.946970 0.000000
vt 0.950758 1.000000
vt 0.950758 0.000000
vt 0.954545 1.000000
vt 0.954545 0.000000
vt 0.958333 1.000000
vt 0.958333 0.000000
vt 0.962121 1.000000
vt 0.962121 0.000000
vt 0.965909 1.000000
vt 0.965909 0.000000
vt 0.969697 1.000000
vt 0.969697 0.000000
vt 0.973485 1.000000
vt 0.973485 0.000000
vt 0.977273 1.000000
vt 0.977273 0.000000
vt 0.981061 1.000000
vt 0.981061 0.000000
vt 0.984848 1.000000
vt 0.984848 0.000000
vt 0.988636 1.000000
vt 0.988636 0.000000
vt 0.992424 1.000000
vt 0.992424 0.000000
vt 0.996212 1.000000
vt 0.996212 0.000000
vt 1.000000 1.000000
vt 0.005155 1.000000
vt 0.005155 0.000000
vt 0.010309 1.000000
vt 0.010309 0.000000
vt 0.015464 1.000000
vt 0.015464 0.000000
vt 0.020619 1.000000
vt 0.020619 0.000000
vt 0.025773 1.000000
vt 0.025773 0.000000
vt 0.030928 1.000000
vt 0.030928 0.000000
vt 0.036082 1.000000
vt 0.036082 0.000000
vt 0.041237 1.000000
vt 0.041237 0.000000
vt 0.046392 1.000000
vt 0.046392 0.000000
vt 0.051546 1.000000
vt 0.051546 0.000000
vt 0.056701 1.000000
vt 0.056701 0.000000
vt 0.061856 1.000000
vt 0.061856 0.000000
vt 0.067010 1.000000
vt 0.067010 0.000000
vt 0.072165 1.000000
vt 0.072165 0.000000
vt 0.077320 1.000000
vt 0.077320 0.000000
vt 0.082474 1.000000
vt 0.082474 0.000000
vt 0.087629 1.000000
vt 0.087629 0.000000
vt 0.092784 1.000000
vt 0.092784 0.000000
vt 0.097938 1.000000
vt 0.097938 0.000000
vt 0.103093 1.000000
vt 0.103093 0.000000
vt 0.108247 1.000000
vt 0.108247 0.000000
vt 0.113402 1.000000
vt 0.113402 0.000000
vt 0.118557 1.000000
vt 0.118557 0.000000
vt 0.123711 1.000000
vt 0.123711 0.000000
vt 0.128866 1.000000
vt 0.128866 0.000000
vt 0.134021 1.000000
vt 0.134021 0.000000
vt 0.139175 1.000000
vt 0.139175 0.000000
vt 0.144330 1.000000
vt 0.144330 0.000000
vt 0.149485 1.000000
vt 0.149485 0.000000
vt 0.154639 1.000000
vt 0.154639 0.000000
vt 0.159794 1.000000
vt 0.159794 0.000000
vt 0.164948 1.000000
vt 0.164948 0.000000
vt 0.170103 1.000000
vt 0.170103 0.000000
vt 0.175258 1.000000
vt 0.175258 0.000000
vt 0.180412 1.000000
vt 0.180412 0.000000
vt 0.185567 1.000000
vt 0.185567 0.000000
vt 0.190722 1.000000
vt 0.190722 0.000000
vt 0.195876 1.000000
vt 0.195876 0.000000
vt 0.201031 1.000000
vt 0.201031 0.000000
vt 0.206186 1.000000
vt 0.206186 0.000000
vt 0.211340 1.000000
vt 0.211340 0.000000
vt 0.216495 1.000000
vt 0.216495 0.000000
vt 0.221649 1.000000
vt 0.221649 0.000000
vt 0.226804 1.000000
vt 0.226804 0.000000
vt 0.231959 1.000000
vt 0.231959 0.000000
vt 0.237113 1.000000
vt 0.237113 0.000000
vt 0.242268 1.000000
vt 0.242268 0.000000
vt 0.247423 1.000000
vt 0.247423 0.000000
vt 0.252577 1.000000
vt 0.252577 0.000000
vt 0.257732 1.000000
vt 0.257732 0.000000
vt 0.262887 1.000000
vt 0.262887 0.000000
vt 0.268041 1.000000
vt 0.268041 0.000000
vt 0.273196 1.000000
vt 0.273196 0.000000
vt 0.278351 1.000000
vt 0.278351 0.000000
vt 0.283505 1.000000
vt 0.283505 0.000000
vt 0.288660 1.000000
vt 0.288660 0.000000
vt 0.293814 1.000000
vt 0.293814 0.000000
vt 0.298969 1.000000
vt 0.298969 0.000000
vt 0.304124 1.000000
vt 0.304124 0.000000
vt 0.309278 1.000000
vt 0.309278 0.000000
vt 0.314433 1.000000
vt 0.314433 0.000000
vt 0.319588 1.000000
vt 0.319588 0.000000
vt 0.324742 1.000000
vt 0.324742 0.000000
vt 0.329897 1.000000
vt 0.329897 0.000000
vt 0.335052 1.000000
vt 0.335052 0.000000
vt 0.340206 1.000000
vt 0.340206 0.000000
vt 0.345361 1.000000
vt 0.345361 0.000000
vt 0.350515 1.000000
vt 0.350515 0.000000
vt 0.355670 1.000000
vt 0.355670 0.000000
vt 0.360825 1.000000
vt 0.360825 0.000000
vt 0.365979 1.000000
vt 0.365979 0.000000
vt 0.371134 1.000000
vt 0.371134 0.000000
vt 0.376289 1.000000
vt 0.376289 0.000000
vt 0.381443 1.000000
vt 0.381443 0.000000
vt 0.386598 1.000000
vt 0.386598 0.000000
vt 0.391753 1.000000
vt 0.391753 0.000000
vt 0.396907 1.000000
vt 0.396907 0.000000
vt 0.402062 1.000000
vt 0.402062 0.000000
vt 0.407216 1.000000
vt 0.407216 0.000000
vt 0.412371 1.000000
vt 0.412371 0.000000
vt 0.417526 1.000000
vt 0.417526 0.000000
vt 0.422680 1.000000
vt 0.422680 0.000000
vt 0.427835 1.000000
vt 0.427835 0.000000
vt 0.432990 1.000000
vt 0.432990 0.000000
vt 0.438144 1.000000
vt 0.438144 0.000000
vt 0.443299 1.000000
vt 0.443299 0.000000
vt 0.448454 1.000000
vt 0.448454 0.000000
vt 0.453608 1.000000
vt 0.453608 0.000000
vt 0.458763 1.000000
vt 0.458763 0.000000
vt 0.463918 1.000000
vt 0.463918 0.000000
vt 0.469072 1.000000
vt 0.469072 0.000000
vt 0.474227 1.000000
vt 0.474227 0.000000
vt 0.479381 1.000000
vt 0.479381 0.000000
vt 0.484536 1.000000
vt 0.484536 0.000000
vt 0.489691 1.000000
vt 0.489691 0.000000
vt 0.494845 1.000000
vt 0.494845 0.000000
vt 0.505155 1.000000
vt 0.505155 0.000000
vt 0.510309 1.000000
vt 0.510309 0.000000
vt 0.515464 1.000000
vt 0.515464 0.000000
vt 0.520619 1.000000
vt 0.520619 0.000000
vt 0.525773 1.000000
vt 0.525773 0.000000
vt 0.530928 1.000000
vt 0.530928 0.000000
vt 0.536082 1.000000
vt 0.536082 0.000000
vt 0.541237 1.000000
vt 0.541237 0.000000
vt 0.546392 1.000000
vt 0.546392 0.000000
vt 0.551546 1.000000
vt 0.551546 0.000000
vt 0.556701 1.000000
vt 0.556701 0.000000
vt 0.561856 1.000000
vt 0.561856 0.000000
vt 0.567010 1.000000
vt 0.567010 0.000000
vt 0.572165 1.000000
vt 0.572165 0.000000
vt 0.577320 1.000000
vt 0.577320 0.000000
vt 0.582474 1.000000
vt 0.582474 0.000000
vt 0.587629 1.000000
vt 0.587629 0.000000
vt 0.592784 1.000000
vt 0.592784 0.000000
vt 0.597938 1.000000
vt 0.597938 0.000000
vt 0.603093 1.000000
vt 0.603093 0.000000
vt 0.608247 1.000000
vt 0.608247 0.000000
vt 0.613402 1.000000
vt 0.613402 0.000000
vt 0.618557 1.000000
vt 0.618557 0.000000
vt 0.623711 1.000000
vt 0.623711 0.000000
vt 0.628866 1.000000
vt 0.628866 0.000000
vt 0.634021 1.000000
vt 0.634021 0.000000
vt 0.639175 1.000000
vt 0.639175 0.000000
vt 0.644330 1.000000
vt 0.644330 0.000000
vt 0.649485 1.000000
vt 0.649485 0.000000
vt 0.654639 1.000000
vt 0.654639 0.000000
vt 0.659794 1.000000
vt 0.659794 0.000000
vt 0.664948 1.000000
vt 0.664948 0.000000
vt 0.670103 1.000000
vt 0.670103 0.000000
vt 0.675258 1.000000
vt 0.675258 0.000000
vt 0.680412 1.000000
vt 0.680412 0.000000
vt 0.685567 1.000000
vt 0.685567 0.000000
vt 0.690722 1.000000
vt 0.690722 0.000000
vt 0.695876 1.000000
vt 0.695876 0.000000
vt 0.701031 1.000000
vt 0.701031 0.000000
vt 0.706186 1.000000
vt 0.706186 0.000000
vt 0.711340 1.000000
vt 0.711340 0.000000
vt 0.716495 1.000000
vt 0.716495 0.000000
vt 0.721649 1.000000
vt 0.721649 0.000000
vt 0.726804 1.000000
vt 0.726804 0.000000
vt 0.731959 1.000000
vt 0.731959 0.000000
vt 0.737113 1.000000
vt 0.737113 0.000000
vt 0.742268 1.000000
vt 0.742268 0.000000
vt 0.747423 1.000000
vt 0.747423 0.000000
vt 0.752577 1.000000
vt 0.752577 0.000000
vt 0.757732 1.000000
vt 0.757732 0.000000
vt 0.762887 1.000000
vt 0.762887 0.000000
vt 0.768041 1.000000
vt 0.768041 0.000000
vt 0.773196 1.000000
vt 0.773196 0.000000
vt 0.778351 1.000000
vt 0.778351 0.000000
vt 0.783505 1.000000
vt 0.783505 0.000000
vt 0.788660 1.000000
vt 0.788660 0.000000
vt 0.793814 1.000000
vt 0.793814 0.000000
vt 0.798969 1.000000
vt 0.798969 0.000000
vt 0.804124 1.000000
vt 0.804124 0.000000
vt 0.809278 1.000000
vt 0.809278 0.000000
vt 0.814433 1.000000
vt 0.814433 0.000000
vt 0.819588 1.000000
vt 0.819588 0.000000
vt 0.824742 1.000000
vt 0.824742 0.000000
vt 0.829897 1.000000
vt 0.829897 0.000000
vt 0.835052 1.000000
vt 0.835052 0.000000
vt 0.840206 1.000000
vt 0.840206 0.000000
vt 0.845361 1.000000
vt 0.845361 0.000000
vt 0.850515 1.000000
vt 0.850515 0.000000
vt 0.855670 1.000000
vt 0.855670 0.000000
vt 0.860825 1.000000
vt 0.860825 0.000000
vt 0.865979 1.000000
vt 0.865979 0.000000
vt 0.871134 1.000000
vt 0.871134 0.000000
vt 0.876289 1.000000
vt 0.876289 0.000000
vt 0.881443 1.000000
vt 0.881443 0.000000
vt 0.886598 1.000000
vt 0.886598 0.000000
vt 0.891753 1.000000
vt 0.891753 0.000000
vt 0.896907 1.000000
vt 0.896907 0.000000
vt 0.902062 1.000000
vt 0.902062 0.000000
vt 0.907216 1.000000
vt 0.907216 0.000000
vt 0.912371 1.000000
vt 0.912371 0.000000
vt 0.917526 1.000000
vt 0.917526 0.000000
vt 0.922680 1.000000
vt 0.922680 0.000000
vt 0.927835 1.000000
vt 0.927835 0.000000
vt 0.932990 1.000000
vt 0.932990 0.000000
vt 0.938144 1.000000
vt 0.938144 0.000000
vt 0.943299 1.000000
vt 0.943299 0.000000
vt 0.948454 1.000000
vt 0.948454 0.000000
vt 0.953608 1.000000
vt 0.953608 0.000000
vt 0.958763 1.000000
vt 0.958763 0.000000
vt 0.963918 1.000000
vt 0.963918 0.000000
vt 0.969072 1.000000
vt 0.969072 0.000000
vt 0.974227 1.000000
vt 0.974227 0.000000
vt 0.979381 1.000000
vt 0.979381 0.000000
vt 0.984536 1.000000
vt 0.984536 0.000000
vt 0.989691 1.000000
vt 0.989691 0.000000
vt 0.994845 1.000000
vt 0.994845 0.000000
vt 0.027027 1.000000
vt 0.027027 0.000000
vt 0.054054 1.000000
vt 0.054054 0.000000
vt 0.081081 1.000000
vt 0.081081 0.000000
vt 0.108108 1.000000
vt 0.108108 0.000000
vt 0.135135 1.000000
vt 0.135135 0.000000
vt 0.162162 1.000000
vt 0.162162 0.000000
vt 0.189189 1.000000
vt 0.189189 0.000000
vt 0.216216 1.000000
vt 0.216216 0.000000
vt 0.243243 1.000000
vt 0.243243 0.000000
vt 0.270270 1.000000
vt 0.270270 0.000000
vt 0.297297 1.000000
vt 0.297297 0.000000
vt 0.324324 1.000000
vt 0.324324 0.000000
vt 0.351351 1.000000
vt 0.351351 0.000000
vt 0.378378 1.000000
vt 0.378378 0.000000
vt 0.405405 1.000000
vt 0.405405 0.000000
vt 0.432432 1.000000
vt 0.432432 0.000000
vt 0.459459 1.000000
vt 0.459459 0.000000
vt 0.486486 1.000000
vt 0.486486 0.000000
vt 0.513514 1.000000
vt 0.513514 0.000000
vt 0.540541 1.000000
vt 0.540541 0.000000
vt 0.567568 1.000000
vt 0.567568 0.000000
vt 0.594595 1.000000
vt 0.594595 0.000000
vt 0.621622 1.000000
vt 0.621622 0.000000
vt 0.648649 1.000000
vt 0.648649 0.000000
vt 0.675676 1.000000
vt 0.675676 0.000000
vt 0.702703 1.000000
vt 0.702703 0.000000
vt 0.729730 1.000000
vt 0.729730 0.000000
vt 0.756757 1.000000
vt 0.756757 0.000000
vt 0.783784 1.000000
vt 0.783784 0.000000
vt 0.810811 1.000000
vt 0.810811 0.000000
vt 0.837838 1.000000
vt 0.837838 0.000000
vt 0.864865 1.000000
vt 0.864865 0.000000
vt 0.891892 1.000000
vt 0.891892 0.000000
vt 0.918919 1.000000
vt 0.918919 0.000000
vt 0.945946 1.000000
vt 0.945946 0.000000
vt 0.972973 1.000000
vt 0.972973 0.000000
vt 0.005495 1.000000
vt 0.005495 0.000000
vt 0.010989 1.000000
vt 0.010989 0.000000
vt 0.016484 1.000000
vt 0.016484 0.000000
vt 0.021978 1.000000
vt 0.021978 0.000000
vt 0.027473 1.000000
vt 0.027473 0.000000
vt 0.032967 1.000000
vt 0.032967 0.000000
vt 0.038462 1.000000
vt 0.038462 0.000000
vt 0.043956 1.000000
vt 0.043956 0.000000
vt 0.049451 1.000000
vt 0.049451 0.000000
vt 0.054945 1.000000
vt 0.054945 0.000000
vt 0.060440 1.000000
vt 0.060440 0.000000
vt 0.065934 1.000000
vt 0.065934 0.000000
vt 0.071429 1.000000
vt 0.071429 0.000000
vt 0.076923 1.000000
vt 0.076923 0.000000
vt 0.082418 1.000000
vt 0.082418 0.000000
vt 0.087912 1.000000
vt 0.087912 0.000000
vt 0.093407 1.000000
vt 0.093407 0.000000
vt 0.098901 1.000000
vt 0.098901 0.000000
vt 0.104396 1.000000
vt 0.104396 0.000000
vt 0.109890 1.000000
vt 0.109890 0.000000
vt 0.115385 1.000000
vt 0.115385 0.000000
vt 0.120879 1.000000
vt 0.120879 0.000000
vt 0.126374 1.000000
vt 0.126374 0.000000
vt 0.131868 1.000000
vt 0.131868 0.000000
vt 0.137363 1.000000
vt 0.137363 0.000000
vt 0.142857 1.000000
vt 0.148352 1.000000
vt 0.148352 0.000000
vt 0.153846 1.000000
vt 0.153846 0.000000
vt 0.159341 1.000000
vt 0.159341 0.000000
vt 0.164835 1.000000
vt 0.164835 0.000000
vt 0.170330 1.000000
vt 0.170330 0.000000
vt 0.175824 1.000000
vt 0.175824 0.000000
vt 0.181319 1.000000
vt 0.181319 0.000000
vt 0.186813 1.000000
vt 0.186813 0.000000
vt 0.192308 1.000000
vt 0.192308 0.000000
vt 0.197802 1.000000
vt 0.197802 0.000000
vt 0.203297 1.000000
vt 0.203297 0.000000
vt 0.208791 1.000000
vt 0.208791 0.000000
vt 0.214286 1.000000
vt 0.214286 0.000000
vt 0.219780 1.000000
vt 0.219780 0.000000
vt 0.225275 1.000000
vt 0.225275 0.000000
vt 0.230769 1.000000
vt 0.230769 0.000000
vt 0.236264 1.000000
vt 0.236264 0.000000
vt 0.241758 1.000000
vt 0.241758 0.000000
vt 0.247253 1.000000
vt 0.247253 0.000000
vt 0.252747 1.000000
vt 0.252747 0.000000
vt 0.258242 1.000000
vt 0.258242 0.000000
vt 0.263736 1.000000
vt 0.263736 0.000000
vt 0.269231 1.000000
vt 0.269231 0.000000
vt 0.274725 1.000000
vt 0.274725 0.000000
vt 0.280220 1.000000
vt 0.280220 0.000000
vt 0.285714 1.000000
vt 0.291209 1.000000
vt 0.291209 0.000000
vt 0.296703 1.000000
vt 0.296703 0.000000
vt 0.302198 1.000000
vt 0.302198 0.000000
vt 0.307692 1.000000
vt 0.307692 0.000000
vt 0.313187 1.000000
vt 0.313187 0.000000
vt 0.318681 1.000000
vt 0.318681 0.000000
vt 0.324176 1.000000
vt 0.324176 0.000000
vt 0.329670 1.000000
vt 0.329670 0.000000
vt 0.335165 1.000000
vt 0.335165 0.000000
vt 0.340659 1.000000
vt 0.340659 0.000000
vt 0.346154 1.000000
vt 0.346154 0.000000
vt 0.351648 1.000000
vt 0.351648 0.000000
vt 0.357143 1.000000
vt 0.357143 0.000000
vt 0.362637 1.000000
vt 0.362637 0.000000
vt 0.368132 1.000000
vt 0.368132 0.000000
vt 0.373626 1.000000
vt 0.373626 0.000000
vt 0.379121 1.000000
vt 0.379121 0.000000
vt 0.384615 1.000000
vt 0.384615 0.000000
vt 0.390110 1.000000
vt 0.390110 0.000000
vt 0.395604 1.000000
vt 0.395604 0.000000
vt 0.401099 1.000000
vt 0.401099 0.000000
vt 0.406593 1.000000
vt 0.406593 0.000000
vt 0.412088 1.000000
vt 0.412088 0.000000
vt 0.417582 1.000000
vt 0.417582 0.000000
vt 0.423077 1.000000
vt 0.423077 0.000000
vt 0.428571 1.000000
vt 0.434066 1.000000
vt 0.434066 0.000000
vt 0.439560 1.000000
vt 0.439560 0.000000
vt 0.445055 1.000000
vt 0.445055 0.000000
vt 0.450549 1.000000
vt 0.450549 0.000000
vt 0.456044 1.000000
vt 0.456044 0.000000
vt 0.461538 1.000000
vt 0.461538 0.000000
vt 0.467033 1.000000
vt 0.467033 0.000000
vt 0.472527 1.000000
vt 0.472527 0.000000
vt 0.478022 1.000000
vt 0.478022 0.000000
vt 0.483516 1.000000
vt 0.483516 0.000000
vt 0.489011 1.000000
vt 0.489011 0.000000
vt 0.494505 1.000000
vt 0.494505 0.000000
vt 0.505495 1.000000
vt 0.505495 0.000000
vt 0.510989 1.000000
vt 0.510989 0.000000
vt 0.516484 1.000000
vt 0.516484 0.000000
vt 0.521978 1.000000
vt 0.521978 0.000000
vt 0.527473 1.000000
vt 0.527473 0.000000
vt 0.532967 1.000000
vt 0.532967 0.000000
vt 0.538462 1.000000
vt 0.538462 0.000000
vt 0.543956 1.000000
vt 0.543956 0.000000
vt 0.549451 1.000000
vt 0.549451 0.000000
vt 0.554945 1.000000
vt 0.554945 0.000000
vt 0.560440 1.000000
vt 0.560440 0.000000
vt 0.565934 1.000000
vt 0.565934 0.000000
vt 0.571429 1.000000
vt 0.576923 1.000000
vt 0.576923 0.000000
vt 0.582418 1.000000
vt 0.582418 0.000000
vt 0.587912 1.000000
vt 0.587912 0.000000
vt 0.593407 1.000000
vt 0.593407 0.000000
vt 0.598901 1.000000
vt 0.598901 0.000000
vt 0.604396 1.000000
vt 0.604396 0.000000
vt 0.609890 1.000000
vt 0.609890 0.000000
vt 0.615385 1.000000
vt 0.615385 0.000000
vt 0.620879 1.000000
vt 0.620879 0.000000
vt 0.626374 1.000000
vt 0.626374 0.000000
vt 0.631868 1.000000
vt 0.631868 0.000000
vt 0.637363 1.000000
vt 0.637363 0.000000
vt 0.642857 1.000000
vt 0.642857 0.000000
vt 0.648352 1.000000
vt 0.648352 0.000000
vt 0.653846 1.000000
vt 0.653846 0.000000
vt 0.659341 1.000000
vt 0.659341 0.000000
vt 0.664835 1.000000
vt 0.664835 0.000000
vt 0.670330 1.000000
vt 0.670330 0.000000
vt 0.675824 1.000000
vt 0.675824 0.000000
vt 0.681319 1.000000
vt 0.681319 0.000000
vt 0.686813 1.000000
vt 0.686813 0.000000
vt 0.692308 1.000000
vt 0.692308 0.000000
vt 0.697802 1.000000
vt 0.697802 0.000000
vt 0.703297 1.000000
vt 0.703297 0.000000
vt 0.708791 1.000000
vt 0.708791 0.000000
vt 0.714286 1.000000
vt 0.719780 1.000000
vt 0.719780 0.000000
vt 0.725275 1.000000
vt 0.725275 0.000000
vt 0.730769 1.000000
vt 0.730769 0.000000
vt 0.736264 1.000000
vt 0.736264 0.000000
vt 0.741758 1.000000
vt 0.741758 0.000000
vt 0.747253 1.000000
vt 0.747253 0.000000
vt 0.752747 1.000000
vt 0.752747 0.000000
vt 0.758242 1.000000
vt 0.758242 0.000000
vt 0.763736 1.000000
vt 0.763736 0.000000
vt 0.769231 1.000000
vt 0.769231 0.000000
vt 0.774725 1.000000
vt 0.774725 0.000000
vt 0.780220 1.000000
vt 0.780220 0.000000
vt 0.785714 1.000000
vt 0.785714 0.000000
vt 0.791209 1.000000
vt 0.791209 0.000000
vt 0.796703 1.000000
vt 0.796703 0.000000
vt 0.802198 1.000000
vt 0.802198 0.000000
vt 0.807692 1.000000
vt 0.807692 0.000000
vt 0.813187 1.000000
vt 0.813187 0.000000
vt 0.818681 1.000000
vt 0.818681 0.000000
vt 0.824176 1.000000
vt 0.824176 0.000000
vt 0.829670 1.000000
vt 0.829670 0.000000
vt 0.835165 1.000000
vt 0.835165 0.000000
vt 0.840659 1.000000
vt 0.840659 0.000000
vt 0.846154 1.000000
vt 0.846154 0.000000
vt 0.851648 1.000000
vt 0.851648 0.000000
vt 0.857143 1.000000
vt 0.862637 1.000000
vt 0.862637 0.000000
vt 0.868132 1.000000
vt 0.868132 0.000000
vt 0.873626 1.000000
vt 0.873626 0.000000
vt 0.879121 1.000000
vt 0.879121 0.000000
vt 0.884615 1.000000
vt 0.884615 0.000000
vt 0.890110 1.000000
vt 0.890110 0.000000
vt 0.895604 1.000000
vt 0.895604 0.000000
vt 0.901099 1.000000
vt 0.901099 0.000000
vt 0.906593 1.000000
vt 0.906593 0.000000
vt 0.912088 1.000000
vt 0.912088 0.000000
vt 0.917582 1.000000
vt 0.917582 0.000000
vt 0.923077 1.000000
vt 0.923077 0.000000
vt 0.928571 1.000000
vt 0.928571 0.000000
vt 0.934066 1.000000
vt 0.934066 0.000000
vt 0.939560 1.000000
vt 0.939560 0.000000
vt 0.945055 1.000000
vt 0.945055 0.000000
vt 0.950549 1.000000
vt 0.950549 0.000000
vt 0.956044 1.000000
vt 0.956044 0.000000
vt 0.961538 1.000000
vt 0.961538 0.000000
vt 0.967033 1.000000
vt 0.967033 0.000000
vt 0.972527 1.000000
vt 0.972527 0.000000
vt 0.978022 1.000000
vt 0.978022 0.000000
vt 0.983516 1.000000
vt 0.983516 0.000000
vt 0.989011 1.000000
vt 0.989011 0.000000
vt 0.994505 1.000000
vt 0.994505 0.000000
vt 0.020408 1.000000
vt 0.020408 0.000000
vt 0.040816 1.000000
vt 0.040816 0.000000
vt 0.061224 1.000000
vt 0.061224 0.000000
vt 0.081633 1.000000
vt 0.081633 0.000000
vt 0.102041 1.000000
vt 0.102041 0.000000
vt 0.122449 1.000000
vt 0.122449 0.000000
vt 0.163265 1.000000
vt 0.163265 0.000000
vt 0.183673 1.000000
vt 0.183673 0.000000
vt 0.204082 1.000000
vt 0.204082 0.000000
vt 0.224490 1.000000
vt 0.224490 0.000000
vt 0.244898 1.000000
vt 0.244898 0.000000
vt 0.265306 1.000000
vt 0.265306 0.000000
vt 0.306122 1.000000
vt 0.306122 0.000000
vt 0.326531 1.000000
vt 0.326531 0.000000
vt 0.346939 1.000000
vt 0.346939 0.000000
vt 0.367347 1.000000
vt 0.367347 0.000000
vt 0.387755 1.000000
vt 0.387755 0.000000
vt 0.408163 1.000000
vt 0.408163 0.000000
vt 0.448980 1.000000
vt 0.448980 0.000000
vt 0.469388 1.000000
vt 0.469388 0.000000
vt 0.489796 1.000000
vt 0.489796 0.000000
vt 0.510204 1.000000
vt 0.510204 0.000000
vt 0.530612 1.000000
vt 0.530612 0.000000
vt 0.551020 1.000000
vt 0.551020 0.000000
vt 0.591837 1.000000
vt 0.591837 0.000000
vt 0.612245 1.000000
vt 0.612245 0.000000
vt 0.632653 1.000000
vt 0.632653 0.000000
vt 0.653061 1.000000
vt 0.653061 0.000000
vt 0.673469 1.000000
vt 0.673469 0.000000
vt 0.693878 1.000000
vt 0.693878 0.000000
vt 0.734694 1.000000
vt 0.734694 0.000000
vt 0.755102 1.000000
vt 0.755102 0.000000
vt 0.775510 1.000000
vt 0.775510 0.000000
vt 0.795918 1.000000
vt 0.795918 0.000000
vt 0.816327 1.000000
vt 0.816327 0.000000
vt 0.836735 1.000000
vt 0.836735 0.000000
vt 0.877551 1.000000
vt 0.877551 0.000000
vt 0.897959 1.000000
vt 0.897959 0.000000
vt 0.918367 1.000000
vt 0.918367 0.000000
vt 0.938776 1.000000
vt 0.938776 0.000000
vt 0.959184 1.000000
vt 0.959184 0.000000
vt 0.979592 1.000000
vt 0.979592 0.000000
vt 0.003597 1.000000
vt 0.003597 0.000000
vt 0.007194 1.000000
vt 0.007194 0.000000
vt 0.010791 1.000000
vt 0.010791 0.000000
vt 0.014388 1.000000
vt 0.014388 0.000000
vt 0.017986 1.000000
vt 0.017986 0.000000
vt 0.021583 1.000000
vt 0.021583 0.000000
vt 0.025180 1.000000
vt 0.025180 0.000000
vt 0.028777 1.000000
vt 0.028777 0.000000
vt 0.032374 1.000000
vt 0.032374 0.000000
vt 0.035971 1.000000
vt 0.035971 0.000000
vt 0.039568 1.000000
vt 0.039568 0.000000
vt 0.043165 1.000000
vt 0.043165 0.000000
vt 0.046763 1.000000
vt 0.046763 0.000000
vt 0.050360 1.000000
vt 0.050360 0.000000
vt 0.053957 1.000000
vt 0.053957 0.000000
vt 0.057554 1.000000
vt 0.057554 0.000000
vt 0.061151 1.000000
vt 0.061151 0.000000
vt 0.064748 1.000000
vt 0.064748 0.000000
vt 0.068345 1.000000
vt 0.068345 0.000000
vt 0.071942 1.000000
vt 0.071942 0.000000
vt 0.075540 1.000000
vt 0.075540 0.000000
vt 0.079137 1.000000
vt 0.079137 0.000000
vt 0.082734 1.000000
vt 0.082734 0.000000
vt 0.086331 1.000000
vt 0.086331 0.000000
vt 0.089928 1.000000
vt 0.089928 0.000000
vt 0.093525 1.000000
vt 0.093525 0.000000
vt 0.097122 1.000000
vt 0.097122 0.000000
vt 0.100719 1.000000
vt 0.100719 0.000000
vt 0.104317 1.000000
vt 0.104317 0.000000
vt 0.107914 1.000000
vt 0.107914 0.000000
vt 0.111511 1.000000
vt 0.111511 0.000000
vt 0.115108 1.000000
vt 0.115108 0.000000
vt 0.118705 1.000000
vt 0.118705 0.000000
vt 0.122302 1.000000
vt 0.122302 0.000000
vt 0.125899 1.000000
vt 0.125899 0.000000
vt 0.129496 1.000000
vt 0.129496 0.000000
vt 0.133094 1.000000
vt 0.133094 0.000000
vt 0.136691 1.000000
vt 0.136691 0.000000
vt 0.140288 1.000000
vt 0.140288 0.000000
vt 0.143885 1.000000
vt 0.143885 0.000000
vt 0.147482 1.000000
vt 0.147482 0.000000
vt 0.151079 1.000000
vt 0.151079 0.000000
vt 0.154676 1.000000
vt 0.154676 0.000000
vt 0.158273 1.000000
vt 0.158273 0.000000
vt 0.161871 1.000000
vt 0.161871 0.000000
vt 0.165468 1.000000
vt 0.165468 0.000000
vt 0.169065 1.000000
vt 0.169065 0.000000
vt 0.172662 1.000000
vt 0.172662 0.000000
vt 0.176259 1.000000
vt 0.176259 0.000000
vt 0.179856 1.000000
vt 0.179856 0.000000
vt 0.183453 1.000000
vt 0.183453 0.000000
vt 0.187050 1.000000
vt 0.187050 0.000000
vt 0.190647 1.000000
vt 0.190647 0.000000
vt 0.194245 1.000000
vt 0.194245 0.000000
vt 0.197842 1.000000
vt 0.197842 0.000000
vt 0.201439 1.000000
vt 0.201439 0.000000
vt 0.205036 1.000000
vt 0.205036 0.000000
vt 0.208633 1.000000
vt 0.208633 0.000000
vt 0.212230 1.000000
vt 0.212230 0.000000
vt 0.215827 1.000000
vt 0.215827 0.000000
vt 0.219424 1.000000
vt 0.219424 0.000000
vt 0.223022 1.000000
vt 0.223022 0.000000
vt 0.226619 1.000000
vt 0.226619 0.000000
vt 0.230216 1.000000
vt 0.230216 0.000000
vt 0.233813 1.000000
vt 0.233813 0.000000
vt 0.237410 1.000000
vt 0.237410 0.000000
vt 0.241007 1.000000
vt 0.241007 0.000000
vt 0.244604 1.000000
vt 0.244604 0.000000
vt 0.248201 1.000000
vt 0.248201 0.000000
vt 0.251799 1.000000
vt 0.251799 0.000000
vt 0.255396 1.000000
vt 0.255396 0.000000
vt 0.258993 1.000000
vt 0.258993 0.000000
vt 0.262590 1.000000
vt 0.262590 0.000000
vt 0.266187 1.000000
vt 0.266187 0.000000
vt 0.269784 1.000000
vt 0.269784 0.000000
vt 0.273381 1.000000
vt 0.273381 0.000000
vt 0.276978 1.000000
vt 0.276978 0.000000
vt 0.280576 1.000000
vt 0.280576 0.000000
vt 0.284173 1.000000
vt 0.284173 0.000000
vt 0.287770 1.000000
vt 0.287770 0.000000
vt 0.291367 1.000000
vt 0.291367 0.000000
vt 0.294964 1.000000
vt 0.294964 0.000000
vt 0.298561 1.000000
vt 0.298561 0.000000
vt 0.302158 1.000000
vt 0.302158 0.000000
vt 0.305755 1.000000
vt 0.305755 0.000000
vt 0.309353 1.000000
vt 0.309353 0.000000
vt 0.312950 1.000000
vt 0.312950 0.000000
vt 0.316547 1.000000
vt 0.316547 0.000000
vt 0.320144 1.000000
vt 0.320144 0.000000
vt 0.323741 1.000000
vt 0.323741 0.000000
vt 0.327338 1.000000
vt 0.327338 0.000000
vt 0.330935 1.000000
vt 0.330935 0.000000
vt 0.334532 1.000000
vt 0.334532 0.000000
vt 0.338129 1.000000
vt 0.338129 0.000000
vt 0.341727 1.000000
vt 0.341727 0.000000
vt 0.345324 1.000000
vt 0.345324 0.000000
vt 0.348921 1.000000
vt 0.348921 0.000000
vt 0.352518 1.000000
vt 0.352518 0.000000
vt 0.356115 1.000000
vt 0.356115 0.000000
vt 0.359712 1.000000
vt 0.359712 0.000000
vt 0.363309 1.000000
vt 0.363309 0.000000
vt 0.366906 1.000000
vt 0.366906 0.000000
vt 0.370504 1.000000
vt 0.370504 0.000000
vt 0.374101 1.000000
vt 0.374101 0.000000
vt 0.377698 1.000000
vt 0.377698 0.000000
vt 0.381295 1.000000
vt 0.381295 0.000000
vt 0.384892 1.000000
vt 0.384892 0.000000
vt 0.388489 1.000000
vt 0.388489 0.000000
vt 0.392086 1.000000
vt 0.392086 0.000000
vt 0.395683 1.000000
vt 0.395683 0.000000
vt 0.399281 1.000000
vt 0.399281 0.000000
vt 0.402878 1.000000
vt 0.402878 0.000000
vt 0.406475 1.000000
vt 0.406475 0.000000
vt 0.410072 1.000000
vt 0.410072 0.000000
vt 0.413669 1.000000
vt 0.413669 0.000000
vt 0.417266 1.000000
vt 0.417266 0.000000
vt 0.420863 1.000000
vt 0.420863 0.000000
vt 0.424460 1.000000
vt 0.424460 0.000000
vt 0.428058 1.000000
vt 0.428058 0.000000
vt 0.431655 1.000000
vt 0.431655 0.000000
vt 0.435252 1.000000
vt 0.435252 0.000000
vt 0.438849 1.000000
vt 0.438849 0.000000
vt 0.442446 1.000000
vt 0.442446 0.000000
vt 0.446043 1.000000
vt 0.446043 0.000000
vt 0.449640 1.000000
vt 0.449640 0.000000
vt 0.453237 1.000000
vt 0.453237 0.000000
vt 0.456835 1.000000
vt 0.456835 0.000000
vt 0.460432 1.000000
vt 0.460432 0.000000
vt 0.464029 1.000000
vt 0.464029 0.000000
vt 0.467626 1.000000
vt 0.467626 0.000000
vt 0.471223 1.000000
vt 0.471223 0.000000
vt 0.474820 1.000000
vt 0.474820 0.000000
vt 0.478417 1.000000
vt 0.478417 0.000000
vt 0.482014 1.000000
vt 0.482014 0.000000
vt 0.485611 1.000000
vt 0.485611 0.000000
vt 0.489209 1.000000
vt 0.489209 0.000000
vt 0.492806 1.000000
vt 0.492806 0.000000
vt 0.496403 1.000000
vt 0.496403 0.000000
vt 0.503597 1.000000
vt 0.503597 0.000000
vt 0.507194 1.000000
vt 0.507194 0.000000
vt 0.510791 1.000000
vt 0.510791 0.000000
vt 0.514389 1.000000
vt 0.514389 0.000000
vt 0.517986 1.000000
vt 0.517986 0.000000
vt 0.521583 1.000000
vt 0.521583 0.000000
vt 0.525180 1.000000
vt 0.525180 0.000000
vt 0.528777 1.000000
vt 0.528777 0.000000
vt 0.532374 1.000000
vt 0.532374 0.000000
vt 0.535971 1.000000
vt 0.535971 0.000000
vt 0.539568 1.000000
vt 0.539568 0.000000
vt 0.543165 1.000000
vt 0.543165 0.000000
vt 0.546763 1.000000
vt 0.546763 0.000000
vt 0.550360 1.000000
vt 0.550360 0.000000
vt 0.553957 1.000000
vt 0.553957 0.000000
vt 0.557554 1.000000
vt 0.557554 0.000000
vt 0.561151 1.000000
vt 0.561151 0.000000
vt 0.564748 1.000000
vt 0.564748 0.000000
vt 0.568345 1.000000
vt 0.568345 0.000000
vt 0.571942 1.000000
vt 0.571942 0.000000
vt 0.575540 1.000000
vt 0.575540 0.000000
vt 0.579137 1.000000
vt 0.579137 0.000000
vt 0.582734 1.000000
vt 0.582734 0.000000
vt 0.586331 1.000000
vt 0.586331 0.000000
vt 0.589928 1.000000
vt 0.589928 0.000000
vt 0.593525 1.000000
vt 0.593525 0.000000
vt 0.597122 1.000000
vt 0.597122 0.000000
vt 0.600719 1.000000
vt 0.600719 0.000000
vt 0.604317 1.000000
vt 0.604317 0.000000
vt 0.607914 1.000000
vt 0.607914 0.000000
vt 0.611511 1.000000
vt 0.611511 0.000000
vt 0.615108 1.000000
vt 0.615108 0.000000
vt 0.618705 1.000000
vt 0.618705 0.000000
vt 0.622302 1.000000
vt 0.622302 0.000000
vt 0.625899 1.000000
vt 0.625899 0.000000
vt 0.629496 1.000000
vt 0.629496 0.000000
vt 0.633094 1.000000
vt 0.633094 0.000000
vt 0.636691 1.000000
vt 0.636691 0.000000
vt 0.640288 1.000000
vt 0.640288 0.000000
vt 0.643885 1.000000
vt 0.643885 0.000000
vt 0.647482 1.000000
vt 0.647482 0.000000
vt 0.651079 1.000000
vt 0.651079 0.000000
vt 0.654676 1.000000
vt 0.654676 0.000000
vt 0.658273 1.000000
vt 0.658273 0.000000
vt 0.661870 1.000000
vt 0.661870 0.000000
vt 0.665468 1.000000
vt 0.665468 0.000000
vt 0.669065 1.000000
vt 0.669065 0.000000
vt 0.672662 1.000000
vt 0.672662 0.000000
vt 0.676259 1.000000
vt 0.676259 0.000000
vt 0.679856 1.000000
vt 0.679856 0.000000
vt 0.683453 1.000000
vt 0.683453 0.000000
vt 0.687050 1.000000
vt 0.687050 0.000000
vt 0.690647 1.000000
vt 0.690647 0.000000
vt 0.694245 1.000000
vt 0.694245 0.000000
vt 0.697842 1.000000
vt 0.697842 0.000000
vt 0.701439 1.000000
vt 0.701439 0.000000
vt 0.705036 1.000000
vt 0.705036 0.000000
vt 0.708633 1.000000
vt 0.708633 0.000000
vt 0.712230 1.000000
vt 0.712230 0.000000
vt 0.715827 1.000000
vt 0.715827 0.000000
vt 0.719424 1.000000
vt 0.719424 0.000000
vt 0.723022 1.000000
vt 0.723022 0.000000
vt 0.726619 1.000000
vt 0.726619 0.000000
vt 0.730216 1.000000
vt 0.730216 0.000000
vt 0.733813 1.000000
vt 0.733813 0.000000
vt 0.737410 1.000000
vt 0.737410 0.000000
vt 0.741007 1.000000
vt 0.741007 0.000000
vt 0.744604 1.000000
vt 0.744604 0.000000
vt 0.748201 1.000000
vt 0.748201 0.000000
vt 0.751799 1.000000
vt 0.751799 0.000000
vt 0.755396 1.000000
vt 0.755396 0.000000
vt 0.758993 1.000000
vt 0.758993 0.000000
vt 0.762590 1.000000
vt 0.762590 0.000000
vt 0.766187 1.000000
vt 0.766187 0.000000
vt 0.769784 1.000000
vt 0.769784 0.000000
vt 0.773381 1.000000
vt 0.773381 0.000000
vt 0.776978 1.000000
vt 0.776978 0.000000
vt 0.780576 1.000000
vt 0.780576 0.000000
vt 0.784173 1.000000
vt 0.784173 0.000000
vt 0.787770 1.000000
vt 0.787770 0.000000
vt 0.791367 1.000000
vt 0.791367 0.000000
vt 0.794964 1.000000
vt 0.794964 0.000000
vt 0.798561 1.000000
vt 0.798561 0.000000
vt 0.802158 1.000000
vt 0.802158 0.000000
vt 0.805755 1.000000
vt 0.805755 0.000000
vt 0.809353 1.000000
vt 0.809353 0.000000
vt 0.812950 1.000000
vt 0.812950 0.000000
vt 0.816547 1.000000
vt 0.816547 0.000000
vt 0.820144 1.000000
vt 0.820144 0.000000
vt 0.823741 1.000000
vt 0.823741 0.000000
vt 0.827338 1.000000
vt 0.827338 0.000000
vt 0.830935 1.000000
vt 0.830935 0.000000
vt 0.834532 1.000000
vt 0.834532 0.000000
vt 0.838130 1.000000
vt 0.838130 0.000000
vt 0.841727 1.000000
vt 0.841727 0.000000
vt 0.845324 1.000000
vt 0.845324 0.000000
vt 0.848921 1.000000
vt 0.848921 0.000000
vt 0.852518 1.000000
vt 0.852518 0.000000
vt 0.856115 1.000000
vt 0.856115 0.000000
vt 0.859712 1.000000
vt 0.859712 0.000000
vt 0.863309 1.000000
vt 0.863309 0.000000
vt 0.866906 1.000000
vt 0.866906 0.000000
vt 0.870504 1.000000
vt 0.870504 0.000000
vt 0.874101 1.000000
vt 0.874101 0.000000
vt 0.877698 1.000000
vt 0.877698 0.000000
vt 0.881295 1.000000
vt 0.881295 0.000000
vt 0.884892 1.000000
vt 0.884892 0.000000
vt 0.888489 1.000000
vt 0.888489 0.000000
vt 0.892086 1.000000
vt 0.892086 0.000000
vt 0.895683 1.000000
vt 0.895683 0.000000
vt 0.899281 1.000000
vt 0.899281 0.000000
vt 0.902878 1.000000
vt 0.902878 0.000000
vt 0.906475 1.000000
vt 0.906475 0.000000
vt 0.910072 1.000000
vt 0.910072 0.000000
vt 0.913669 1.000000
vt 0.913669 0.000000
vt 0.917266 1.000000
vt 0.917266 0.000000
vt 0.920863 1.000000
vt 0.920863 0.000000
vt 0.924460 1.000000
vt 0.924460 0.000000
vt 0.928058 1.000000
vt 0.928058 0.000000
vt 0.931655 1.000000
vt 0.931655 0.000000
vt 0.935252 1.000000
vt 0.935252 0.000000
vt 0.938849 1.000000
vt 0.938849 0.000000
vt 0.942446 1.000000
vt 0.942446 0.000000
vt 0.946043 1.000000
vt 0.946043 0.000000
vt 0.949640 1.000000
vt 0.949640 0.000000
vt 0.953237 1.000000
vt 0.953237 0.000000
vt 0.956835 1.000000
vt 0.956835 0.000000
vt 0.960432 1.000000
vt 0.960432 0.000000
vt 0.964029 1.000000
vt 0.964029 0.000000
vt 0.967626 1.000000
vt 0.967626 0.000000
vt 0.971223 1.000000
vt 0.971223 0.000000
vt 0.974820 1.000000
vt 0.974820 0.000000
vt 0.978417 1.000000
vt 0.978417 0.000000
vt 0.982014 1.000000
vt 0.982014 0.000000
vt 0.985611 1.000000
vt 0.985611 0.000000
vt 0.989209 1.000000
vt 0.989209 0.000000
vt 0.992806 1.000000
vt 0.992806 0.000000
vt 0.996403 1.000000
vt 0.996403 0.000000
s 0
f 144/1/1 146/2/1 145/3/1
f 143/4/1 146/2/1 144/1/1
f 99/5/1 101/6/1 100/7/1
f 99/5/1 102/8/1 101/6/1
f 98/9/1 102/8/1 99/5/1
f 98/9/1 103/10/1 102/8/1
f 143/4/1 147/11/1 146/2/1
f 97/12/1 103/10/1 98/9/1
f 142/13/1 147/11/1 143/4/1
f 97/12/1 104/14/1 103/10/1
f 97/12/1 105/15/1 104/14/1
f 96/16/1 105/15/1 97/12/1
f 141/17/1 147/11/1 142/13/1
f 96/16/1 106/18/1 105/15/1
f 95/19/1 106/18/1 96/16/1
f 95/19/1 107/20/1 106/18/1
f 141/17/1 148/21/1 147/11/1
f 140/22/1 148/21/1 141/17/1
f 94/23/1 107/20/1 95/19/1
f 94/23/1 108/24/1 107/20/1
f 93/25/1 108/24/1 94/23/1
f 93/25/1 109/26/1 108/24/1
f 139/27/1 148/21/1 140/22/1
f 92/28/1 109/26/1 93/25/1
f 92/28/1 110/29/1 109/26/1
f 139/27/1 149/30/1 148/21/1
f 91/31/1 110/29/1 92/28/1
f 91/31/1 111/32/1 110/29/1
f 90/33/1 111/32/1 91/31/1
f 138/34/1 149/30/1 139/27/1
f 90/33/1 112/35/1 111/32/1
f 90/33/1 113/36/1 112/35/1
f 89/37/1 113/36/1 90/33/1
f 89/37/1 114/38/1 113/36/1
f 88/39/1 114/38/1 89/37/1
f 87/40/1 114/38/1 88/39/1
f 87/40/1 115/41/1 114/38/1
f 86/42/1 115/41/1 87/40/1
f 86/42/1 116/43/1 115/41/1
f 71/44/1 73/45/1 72/46/1
f 137/47/1 149/30/1 138/34/1
f 71/44/1 74/48/1 73/45/1
f 85/49/1 116/43/1 86/42/1
f 70/50/1 74/48/1 71/44/1
f 70/50/1 75/51/1 74/48/1
f 84/52/1 116/43/1 85/49/1
f 70/50/1 76/53/1 75/51/1
f 69/54/1 76/53/1 70/50/1
f 84/52/1 117/55/1 116/43/1
f 137/47/1 150/56/1 149/30/1
f 69/54/1 77/57/1 76/53/1
f 83/58/1 117/55/1 84/52/1
f 69/54/1 78/59/1 77/57/1
f 68/60/1 78/59/1 69/54/1
f 68/60/1 79/61/1 78/59/1
f 82/62/1 117/55/1 83/58/1
f 82/62/1 118/63/1 117/55/1
f 68/60/1 80/64/1 79/61/1
f 81/65/1 118/63/1 82/62/1
f 68/60/1 81/65/1 80/64/1
f 68/60/1 118/63/1 81/65/1
f 67/66/1 118/63/1 68/60/1
f 67/66/1 119/67/1 118/63/1
f 66/68/1 119/67/1 67/66/1
f 66/68/1 120/69/1 119/67/1
f 136/70/1 150/56/1 137/47/1
f 66/68/1 121/71/1 120/69/1
f 65/72/1 121/71/1 66/68/1
f 65/72/1 122/73/1 121/71/1
f 64/74/1 122/73/1 65/72/1
f 64/74/1 123/75/1 122/73/1
f 63/76/1 123/75/1 64/74/1
f 136/70/1 151/77/1 150/56/1
f 63/76/1 124/78/1 123/75/1
f 135/79/1 205/80/1 136/70/1
f 205/80/1 151/77/1 136/70/1
f 62/81/1 124/78/1 63/76/1
f 62/81/1 125/82/1 124/78/1
f 61/83/1 125/82/1 62/81/1
f 61/83/1 126/84/1 125/82/1
f 61/83/1 127/85/1 126/84/1
f 60/86/1 127/85/1 61/83/1
f 134/87/1 206/88/1 135/79/1
f 206/88/1 205/80/1 135/79/1
f 60/86/1 128/89/1 127/85/1
f 204/90/1 151/77/1 205/80/1
f 59/91/1 128/89/1 60/86/1
f 203/92/1 151/77/1 204/90/1
f 134/87/1 207/93/1 206/88/1
f 203/92/1 152/94/1 151/77/1
f 202/95/1 152/94/1 203/92/1
f 59/91/1 129/96/1 128/89/1
f 58/97/1 129/96/1 59/91/1
f 134/87/1 208/98/1 207/93/1
f 201/99/1 152/94/1 202/95/1
f 58/97/1 130/100/1 129/96/1
f 57/101/1 130/100/1 58/97/1
f 200/102/1 152/94/1 201/99/1
f 134/87/1 209/103/1 208/98/1
f 57/101/1 131/104/1 130/100/1
f 56/105/1 131/104/1 57/101/1
f 133/106/1 209/103/1 134/87/1
f 199/107/1 152/94/1 200/102/1
f 55/108/1 131/104/1 56/105/1
f 55/108/1 132/109/1 131/104/1
f 54/110/1 132/109/1 55/108/1
f 133/106/1 210/111/1 209/103/1
f 53/112/1 132/109/1 54/110/1
f 198/113/1 152/94/1 199/107/1
f 53/112/1 133/106/1 132/109/1
f 198/113/1 153/114/1 152/94/1
f 52/115/1 133/106/1 53/112/1
f 51/116/1 133/106/1 52/115/1
f 50/117/1 133/106/1 51/116/1
f 49/118/1 133/106/1 50/117/1
f 197/119/1 153/114/1 198/113/1
f 48/120/1 133/106/1 49/118/1
f 47/121/1 133/106/1 48/120/1
f 46/122/1 133/106/1 47/121/1
f 46/122/1 210/111/1 133/106/1
f 45/123/1 210/111/1 46/122/1
f 44/124/1 210/111/1 45/123/1
f 44/124/1 211/125/1 210/111/1
f 43/126/1 211/125/1 44/124/1
f 196/127/1 153/114/1 197/119/1
f 42/128/1 211/125/1 43/126/1
f 41/129/1 211/125/1 42/128/1
f 195/130/1 153/114/1 196/127/1
f 40/131/1 211/125/1 41/129/1
f 195/130/1 154/132/1 153/114/1
f 194/133/1 154/132/1 195/130/1
f 40/131/1 212/134/1 211/125/1
f 39/135/1 212/134/1 40/131/1
f 193/136/1 154/132/1 194/133/1
f 38/137/1 212/134/1 39/135/1
f 192/138/1 154/132/1 193/136/1
f 191/139/1 154/132/1 192/138/1
f 37/140/1 212/134/1 38/137/1
f 37/140/1 213/141/1 212/134/1
f 191/139/1 155/142/1 154/132/1
f 190/143/1 155/142/1 191/139/1
f 189/144/1 155/142/1 190/143/1
f 36/145/1 214/146/1 37/140/1
f 214/146/1 213/141/1 37/140/1
f 188/147/1 155/142/1 189/144/1
f 187/148/1 155/142/1 188/147/1
f 186/149/1 155/142/1 187/148/1
f 186/149/1 156/150/1 155/142/1
f 185/151/1 156/150/1 186/149/1
f 184/152/1 156/150/1 185/151/1
f 183/153/1 156/150/1 184/152/1
f 36/145/1 215/154/1 214/146/1
f 182/155/1 156/150/1 183/153/1
f 182/155/1 157/156/1 156/150/1
f 181/157/1 157/156/1 182/155/1
f 180/158/1 157/156/1 181/157/1
f 179/159/1 157/156/1 180/158/1
f 36/145/1 216/160/1 215/154/1
f 179/159/1 158/161/1 157/156/1
f 178/162/1 158/161/1 179/159/1
f 178/162/1 159/163/1 158/161/1
f 177/164/1 159/163/1 178/162/1
f 177/164/1 160/165/1 159/163/1
f 176/166/1 160/165/1 177/164/1
f 36/145/1 217/167/1 216/160/1
f 176/166/1 161/168/1 160/165/1
f 175/169/1 161/168/1 176/166/1
f 175/169/1 162/170/1 161/168/1
f 174/171/1 162/170/1 175/169/1
f 174/171/1 163/172/1 162/170/1
f 173/173/1 163/172/1 174/171/1
f 173/173/1 164/174/1 163/172/1
f 172/175/1 164/174/1 173/173/1
f 172/175/1 165/176/1 164/174/1
f 172/175/1 166/177/1 165/176/1
f 36/145/1 218/178/1 217/167/1
f 171/179/1 166/177/1 172/175/1
f 171/179/1 167/180/1 166/177/1
f 170/181/1 167/180/1 171/179/1
f 170/181/1 168/182/1 167/180/1
f 169/183/1 168/182/1 170/181/1
f 35/184/1 218/178/1 36/145/1
f 35/184/1 219/185/1 218/178/1
f 34/186/1 219/185/1 35/184/1
f 34/186/1 220/187/1 219/185/1
f 33/188/1 220/187/1 34/186/1
f 33/188/1 221/189/1 220/187/1
f 32/190/1 221/189/1 33/188/1
f 32/190/1 222/191/1 221/189/1
f 31/192/1 222/191/1 32/190/1
f 31/192/1 223/193/1 222/191/1
f 30/194/1 223/193/1 31/192/1
f 30/194/1 224/195/1 223/193/1
f 29/196/1 224/195/1 30/194/1
f 29/196/1 225/197/1 224/195/1
f 28/198/1 225/197/1 29/196/1
f 28/198/1 226/199/1 225/197/1
f 27/200/1 226/199/1 28/198/1
f 27/200/1 227/201/1 226/199/1
f 26/202/1 227/201/1 27/200/1
f 26/202/1 228/203/1 227/201/1
f 25/204/1 228/203/1 26/202/1
f 25/204/1 229/205/1 228/203/1
f 24/206/1 229/205/1 25/204/1
f 24/206/1 230/207/1 229/205/1
f 23/208/1 230/207/1 24/206/1
f 23/208/1 231/209/1 230/207/1
f 22/210/1 231/209/1 23/208/1
f 22/210/1 232/211/1 231/209/1
f 21/212/1 232/211/1 22/210/1
f 21/212/1 233/213/1 232/211/1
f 20/214/1 233/213/1 21/212/1
f 20/214/1 234/215/1 233/213/1
f 19/216/1 234/215/1 20/214/1
f 19/216/1 235/217/1 234/215/1
f 18/218/1 235/217/1 19/216/1
f 18/218/1 236/219/1 235/217/1
f 17/220/1 236/219/1 18/218/1
f 17/220/1 237/221/1 236/219/1
f 16/222/1 237/221/1 17/220/1
f 16/222/1 238/223/1 237/221/1
f 15/224/1 238/223/1 16/222/1
f 15/224/1 239/225/1 238/223/1
f 14/226/1 239/225/1 15/224/1
f 14/226/1 240/227/1 239/225/1
f 13/228/1 240/227/1 14/226/1
f 13/228/1 241/229/1 240/227/1
f 12/230/1 241/229/1 13/228/1
f 12/230/1 242/231/1 241/229/1
f 11/232/1 242/231/1 12/230/1
f 11/232/1 243/233/1 242/231/1
f 11/232/1 244/234/1 243/233/1
f 10/235/1 244/234/1 11/232/1
f 10/235/1 245/236/1 244/234/1
f 9/237/1 245/236/1 10/235/1
f 9/237/1 246/238/1 245/236/1
f 8/239/1 246/238/1 9/237/1
f 8/239/1 247/240/1 246/238/1
f 7/241/1 247/240/1 8/239/1
f 7/241/1 248/242/1 247/240/1
f 6/243/1 248/242/1 7/241/1
f 6/243/1 249/244/1 248/242/1
f 5/245/1 249/244/1 6/243/1
f 5/245/1 250/246/1 249/244/1
f 4/247/1 266/248/1 5/245/1
f 266/248/1 250/246/1 5/245/1
f 4/247/1 267/249/1 266/248/1
f 265/250/1 250/246/1 266/248/1
f 4/247/1 268/251/1 267/249/1
f 264/252/1 250/246/1 265/250/1
f 4/247/1 269/253/1 268/251/1
f 263/254/1 250/246/1 264/252/1
f 4/247/1 270/255/1 269/253/1
f 262/256/1 250/246/1 263/254/1
f 262/256/1 251/257/1 250/246/1
f 3/258/1 270/255/1 4/247/1
f 3/258/1 271/259/1 270/255/1
f 261/260/1 251/257/1 262/256/1
f 3/258/1 272/261/1 271/259/1
f 260/262/1 251/257/1 261/260/1
f 3/258/1 273/263/1 272/261/1
f 259/264/1 251/257/1 260/262/1
f 3/258/1 274/265/1 273/263/1
f 258/266/1 251/257/1 259/264/1
f 258/266/1 252/267/1 251/257/1
f 2/268/1 274/265/1 3/258/1
f 2/268/1 275/269/1 274/265/1
f 257/270/1 252/267/1 258/266/1
f 2/268/1 276/271/1 275/269/1
f 256/272/1 252/267/1 257/270/1
f 2/268/1 277/273/1 276/271/1
f 255/274/1 252/267/1 256/272/1
f 255/274/1 253/275/1 252/267/1
f 1/276/1 277/273/1 2/268/1
f 1/276/1 278/277/1 277/273/1
f 254/278/1 253/275/1 255/274/1
f 350/279/1 352/280/1 351/281/1
f 349/282/1 352/280/1 350/279/1
f 349/282/1 353/283/1 352/280/1
f 348/284/1 353/283/1 349/282/1
f 348/284/1 354/285/1 353/283/1
f 347/286/1 354/285/1 348/284/1
f 347/286/1 355/287/1 354/285/1
f 346/288/1 355/287/1 347/286/1
f 346/288/1 356/289/1 355/287/1
f 345/290/1 292/291/1 346/288/1
f 292/291/1 291/292/1 346/288/1
f 291/292/1 356/289/1 346/288/1
f 291/292/1 290/293/1 356/289/1
f 290/293/1 357/294/1 356/289/1
f 345/290/1 293/295/1 292/291/1
f 289/296/1 357/294/1 290/293/1
f 345/290/1 294/297/1 293/295/1
f 288/298/1 357/294/1 289/296/1
f 345/290/1 295/299/1 294/297/1
f 287/300/1 357/294/1 288/298/1
f 345/290/1 296/301/1 295/299/1
f 286/302/1 357/294/1 287/300/1
f 345/290/1 297/303/1 296/301/1
f 344/304/1 297/303/1 345/290/1
f 344/304/1 298/305/1 297/303/1
f 285/306/1 357/294/1 286/302/1
f 285/306/1 358/307/1 357/294/1
f 344/304/1 299/308/1 298/305/1
f 344/304/1 300/309/1 299/308/1
f 284/310/1 358/307/1 285/306/1
f 344/304/1 301/311/1 300/309/1
f 343/312/1 301/311/1 344/304/1
f 343/312/1 302/313/1 301/311/1
f 284/310/1 359/314/1 358/307/1
f 283/315/1 359/314/1 284/310/1
f 343/312/1 303/316/1 302/313/1
f 343/312/1 304/317/1 303/316/1
f 343/312/1 305/318/1 304/317/1
f 343/312/1 306/319/1 305/318/1
f 342/320/1 306/319/1 343/312/1
f 282/321/1 359/314/1 283/315/1
f 342/320/1 307/322/1 306/319/1
f 282/321/1 360/323/1 359/314/1
f 342/320/1 308/324/1 307/322/1
f 342/320/1 309/325/1 308/324/1
f 342/320/1 310/326/1 309/325/1
f 281/327/1 360/323/1 282/321/1
f 341/328/1 310/326/1 342/320/1
f 341/328/1 311/329/1 310/326/1
f 341/328/1 312/330/1 311/329/1
f 281/327/1 361/331/1 360/323/1
f 341/328/1 313/332/1 312/330/1
f 341/328/1 314/333/1 313/332/1
f 280/334/1 361/331/1 281/327/1
f 340/335/1 314/333/1 341/328/1
f 340/335/1 315/336/1 314/333/1
f 340/335/1 316/337/1 315/336/1
f 280/334/1 362/338/1 361/331/1
f 340/335/1 317/339/1 316/337/1
f 339/340/1 317/339/1 340/335/1
f 279/276/1 362/338/1 280/334/1
f 339/340/1 318/341/1 317/339/1
f 279/276/1 363/342/1 362/338/1
f 339/340/1 319/343/1 318/341/1
f 338/344/1 319/343/1 339/340/1
f 338/344/1 320/345/1 319/343/1
f 337/346/1 320/345/1 338/344/1
f 336/347/1 320/345/1 337/346/1
f 336/347/1 321/348/1 320/345/1
f 460/349/1 363/342/1 279/276/1
f 460/349/1 364/350/1 363/342/1
f 335/351/1 321/348/1 336/347/1
f 335/351/1 322/352/1 321/348/1
f 334/353/1 322/352/1 335/351/1
f 334/353/1 323/354/1 322/352/1
f 333/355/1 323/354/1 334/353/1
f 332/356/1 323/354/1 333/355/1
f 332/356/1 324/357/1 323/354/1
f 331/358/1 324/357/1 332/356/1
f 331/358/1 325/359/1 324/357/1
f 330/360/1 325/359/1 331/358/1
f 329/361/1 325/359/1 330/360/1
f 329/361/1 326/362/1 325/359/1
f 328/363/1 326/362/1 329/361/1
f 328/363/1 327/364/1 326/362/1
f 458/365/1 460/349/1 459/366/1
f 457/367/1 460/349/1 458/365/1
f 457/367/1 461/368/1 460/349/1
f 461/368/1 364/350/1 460/349/1
f 456/369/1 461/368/1 457/367/1
f 455/370/1 461/368/1 456/369/1
f 454/371/1 461/368/1 455/370/1
f 453/372/1 462/373/1 454/371/1
f 462/373/1 461/368/1 454/371/1
f 453/372/1 463/374/1 462/373/1
f 453/372/1 464/375/1 463/374/1
f 509/277/1 364/350/1 461/368/1
f 452/376/1 464/375/1 453/372/1
f 452/376/1 465/377/1 464/375/1
f 452/376/1 466/378/1 465/377/1
f 452/376/1 467/379/1 466/378/1
f 451/380/1 467/379/1 452/376/1
f 451/380/1 468/381/1 467/379/1
f 451/380/1 469/382/1 468/381/1
f 450/383/1 469/382/1 451/380/1
f 450/383/1 470/384/1 469/382/1
f 450/383/1 471/385/1 470/384/1
f 449/386/1 471/385/1 450/383/1
f 508/387/1 364/350/1 509/277/1
f 508/387/1 365/388/1 364/350/1
f 507/389/1 365/388/1 508/387/1
f 506/390/1 365/388/1 507/389/1
f 505/391/1 365/388/1 506/390/1
f 504/392/1 365/388/1 505/391/1
f 503/393/1 365/388/1 504/392/1
f 502/394/1 365/388/1 503/393/1
f 449/386/1 472/395/1 471/385/1
f 501/396/1 365/388/1 502/394/1
f 500/397/1 365/388/1 501/396/1
f 500/397/1 366/398/1 365/388/1
f 499/399/1 366/398/1 500/397/1
f 498/400/1 366/398/1 499/399/1
f 497/401/1 366/398/1 498/400/1
f 496/402/1 366/398/1 497/401/1
f 448/403/1 472/395/1 449/386/1
f 448/403/1 473/404/1 472/395/1
f 496/402/1 367/405/1 366/398/1
f 495/406/1 367/405/1 496/402/1
f 448/403/1 474/407/1 473/404/1
f 495/406/1 368/408/1 367/405/1
f 447/409/1 474/407/1 448/403/1
f 447/409/1 475/410/1 474/407/1
f 494/411/1 368/408/1 495/406/1
f 494/411/1 369/412/1 368/408/1
f 447/409/1 476/413/1 475/410/1
f 493/414/1 369/412/1 494/411/1
f 493/414/1 370/415/1 369/412/1
f 447/409/1 477/416/1 476/413/1
f 446/417/1 477/416/1 447/409/1
f 492/418/1 370/415/1 493/414/1
f 492/418/1 371/419/1 370/415/1
f 446/417/1 478/420/1 477/416/1
f 492/418/1 372/421/1 371/419/1
f 491/422/1 372/421/1 492/418/1
f 379/423/1 381/424/1 380/425/1
f 378/426/1 381/424/1 379/423/1
f 446/417/1 479/427/1 478/420/1
f 378/426/1 382/428/1 381/424/1
f 491/422/1 373/429/1 372/421/1
f 377/430/1 382/428/1 378/426/1
f 377/430/1 383/431/1 382/428/1
f 376/432/1 383/431/1 377/430/1
f 376/432/1 384/433/1 383/431/1
f 445/434/1 479/427/1 446/417/1
f 375/435/1 384/433/1 376/432/1
f 375/435/1 385/436/1 384/433/1
f 491/422/1 374/437/1 373/429/1
f 375/435/1 386/438/1 385/436/1
f 374/437/1 386/438/1 375/435/1
f 491/422/1 386/438/1 374/437/1
f 490/439/1 386/438/1 491/422/1
f 490/439/1 387/440/1 386/438/1
f 445/434/1 480/441/1 479/427/1
f 490/439/1 388/442/1 387/440/1
f 490/439/1 389/443/1 388/442/1
f 489/444/1 389/443/1 490/439/1
f 445/434/1 481/445/1 480/441/1
f 489/444/1 424/446/1 389/443/1
f 424/446/1 390/447/1 389/443/1
f 424/446/1 391/448/1 390/447/1
f 489/444/1 425/449/1 424/446/1
f 423/450/1 391/448/1 424/446/1
f 488/451/1 425/449/1 489/444/1
f 445/434/1 482/452/1 481/445/1
f 444/453/1 482/452/1 445/434/1
f 423/450/1 392/454/1 391/448/1
f 487/455/1 425/449/1 488/451/1
f 444/453/1 483/456/1 482/452/1
f 423/450/1 393/457/1 392/454/1
f 422/458/1 393/457/1 423/450/1
f 444/453/1 484/459/1 483/456/1
f 486/460/1 425/449/1 487/455/1
f 422/458/1 394/461/1 393/457/1
f 444/453/1 485/462/1 484/459/1
f 485/462/1 425/449/1 486/460/1
f 444/453/1 425/449/1 485/462/1
f 444/453/1 426/463/1 425/449/1
f 422/458/1 395/464/1 394/461/1
f 421/465/1 395/464/1 422/458/1
f 421/465/1 396/466/1 395/464/1
f 443/467/1 426/463/1 444/453/1
f 420/468/1 396/466/1 421/465/1
f 420/468/1 397/469/1 396/466/1
f 443/467/1 427/470/1 426/463/1
f 420/468/1 398/471/1 397/469/1
f 419/472/1 398/471/1 420/468/1
f 419/472/1 399/473/1 398/471/1
f 419/472/1 400/474/1 399/473/1
f 418/475/1 400/474/1 419/472/1
f 442/476/1 427/470/1 443/467/1
f 442/476/1 428/477/1 427/470/1
f 418/475/1 401/478/1 400/474/1
f 417/479/1 401/478/1 418/475/1
f 442/476/1 429/480/1 428/477/1
f 416/481/1 401/478/1 417/479/1
f 416/481/1 402/482/1 401/478/1
f 441/483/1 429/480/1 442/476/1
f 415/484/1 402/482/1 416/481/1
f 441/483/1 430/485/1 429/480/1
f 414/486/1 402/482/1 415/484/1
f 414/486/1 403/487/1 402/482/1
f 440/488/1 430/485/1 441/483/1
f 413/489/1 403/487/1 414/486/1
f 440/488/1 431/490/1 430/485/1
f 413/489/1 404/491/1 403/487/1
f 412/492/1 404/491/1 413/489/1
f 439/493/1 431/490/1 440/488/1
f 411/494/1 404/491/1 412/492/1
f 439/493/1 432/495/1 431/490/1
f 411/494/1 405/496/1 404/491/1
f 410/497/1 405/496/1 411/494/1
f 410/497/1 406/498/1 405/496/1
f 439/493/1 433/499/1 432/495/1
f 438/500/1 433/499/1 439/493/1
f 409/501/1 406/498/1 410/497/1
f 409/501/1 407/502/1 406/498/1
f 408/503/1 407/502/1 409/501/1
f 438/500/1 434/504/1 433/499/1
f 437/505/1 434/504/1 438/500/1
f 437/505/1 435/506/1 434/504/1
f 436/507/1 435/506/1 437/505/1
f 592/508/1 594/509/1 593/510/1
f 592/508/1 595/511/1 594/509/1
f 591/512/1 595/511/1 592/508/1
f 591/512/1 596/513/1 595/511/1
f 590/514/1 596/513/1 591/512/1
f 590/514/1 597/515/1 596/513/1
f 589/516/1 597/515/1 590/514/1
f 589/516/1 598/517/1 597/515/1
f 588/518/1 598/517/1 589/516/1
f 588/518/1 631/519/1 598/517/1
f 631/519/1 599/520/1 598/517/1
f 587/521/1 632/522/1 588/518/1
f 632/522/1 631/519/1 588/518/1
f 630/523/1 599/520/1 631/519/1
f 629/524/1 599/520/1 630/523/1
f 587/521/1 633/525/1 632/522/1
f 628/526/1 599/520/1 629/524/1
f 587/521/1 634/527/1 633/525/1
f 627/528/1 599/520/1 628/526/1
f 627/528/1 600/529/1 599/520/1
f 587/521/1 635/530/1 634/527/1
f 626/531/1 600/529/1 627/528/1
f 586/532/1 635/530/1 587/521/1
f 586/532/1 636/533/1 635/530/1
f 625/534/1 600/529/1 626/531/1
f 586/532/1 637/535/1 636/533/1
f 625/534/1 601/536/1 600/529/1
f 624/537/1 601/536/1 625/534/1
f 586/532/1 638/538/1 637/535/1
f 623/539/1 601/536/1 624/537/1
f 585/540/1 638/538/1 586/532/1
f 622/541/1 601/536/1 623/539/1
f 585/540/1 639/542/1 638/538/1
f 622/541/1 602/543/1 601/536/1
f 621/544/1 602/543/1 622/541/1
f 585/540/1 640/545/1 639/542/1
f 584/546/1 640/545/1 585/540/1
f 620/547/1 602/543/1 621/544/1
f 620/547/1 603/548/1 602/543/1
f 584/546/1 641/549/1 640/545/1
f 619/550/1 603/548/1 620/547/1
f 583/551/1 641/549/1 584/546/1
f 583/551/1 642/552/1 641/549/1
f 618/553/1 603/548/1 619/550/1
f 617/554/1 603/548/1 618/553/1
f 617/554/1 604/555/1 603/548/1
f 616/556/1 604/555/1 617/554/1
f 583/551/1 643/277/1 642/552/1
f 615/557/1 604/555/1 616/556/1
f 614/558/1 604/555/1 615/557/1
f 613/559/1 604/555/1 614/558/1
f 612/560/1 604/555/1 613/559/1
f 582/561/1 643/277/1 583/551/1
f 611/562/1 604/555/1 612/560/1
f 610/563/1 604/555/1 611/562/1
f 609/564/1 604/555/1 610/563/1
f 608/565/1 604/555/1 609/564/1
f 607/566/1 604/555/1 608/565/1
f 582/561/1 607/566/1 643/277/1
f 582/561/1 604/555/1 607/566/1
f 582/561/1 605/567/1 604/555/1
f 581/568/1 606/569/1 582/561/1
f 606/569/1 605/567/1 582/561/1
f 581/568/1 510/276/1 606/569/1
f 580/570/1 510/276/1 581/568/1
f 580/570/1 511/571/1 510/276/1
f 579/572/1 511/571/1 580/570/1
f 579/572/1 512/573/1 511/571/1
f 578/574/1 512/573/1 579/572/1
f 578/574/1 513/575/1 512/573/1
f 541/576/1 543/577/1 542/578/1
f 541/576/1 544/579/1 543/577/1
f 540/580/1 544/579/1 541/576/1
f 539/581/1 544/579/1 540/580/1
f 539/581/1 545/582/1 544/579/1
f 538/583/1 545/582/1 539/581/1
f 538/583/1 546/584/1 545/582/1
f 537/585/1 546/584/1 538/583/1
f 537/585/1 547/586/1 546/584/1
f 537/585/1 548/587/1 547/586/1
f 536/588/1 548/587/1 537/585/1
f 536/588/1 549/589/1 548/587/1
f 535/590/1 549/589/1 536/588/1
f 535/590/1 550/591/1 549/589/1
f 534/592/1 550/591/1 535/590/1
f 534/592/1 551/593/1 550/591/1
f 533/594/1 551/593/1 534/592/1
f 533/594/1 552/595/1 551/593/1
f 532/596/1 552/595/1 533/594/1
f 532/596/1 553/597/1 552/595/1
f 577/598/1 513/575/1 578/574/1
f 532/596/1 554/599/1 553/597/1
f 577/598/1 514/600/1 513/575/1
f 532/596/1 555/601/1 554/599/1
f 532/596/1 556/602/1 555/601/1
f 532/596/1 557/603/1 556/602/1
f 532/596/1 558/604/1 557/603/1
f 531/605/1 558/604/1 532/596/1
f 577/598/1 515/606/1 514/600/1
f 576/607/1 515/606/1 577/598/1
f 530/608/1 558/604/1 531/605/1
f 530/608/1 559/609/1 558/604/1
f 529/610/1 559/609/1 530/608/1
f 576/607/1 516/611/1 515/606/1
f 575/612/1 516/611/1 576/607/1
f 528/613/1 559/609/1 529/610/1
f 528/613/1 560/614/1 559/609/1
f 575/612/1 517/615/1 516/611/1
f 527/616/1 560/614/1 528/613/1
f 575/612/1 518/617/1 517/615/1
f 527/616/1 561/618/1 560/614/1
f 574/619/1 518/617/1 575/612/1
f 526/620/1 561/618/1 527/616/1
f 525/621/1 561/618/1 526/620/1
f 574/619/1 519/622/1 518/617/1
f 524/623/1 561/618/1 525/621/1
f 524/623/1 562/624/1 561/618/1
f 574/619/1 520/625/1 519/622/1
f 523/626/1 562/624/1 524/623/1
f 573/627/1 520/625/1 574/619/1
f 522/628/1 562/624/1 523/626/1
f 573/627/1 521/629/1 520/625/1
f 521/629/1 562/624/1 522/628/1
f 573/627/1 562/624/1 521/629/1
f 573/627/1 563/630/1 562/624/1
f 572/631/1 563/630/1 573/627/1
f 572/631/1 564/632/1 563/630/1
f 572/631/1 565/633/1 564/632/1
f 571/634/1 565/633/1 572/631/1
f 571/634/1 566/635/1 565/633/1
f 570/636/1 566/635/1 571/634/1
f 570/636/1 567/637/1 566/635/1
f 570/636/1 568/638/1 567/637/1
f 569/639/1 568/638/1 570/636/1
f 707/640/1 709/641/1 708/642/1
f 706/643/1 709/641/1 707/640/1
f 706/643/1 710/644/1 709/641/1
f 705/645/1 710/644/1 706/643/1
f 705/645/1 711/646/1 710/644/1
f 704/647/1 711/646/1 705/645/1
f 704/647/1 712/648/1 711/646/1
f 703/649/1 712/648/1 704/647/1
f 703/649/1 713/650/1 712/648/1
f 702/651/1 713/650/1 703/649/1
f 702/651/1 714/652/1 713/650/1
f 701/653/1 714/652/1 702/651/1
f 701/653/1 715/654/1 714/652/1
f 700/655/1 715/654/1 701/653/1
f 700/655/1 716/656/1 715/654/1
f 699/657/1 716/656/1 700/655/1
f 699/657/1 717/658/1 716/656/1
f 698/659/1 717/658/1 699/657/1
f 697/660/1 717/658/1 698/659/1
f 697/660/1 718/661/1 717/658/1
f 696/662/1 718/661/1 697/660/1
f 696/662/1 719/663/1 718/661/1
f 695/664/1 719/663/1 696/662/1
f 695/664/1 720/665/1 719/663/1
f 694/666/1 720/665/1 695/664/1
f 693/667/1 720/665/1 694/666/1
f 693/667/1 721/668/1 720/665/1
f 692/669/1 721/668/1 693/667/1
f 678/670/1 680/671/1 679/672/1
f 678/670/1 681/673/1 680/671/1
f 677/674/1 681/673/1 678/670/1
f 677/674/1 682/675/1 681/673/1
f 692/669/1 722/676/1 721/668/1
f 691/677/1 722/676/1 692/669/1
f 677/674/1 683/678/1 682/675/1
f 676/679/1 683/678/1 677/674/1
f 676/679/1 684/680/1 683/678/1
f 690/681/1 722/676/1 691/677/1
f 676/679/1 685/682/1 684/680/1
f 690/681/1 723/683/1 722/676/1
f 676/679/1 686/684/1 685/682/1
f 689/685/1 723/683/1 690/681/1
f 675/686/1 686/684/1 676/679/1
f 675/686/1 687/687/1 686/684/1
f 688/688/1 723/683/1 689/685/1
f 675/686/1 688/688/1 687/687/1
f 675/686/1 723/683/1 688/688/1
f 675/686/1 724/689/1 723/683/1
f 674/690/1 724/689/1 675/686/1
f 674/690/1 725/691/1 724/689/1
f 673/692/1 725/691/1 674/690/1
f 673/692/1 726/693/1 725/691/1
f 673/692/1 727/694/1 726/693/1
f 672/695/1 727/694/1 673/692/1
f 672/695/1 728/696/1 727/694/1
f 672/695/1 729/697/1 728/696/1
f 671/698/1 729/697/1 672/695/1
f 671/698/1 730/699/1 729/697/1
f 670/700/1 730/699/1 671/698/1
f 670/700/1 731/701/1 730/699/1
f 669/702/1 731/701/1 670/700/1
f 669/702/1 732/703/1 731/701/1
f 668/704/1 732/703/1 669/702/1
f 668/704/1 733/705/1 732/703/1
f 667/706/1 733/705/1 668/704/1
f 667/706/1 734/707/1 733/705/1
f 666/708/1 734/707/1 667/706/1
f 666/708/1 735/709/1 734/707/1
f 665/710/1 735/709/1 666/708/1
f 665/710/1 736/711/1 735/709/1
f 664/712/1 736/711/1 665/710/1
f 663/713/1 736/711/1 664/712/1
f 663/713/1 737/714/1 736/711/1
f 662/715/1 737/714/1 663/713/1
f 661/716/1 737/714/1 662/715/1
f 661/716/1 738/717/1 737/714/1
f 660/718/1 738/717/1 661/716/1
f 659/719/1 738/717/1 660/718/1
f 658/720/1 738/717/1 659/719/1
f 658/720/1 739/721/1 738/717/1
f 657/722/1 739/721/1 658/720/1
f 656/723/1 739/721/1 657/722/1
f 655/724/1 739/721/1 656/723/1
f 654/725/1 739/721/1 655/724/1
f 653/726/1 739/721/1 654/725/1
f 652/727/1 739/721/1 653/726/1
f 651/728/1 739/721/1 652/727/1
f 650/729/1 739/721/1 651/728/1
f 650/729/1 740/730/1 739/721/1
f 649/731/1 740/730/1 650/729/1
f 648/732/1 740/730/1 649/731/1
f 648/732/1 647/733/1 740/730/1
f 647/733/1 646/734/1 740/730/1
f 646/734/1 741/735/1 740/730/1
f 645/736/1 741/735/1 646/734/1
f 644/276/1 741/735/1 645/736/1
f 837/277/1 741/735/1 644/276/1
f 836/737/1 741/735/1 837/277/1
f 836/737/1 742/738/1 741/735/1
f 835/739/1 742/738/1 836/737/1
f 835/739/1 743/740/1 742/738/1
f 834/741/1 743/740/1 835/739/1
f 834/741/1 744/742/1 743/740/1
f 833/743/1 744/742/1 834/741/1
f 833/743/1 745/744/1 744/742/1
f 832/745/1 745/744/1 833/743/1
f 832/745/1 746/746/1 745/744/1
f 831/747/1 746/746/1 832/745/1
f 831/747/1 747/748/1 746/746/1
f 830/749/1 747/748/1 831/747/1
f 830/749/1 748/750/1 747/748/1
f 829/751/1 748/750/1 830/749/1
f 829/751/1 749/752/1 748/750/1
f 828/753/1 749/752/1 829/751/1
f 828/753/1 750/754/1 749/752/1
f 827/755/1 750/754/1 828/753/1
f 827/755/1 751/756/1 750/754/1
f 826/757/1 751/756/1 827/755/1
f 826/757/1 752/758/1 751/756/1
f 825/759/1 752/758/1 826/757/1
f 825/759/1 753/760/1 752/758/1
f 824/761/1 753/760/1 825/759/1
f 824/761/1 754/762/1 753/760/1
f 823/763/1 754/762/1 824/761/1
f 823/763/1 755/764/1 754/762/1
f 822/765/1 755/764/1 823/763/1
f 822/765/1 756/766/1 755/764/1
f 821/767/1 756/766/1 822/765/1
f 821/767/1 757/768/1 756/766/1
f 820/769/1 757/768/1 821/767/1
f 820/769/1 758/770/1 757/768/1
f 819/771/1 758/770/1 820/769/1
f 819/771/1 759/772/1 758/770/1
f 818/773/1 759/772/1 819/771/1
f 818/773/1 760/774/1 759/772/1
f 817/775/1 760/774/1 818/773/1
f 817/775/1 761/776/1 760/774/1
f 816/777/1 761/776/1 817/775/1
f 816/777/1 762/778/1 761/776/1
f 815/779/1 762/778/1 816/777/1
f 815/779/1 763/780/1 762/778/1
f 814/781/1 763/780/1 815/779/1
f 814/781/1 764/782/1 763/780/1
f 813/783/1 764/782/1 814/781/1
f 813/783/1 765/784/1 764/782/1
f 812/785/1 765/784/1 813/783/1
f 812/785/1 766/786/1 765/784/1
f 812/785/1 767/787/1 766/786/1
f 811/788/1 767/787/1 812/785/1
f 811/788/1 768/789/1 767/787/1
f 810/790/1 768/789/1 811/788/1
f 810/790/1 769/791/1 768/789/1
f 809/792/1 769/791/1 810/790/1
f 809/792/1 770/793/1 769/791/1
f 808/794/1 770/793/1 809/792/1
f 808/794/1 771/795/1 770/793/1
f 807/796/1 771/795/1 808/794/1
f 807/796/1 772/797/1 771/795/1
f 806/798/1 772/797/1 807/796/1
f 806/798/1 773/799/1 772/797/1
f 805/800/1 789/801/1 806/798/1
f 789/801/1 773/799/1 806/798/1
f 805/800/1 790/802/1 789/801/1
f 788/803/1 773/799/1 789/801/1
f 805/800/1 791/804/1 790/802/1
f 787/805/1 773/799/1 788/803/1
f 805/800/1 792/806/1 791/804/1
f 786/807/1 773/799/1 787/805/1
f 805/800/1 793/808/1 792/806/1
f 785/809/1 773/799/1 786/807/1
f 785/809/1 774/810/1 773/799/1
f 804/811/1 793/808/1 805/800/1
f 804/811/1 794/812/1 793/808/1
f 784/813/1 774/810/1 785/809/1
f 804/811/1 795/814/1 794/812/1
f 783/815/1 774/810/1 784/813/1
f 804/811/1 796/816/1 795/814/1
f 782/817/1 774/810/1 783/815/1
f 804/811/1 797/818/1 796/816/1
f 781/819/1 774/810/1 782/817/1
f 781/819/1 775/820/1 774/810/1
f 803/821/1 797/818/1 804/811/1
f 803/821/1 798/822/1 797/818/1
f 780/823/1 775/820/1 781/819/1
f 803/821/1 799/824/1 798/822/1
f 779/825/1 775/820/1 780/823/1
f 803/821/1 800/826/1 799/824/1
f 778/827/1 775/820/1 779/825/1
f 778/827/1 776/828/1 775/820/1
f 802/829/1 800/826/1 803/821/1
f 802/829/1 801/830/1 800/826/1
f 777/831/1 776/828/1 778/827/1
f 848/832/1 850/833/1 849/834/1
f 848/832/1 851/835/1 850/833/1
f 848/832/1 852/836/1 851/835/1
f 847/837/1 852/836/1 848/832/1
f 847/837/1 853/838/1 852/836/1
f 847/837/1 854/839/1 853/838/1
f 847/837/1 855/840/1 854/839/1
f 846/841/1 855/840/1 847/837/1
f 846/841/1 856/842/1 855/840/1
f 846/841/1 857/843/1 856/842/1
f 846/841/1 858/844/1 857/843/1
f 845/845/1 858/844/1 846/841/1
f 883/846/1 885/847/1 884/848/1
f 882/849/1 885/847/1 883/846/1
f 882/849/1 886/850/1 885/847/1
f 882/849/1 887/851/1 886/850/1
f 881/852/1 887/851/1 882/849/1
f 880/853/1 887/851/1 881/852/1
f 880/853/1 888/854/1 887/851/1
f 845/845/1 859/855/1 858/844/1
f 879/856/1 888/854/1 880/853/1
f 879/856/1 889/857/1 888/854/1
f 878/858/1 889/857/1 879/856/1
f 877/859/1 889/857/1 878/858/1
f 877/859/1 890/860/1 889/857/1
f 876/861/1 890/860/1 877/859/1
f 845/845/1 860/862/1 859/855/1
f 876/861/1 891/863/1 890/860/1
f 875/864/1 891/863/1 876/861/1
f 874/865/1 891/863/1 875/864/1
f 874/865/1 892/866/1 891/863/1
f 873/867/1 892/866/1 874/865/1
f 845/845/1 861/868/1 860/862/1
f 873/867/1 893/869/1 892/866/1
f 872/870/1 893/869/1 873/867/1
f 844/871/1 861/868/1 845/845/1
f 872/870/1 894/872/1 893/869/1
f 871/873/1 894/872/1 872/870/1
f 844/871/1 862/874/1 861/868/1
f 844/871/1 863/875/1 862/874/1
f 870/876/1 894/872/1 871/873/1
f 870/876/1 895/877/1 894/872/1
f 844/871/1 864/878/1 863/875/1
f 869/879/1 895/877/1 870/876/1
f 844/871/1 865/880/1 864/878/1
f 868/881/1 895/877/1 869/879/1
f 844/871/1 866/882/1 865/880/1
f 868/881/1 896/883/1 895/877/1
f 867/884/1 896/883/1 868/881/1
f 844/871/1 867/884/1 866/882/1
f 844/871/1 957/885/1 867/884/1
f 957/885/1 896/883/1 867/884/1
f 957/885/1 897/886/1 896/883/1
f 957/885/1 898/887/1 897/886/1
f 844/871/1 958/888/1 957/885/1
f 956/889/1 898/887/1 957/885/1
f 955/890/1 898/887/1 956/889/1
f 844/871/1 959/891/1 958/888/1
f 955/890/1 899/892/1 898/887/1
f 843/893/1 959/891/1 844/871/1
f 954/894/1 899/892/1 955/890/1
f 843/893/1 960/895/1 959/891/1
f 954/894/1 900/896/1 899/892/1
f 954/894/1 901/897/1 900/896/1
f 953/898/1 901/897/1 954/894/1
f 843/893/1 961/899/1 960/895/1
f 953/898/1 902/900/1 901/897/1
f 953/898/1 903/901/1 902/900/1
f 842/902/1 961/899/1 843/893/1
f 952/903/1 903/901/1 953/898/1
f 842/902/1 962/904/1 961/899/1
f 952/903/1 904/905/1 903/901/1
f 952/903/1 905/906/1 904/905/1
f 951/907/1 905/906/1 952/903/1
f 951/907/1 906/908/1 905/906/1
f 842/902/1 963/909/1 962/904/1
f 841/910/1 963/909/1 842/902/1
f 951/907/1 907/911/1 906/908/1
f 950/912/1 907/911/1 951/907/1
f 950/912/1 908/913/1 907/911/1
f 950/912/1 909/914/1 908/913/1
f 841/910/1 964/915/1 963/909/1
f 949/916/1 909/914/1 950/912/1
f 949/916/1 910/917/1 909/914/1
f 949/916/1 911/918/1 910/917/1
f 840/919/1 964/915/1 841/910/1
f 948/920/1 911/918/1 949/916/1
f 948/920/1 912/921/1 911/918/1
f 840/919/1 965/922/1 964/915/1
f 948/920/1 913/923/1 912/921/1
f 947/924/1 913/923/1 948/920/1
f 947/924/1 914/925/1 913/923/1
f 947/924/1 915/926/1 914/925/1
f 947/924/1 916/927/1 915/926/1
f 946/928/1 916/927/1 947/924/1
f 840/919/1 966/929/1 965/922/1
f 839/930/1 966/929/1 840/919/1
f 946/928/1 917/931/1 916/927/1
f 946/928/1 918/932/1 917/931/1
f 945/933/1 918/932/1 946/928/1
f 945/933/1 919/934/1 918/932/1
f 945/933/1 920/935/1 919/934/1
f 945/933/1 921/936/1 920/935/1
f 944/937/1 921/936/1 945/933/1
f 944/937/1 922/938/1 921/936/1
f 839/930/1 967/939/1 966/929/1
f 943/940/1 922/938/1 944/937/1
f 943/940/1 923/941/1 922/938/1
f 942/942/1 923/941/1 943/940/1
f 942/942/1 924/943/1 923/941/1
f 941/944/1 924/943/1 942/942/1
f 941/944/1 925/945/1 924/943/1
f 940/946/1 925/945/1 941/944/1
f 940/946/1 926/947/1 925/945/1
f 939/948/1 926/947/1 940/946/1
f 939/948/1 927/949/1 926/947/1
f 838/276/1 967/939/1 839/930/1
f 938/950/1 927/949/1 939/948/1
f 938/950/1 928/951/1 927/949/1
f 937/952/1 928/951/1 938/950/1
f 937/952/1 929/953/1 928/951/1
f 936/954/1 929/953/1 937/952/1
f 936/954/1 930/955/1 929/953/1
f 935/956/1 930/955/1 936/954/1
f 935/956/1 931/957/1 930/955/1
f 934/958/1 931/957/1 935/956/1
f 934/958/1 932/959/1 931/957/1
f 933/960/1 932/959/1 934/958/1
f 838/276/1 968/961/1 967/939/1
f 1101/277/1 968/961/1 838/276/1
f 1101/277/1 969/962/1 968/961/1
f 1100/963/1 969/962/1 1101/277/1
f 1100/963/1 970/964/1 969/962/1
f 1100/963/1 971/965/1 970/964/1
f 1099/966/1 971/965/1 1100/963/1
f 1004/967/1 1006/968/1 1005/969/1
f 1004/967/1 1007/970/1 1006/968/1
f 1003/971/1 1007/970/1 1004/967/1
f 1003/971/1 1008/972/1 1007/970/1
f 1002/973/1 1008/972/1 1003/971/1
f 1002/973/1 1009/974/1 1008/972/1
f 1001/975/1 1009/974/1 1002/973/1
f 1001/975/1 1010/976/1 1009/974/1
f 1000/977/1 1010/976/1 1001/975/1
f 1000/977/1 1011/978/1 1010/976/1
f 999/979/1 1011/978/1 1000/977/1
f 999/979/1 1012/980/1 1011/978/1
f 998/981/1 1012/980/1 999/979/1
f 998/981/1 1013/982/1 1012/980/1
f 997/983/1 1013/982/1 998/981/1
f 997/983/1 1014/984/1 1013/982/1
f 996/985/1 1014/984/1 997/983/1
f 996/985/1 1015/986/1 1014/984/1
f 995/987/1 1015/986/1 996/985/1
f 995/987/1 1016/988/1 1015/986/1
f 994/989/1 1016/988/1 995/987/1
f 994/989/1 1017/990/1 1016/988/1
f 993/991/1 1017/990/1 994/989/1
f 993/991/1 1018/992/1 1017/990/1
f 992/993/1 1018/992/1 993/991/1
f 1099/966/1 972/994/1 971/965/1
f 992/993/1 1019/995/1 1018/992/1
f 992/993/1 1020/996/1 1019/995/1
f 992/993/1 1021/997/1 1020/996/1
f 1098/998/1 972/994/1 1099/966/1
f 992/993/1 1022/999/1 1021/997/1
f 991/1000/1 1022/999/1 992/993/1
f 991/1000/1 1023/1001/1 1022/999/1
f 991/1000/1 1024/1002/1 1023/1001/1
f 1098/998/1 973/1003/1 972/994/1
f 991/1000/1 1025/1004/1 1024/1002/1
f 990/1005/1 1025/1004/1 991/1000/1
f 990/1005/1 1026/1006/1 1025/1004/1
f 990/1005/1 1027/1007/1 1026/1006/1
f 1097/1008/1 973/1003/1 1098/998/1
f 990/1005/1 1028/1009/1 1027/1007/1
f 1097/1008/1 974/1010/1 973/1003/1
f 989/1011/1 1028/1009/1 990/1005/1
f 989/1011/1 1029/1012/1 1028/1009/1
f 989/1011/1 1030/1013/1 1029/1012/1
f 989/1011/1 1031/1014/1 1030/1013/1
f 988/1015/1 1031/1014/1 989/1011/1
f 1097/1008/1 975/1016/1 974/1010/1
f 988/1015/1 1032/1017/1 1031/1014/1
f 1096/1018/1 975/1016/1 1097/1008/1
f 988/1015/1 1033/1019/1 1032/1017/1
f 987/1020/1 1033/1019/1 988/1015/1
f 987/1020/1 1034/1021/1 1033/1019/1
f 987/1020/1 1035/1022/1 1034/1021/1
f 1096/1018/1 976/1023/1 975/1016/1
f 987/1020/1 1036/1024/1 1035/1022/1
f 986/1025/1 1036/1024/1 987/1020/1
f 1095/1026/1 976/1023/1 1096/1018/1
f 986/1025/1 1037/1027/1 1036/1024/1
f 986/1025/1 1038/1028/1 1037/1027/1
f 1095/1026/1 977/1029/1 976/1023/1
f 986/1025/1 1039/1030/1 1038/1028/1
f 985/1031/1 1039/1030/1 986/1025/1
f 985/1031/1 1040/1032/1 1039/1030/1
f 1095/1026/1 978/1033/1 977/1029/1
f 1094/1034/1 978/1033/1 1095/1026/1
f 985/1031/1 1041/1035/1 1040/1032/1
f 984/1036/1 1041/1035/1 985/1031/1
f 984/1036/1 1042/1037/1 1041/1035/1
f 984/1036/1 1043/1038/1 1042/1037/1
f 984/1036/1 1072/1039/1 1043/1038/1
f 1072/1039/1 1044/1040/1 1043/1038/1
f 1094/1034/1 979/1041/1 978/1033/1
f 984/1036/1 1073/1042/1 1072/1039/1
f 1071/1043/1 1044/1040/1 1072/1039/1
f 984/1036/1 1074/1044/1 1073/1042/1
f 1070/1045/1 1044/1040/1 1071/1043/1
f 1070/1045/1 1045/1046/1 1044/1040/1
f 1069/1047/1 1045/1046/1 1070/1045/1
f 984/1036/1 1075/1048/1 1074/1044/1
f 983/1049/1 1075/1048/1 984/1036/1
f 1068/1050/1 1045/1046/1 1069/1047/1
f 983/1049/1 1076/1051/1 1075/1048/1
f 1068/1050/1 1046/1052/1 1045/1046/1
f 1067/1053/1 1046/1052/1 1068/1050/1
f 983/1049/1 1077/1054/1 1076/1051/1
f 1066/1055/1 1046/1052/1 1067/1053/1
f 1066/1055/1 1047/1056/1 1046/1052/1
f 1065/1057/1 1047/1056/1 1066/1055/1
f 983/1049/1 1078/1058/1 1077/1054/1
f 1065/1057/1 1048/1059/1 1047/1056/1
f 1064/1060/1 1048/1059/1 1065/1057/1
f 1063/1061/1 1048/1059/1 1064/1060/1
f 1093/1062/1 979/1041/1 1094/1034/1
f 1063/1061/1 1049/1063/1 1048/1059/1
f 1093/1062/1 980/1064/1 979/1041/1
f 982/1065/1 1078/1058/1 983/1049/1
f 1062/1066/1 1049/1063/1 1063/1061/1
f 1061/1067/1 1049/1063/1 1062/1066/1
f 1061/1067/1 1050/1068/1 1049/1063/1
f 1060/1069/1 1050/1068/1 1061/1067/1
f 1060/1069/1 1051/1070/1 1050/1068/1
f 1059/1071/1 1051/1070/1 1060/1069/1
f 1058/1072/1 1051/1070/1 1059/1071/1
f 1058/1072/1 1052/1073/1 1051/1070/1
f 982/1065/1 1079/1074/1 1078/1058/1
f 1057/1075/1 1052/1073/1 1058/1072/1
f 1056/1076/1 1052/1073/1 1057/1075/1
f 1056/1076/1 1053/1077/1 1052/1073/1
f 1055/1078/1 1053/1077/1 1056/1076/1
f 1055/1078/1 1054/1079/1 1053/1077/1
f 1093/1062/1 981/1080/1 980/1064/1
f 981/1080/1 1079/1074/1 982/1065/1
f 1093/1062/1 1079/1074/1 981/1080/1
f 1093/1062/1 1080/1081/1 1079/1074/1
f 1093/1062/1 1081/1082/1 1080/1081/1
f 1092/1083/1 1081/1082/1 1093/1062/1
f 1092/1083/1 1082/1084/1 1081/1082/1
f 1092/1083/1 1083/1085/1 1082/1084/1
f 1091/1086/1 1083/1085/1 1092/1083/1
f 1091/1086/1 1084/1087/1 1083/1085/1
f 1091/1086/1 1085/1088/1 1084/1087/1
f 1090/1089/1 1085/1088/1 1091/1086/1
f 1090/1089/1 1086/1090/1 1085/1088/1
f 1090/1089/1 1087/1091/1 1086/1090/1
f 1089/1092/1 1087/1091/1 1090/1089/1
f 1089/1092/1 1088/1093/1 1087/1091/1
f 1245/1/2 1246/3/2 1247/2/2
f 1244/4/2 1245/1/2 1247/2/2
f 1200/5/2 1201/7/2 1202/6/2
f 1200/5/2 1202/6/2 1203/8/2
f 1199/9/2 1200/5/2 1203/8/2
f 1199/9/2 1203/8/2 1204/10/2
f 1244/4/2 1247/2/2 1248/11/2
f 1198/12/2 1199/9/2 1204/10/2
f 1243/13/2 1244/4/2 1248/11/2
f 1198/12/2 1204/10/2 1205/14/2
f 1198/12/2 1205/14/2 1206/15/2
f 1197/16/2 1198/12/2 1206/15/2
f 1242/17/2 1243/13/2 1248/11/2
f 1197/16/2 1206/15/2 1207/18/2
f 1196/19/2 1197/16/2 1207/18/2
f 1196/19/2 1207/18/2 1208/20/2
f 1242/17/2 1248/11/2 1249/21/2
f 1241/22/2 1242/17/2 1249/21/2
f 1195/23/2 1196/19/2 1208/20/2
f 1195/23/2 1208/20/2 1209/24/2
f 1194/25/2 1195/23/2 1209/24/2
f 1194/25/2 1209/24/2 1210/26/2
f 1240/27/2 1241/22/2 1249/21/2
f 1193/28/2 1194/25/2 1210/26/2
f 1193/28/2 1210/26/2 1211/29/2
f 1240/27/2 1249/21/2 1250/30/2
f 1192/31/2 1193/28/2 1211/29/2
f 1192/31/2 1211/29/2 1212/32/2
f 1191/33/2 1192/31/2 1212/32/2
f 1239/34/2 1240/27/2 1250/30/2
f 1191/33/2 1212/32/2 1213/35/2
f 1191/33/2 1213/35/2 1214/36/2
f 1190/37/2 1191/33/2 1214/36/2
f 1190/37/2 1214/36/2 1215/38/2
f 1189/39/2 1190/37/2 1215/38/2
f 1188/40/2 1189/39/2 1215/38/2
f 1188/40/2 1215/38/2 1216/41/2
f 1187/42/2 1188/40/2 1216/41/2
f 1187/42/2 1216/41/2 1217/43/2
f 1172/44/2 1173/46/2 1174/45/2
f 1238/47/2 1239/34/2 1250/30/2
f 1172/44/2 1174/45/2 1175/48/2
f 1186/49/2 1187/42/2 1217/43/2
f 1171/50/2 1172/44/2 1175/48/2
f 1171/50/2 1175/48/2 1176/51/2
f 1185/52/2 1186/49/2 1217/43/2
f 1171/50/2 1176/51/2 1177/53/2
f 1170/54/2 1171/50/2 1177/53/2
f 1185/52/2 1217/43/2 1218/55/2
f 1238/47/2 1250/30/2 1251/56/2
f 1170/54/2 1177/53/2 1178/57/2
f 1184/58/2 1185/52/2 1218/55/2
f 1170/54/2 1178/57/2 1179/59/2
f 1169/60/2 1170/54/2 1179/59/2
f 1169/60/2 1179/59/2 1180/61/2
f 1183/62/2 1184/58/2 1218/55/2
f 1183/62/2 1218/55/2 1219/63/2
f 1169/60/2 1180/61/2 1181/64/2
f 1182/65/2 1183/62/2 1219/63/2
f 1169/60/2 1181/64/2 1182/65/2
f 1169/60/2 1182/65/2 1219/63/2
f 1168/66/2 1169/60/2 1219/63/2
f 1168/66/2 1219/63/2 1220/67/2
f 1167/68/2 1168/66/2 1220/67/2
f 1167/68/2 1220/67/2 1221/69/2
f 1237/70/2 1238/47/2 1251/56/2
f 1167/68/2 1221/69/2 1222/71/2
f 1166/72/2 1167/68/2 1222/71/2
f 1166/72/2 1222/71/2 1223/73/2
f 1165/74/2 1166/72/2 1223/73/2
f 1165/74/2 1223/73/2 1224/75/2
f 1164/76/2 1165/74/2 1224/75/2
f 1237/70/2 1251/56/2 1252/77/2
f 1164/76/2 1224/75/2 1225/78/2
f 1236/79/2 1237/70/2 1306/80/2
f 1306/80/2 1237/70/2 1252/77/2
f 1163/81/2 1164/76/2 1225/78/2
f 1163/81/2 1225/78/2 1226/82/2
f 1162/83/2 1163/81/2 1226/82/2
f 1162/83/2 1226/82/2 1227/84/2
f 1162/83/2 1227/84/2 1228/85/2
f 1161/86/2 1162/83/2 1228/85/2
f 1235/87/2 1236/79/2 1307/88/2
f 1307/88/2 1236/79/2 1306/80/2
f 1161/86/2 1228/85/2 1229/89/2
f 1305/90/2 1306/80/2 1252/77/2
f 1160/91/2 1161/86/2 1229/89/2
f 1304/92/2 1305/90/2 1252/77/2
f 1235/87/2 1307/88/2 1308/93/2
f 1304/92/2 1252/77/2 1253/94/2
f 1303/95/2 1304/92/2 1253/94/2
f 1160/91/2 1229/89/2 1230/96/2
f 1159/97/2 1160/91/2 1230/96/2
f 1235/87/2 1308/93/2 1309/98/2
f 1302/99/2 1303/95/2 1253/94/2
f 1159/97/2 1230/96/2 1231/100/2
f 1158/101/2 1159/97/2 1231/100/2
f 1301/102/2 1302/99/2 1253/94/2
f 1235/87/2 1309/98/2 1310/103/2
f 1158/101/2 1231/100/2 1232/104/2
f 1157/105/2 1158/101/2 1232/104/2
f 1234/106/2 1235/87/2 1310/103/2
f 1300/107/2 1301/102/2 1253/94/2
f 1156/108/2 1157/105/2 1232/104/2
f 1156/108/2 1232/104/2 1233/109/2
f 1155/110/2 1156/108/2 1233/109/2
f 1234/106/2 1310/103/2 1311/111/2
f 1154/112/2 1155/110/2 1233/109/2
f 1299/113/2 1300/107/2 1253/94/2
f 1154/112/2 1233/109/2 1234/106/2
f 1299/113/2 1253/94/2 1254/114/2
f 1153/115/2 1154/112/2 1234/106/2
f 1152/116/2 1153/115/2 1234/106/2
f 1151/117/2 1152/116/2 1234/106/2
f 1150/118/2 1151/117/2 1234/106/2
f 1298/119/2 1299/113/2 1254/114/2
f 1149/120/2 1150/118/2 1234/106/2
f 1148/121/2 1149/120/2 1234/106/2
f 1147/122/2 1148/121/2 1234/106/2
f 1147/122/2 1234/106/2 1311/111/2
f 1146/123/2 1147/122/2 1311/111/2
f 1145/124/2 1146/123/2 1311/111/2
f 1145/124/2 1311/111/2 1312/125/2
f 1144/126/2 1145/124/2 1312/125/2
f 1297/127/2 1298/119/2 1254/114/2
f 1143/128/2 1144/126/2 1312/125/2
f 1142/129/2 1143/128/2 1312/125/2
f 1296/130/2 1297/127/2 1254/114/2
f 1141/131/2 1142/129/2 1312/125/2
f 1296/130/2 1254/114/2 1255/132/2
f 1295/133/2 1296/130/2 1255/132/2
f 1141/131/2 1312/125/2 1313/134/2
f 1140/135/2 1141/131/2 1313/134/2
f 1294/136/2 1295/133/2 1255/132/2
f 1139/137/2 1140/135/2 1313/134/2
f 1293/138/2 1294/136/2 1255/132/2
f 1292/139/2 1293/138/2 1255/132/2
f 1138/140/2 1139/137/2 1313/134/2
f 1138/140/2 1313/134/2 1314/141/2
f 1292/139/2 1255/132/2 1256/142/2
f 1291/143/2 1292/139/2 1256/142/2
f 1290/144/2 1291/143/2 1256/142/2
f 1137/145/2 1138/140/2 1315/146/2
f 1315/146/2 1138/140/2 1314/141/2
f 1289/147/2 1290/144/2 1256/142/2
f 1288/148/2 1289/147/2 1256/142/2
f 1287/149/2 1288/148/2 1256/142/2
f 1287/149/2 1256/142/2 1257/150/2
f 1286/151/2 1287/149/2 1257/150/2
f 1285/152/2 1286/151/2 1257/150/2
f 1284/153/2 1285/152/2 1257/150/2
f 1137/145/2 1315/146/2 1316/154/2
f 1283/155/2 1284/153/2 1257/150/2
f 1283/155/2 1257/150/2 1258/156/2
f 1282/157/2 1283/155/2 1258/156/2
f 1281/158/2 1282/157/2 1258/156/2
f 1280/159/2 1281/158/2 1258/156/2
f 1137/145/2 1316/154/2 1317/160/2
f 1280/159/2 1258/156/2 1259/161/2
f 1279/162/2 1280/159/2 1259/161/2
f 1279/162/2 1259/161/2 1260/163/2
f 1278/164/2 1279/162/2 1260/163/2
f 1278/164/2 1260/163/2 1261/165/2
f 1277/166/2 1278/164/2 1261/165/2
f 1137/145/2 1317/160/2 1318/167/2
f 1277/166/2 1261/165/2 1262/168/2
f 1276/169/2 1277/166/2 1262/168/2
f 1276/169/2 1262/168/2 1263/170/2
f 1275/171/2 1276/169/2 1263/170/2
f 1275/171/2 1263/170/2 1264/172/2
f 1274/173/2 1275/171/2 1264/172/2
f 1274/173/2 1264/172/2 1265/174/2
f 1273/175/2 1274/173/2 1265/174/2
f 1273/175/2 1265/174/2 1266/176/2
f 1273/175/2 1266/176/2 1267/177/2
f 1137/145/2 1318/167/2 1319/178/2
f 1272/179/2 1273/175/2 1267/177/2
f 1272/179/2 1267/177/2 1268/180/2
f 1271/181/2 1272/179/2 1268/180/2
f 1271/181/2 1268/180/2 1269/182/2
f 1270/183/2 1271/181/2 1269/182/2
f 1136/184/2 1137/145/2 1319/178/2
f 1136/184/2 1319/178/2 1320/185/2
f 1135/186/2 1136/184/2 1320/185/2
f 1135/186/2 1320/185/2 1321/187/2
f 1134/188/2 1135/186/2 1321/187/2
f 1134/188/2 1321/187/2 1322/189/2
f 1133/190/2 1134/188/2 1322/189/2
f 1133/190/2 1322/189/2 1323/191/2
f 1132/192/2 1133/190/2 1323/191/2
f 1132/192/2 1323/191/2 1324/193/2
f 1131/194/2 1132/192/2 1324/193/2
f 1131/194/2 1324/193/2 1325/195/2
f 1130/196/2 1131/194/2 1325/195/2
f 1130/196/2 1325/195/2 1326/197/2
f 1129/198/2 1130/196/2 1326/197/2
f 1129/198/2 1326/197/2 1327/199/2
f 1128/200/2 1129/198/2 1327/199/2
f 1128/200/2 1327/199/2 1328/201/2
f 1127/202/2 1128/200/2 1328/201/2
f 1127/202/2 1328/201/2 1329/203/2
f 1126/204/2 1127/202/2 1329/203/2
f 1126/204/2 1329/203/2 1330/205/2
f 1125/206/2 1126/204/2 1330/205/2
f 1125/206/2 1330/205/2 1331/207/2
f 1124/208/2 1125/206/2 1331/207/2
f 1124/208/2 1331/207/2 1332/209/2
f 1123/210/2 1124/208/2 1332/209/2
f 1123/210/2 1332/209/2 1333/211/2
f 1122/212/2 1123/210/2 1333/211/2
f 1122/212/2 1333/211/2 1334/213/2
f 1121/214/2 1122/212/2 1334/213/2
f 1121/214/2 1334/213/2 1335/215/2
f 1120/216/2 1121/214/2 1335/215/2
f 1120/216/2 1335/215/2 1336/217/2
f 1119/218/2 1120/216/2 1336/217/2
f 1119/218/2 1336/217/2 1337/219/2
f 1118/220/2 1119/218/2 1337/219/2
f 1118/220/2 1337/219/2 1338/221/2
f 1117/222/2 1118/220/2 1338/221/2
f 1117/222/2 1338/221/2 1339/223/2
f 1116/224/2 1117/222/2 1339/223/2
f 1116/224/2 1339/223/2 1340/225/2
f 1115/226/2 1116/224/2 1340/225/2
f 1115/226/2 1340/225/2 1341/227/2
f 1114/228/2 1115/226/2 1341/227/2
f 1114/228/2 1341/227/2 1342/229/2
f 1113/230/2 1114/228/2 1342/229/2
f 1113/230/2 1342/229/2 1343/231/2
f 1112/232/2 1113/230/2 1343/231/2
f 1112/232/2 1343/231/2 1344/233/2
f 1112/232/2 1344/233/2 1345/234/2
f 1111/235/2 1112/232/2 1345/234/2
f 1111/235/2 1345/234/2 1346/236/2
f 1110/237/2 1111/235/2 1346/236/2
f 1110/237/2 1346/236/2 1347/238/2
f 1109/239/2 1110/237/2 1347/238/2
f 1109/239/2 1347/238/2 1348/240/2
f 1108/241/2 1109/239/2 1348/240/2
f 1108/241/2 1348/240/2 1349/242/2
f 1107/243/2 1108/241/2 1349/242/2
f 1107/243/2 1349/242/2 1350/244/2
f 1106/245/2 1107/243/2 1350/244/2
f 1106/245/2 1350/244/2 1351/246/2
f 1105/247/2 1106/245/2 1367/248/2
f 1367/248/2 1106/245/2 1351/246/2
f 1105/247/2 1367/248/2 1368/249/2
f 1366/250/2 1367/248/2 1351/246/2
f 1105/247/2 1368/249/2 1369/251/2
f 1365/252/2 1366/250/2 1351/246/2
f 1105/247/2 1369/251/2 1370/253/2
f 1364/254/2 1365/252/2 1351/246/2
f 1105/247/2 1370/253/2 1371/255/2
f 1363/256/2 1364/254/2 1351/246/2
f 1363/256/2 1351/246/2 1352/257/2
f 1104/258/2 1105/247/2 1371/255/2
f 1104/258/2 1371/255/2 1372/259/2
f 1362/260/2 1363/256/2 1352/257/2
f 1104/258/2 1372/259/2 1373/261/2
f 1361/262/2 1362/260/2 1352/257/2
f 1104/258/2 1373/261/2 1374/263/2
f 1360/264/2 1361/262/2 1352/257/2
f 1104/258/2 1374/263/2 1375/265/2
f 1359/266/2 1360/264/2 1352/257/2
f 1359/266/2 1352/257/2 1353/267/2
f 1103/268/2 1104/258/2 1375/265/2
f 1103/268/2 1375/265/2 1376/269/2
f 1358/270/2 1359/266/2 1353/267/2
f 1103/268/2 1376/269/2 1377/271/2
f 1357/272/2 1358/270/2 1353/267/2
f 1103/268/2 1377/271/2 1378/273/2
f 1356/274/2 1357/272/2 1353/267/2
f 1356/274/2 1353/267/2 1354/275/2
f 1102/276/2 1103/268/2 1378/273/2
f 1102/276/2 1378/273/2 1379/277/2
f 1355/278/2 1356/274/2 1354/275/2
f 1451/279/2 1452/281/2 1453/280/2
f 1450/282/2 1451/279/2 1453/280/2
f 1450/282/2 1453/280/2 1454/283/2
f 1449/284/2 1450/282/2 1454/283/2
f 1449/284/2 1454/283/2 1455/285/2
f 1448/286/2 1449/284/2 1455/285/2
f 1448/286/2 1455/285/2 1456/287/2
f 1447/288/2 1448/286/2 1456/287/2
f 1447/288/2 1456/287/2 1457/289/2
f 1446/290/2 1447/288/2 1393/291/2
f 1393/291/2 1447/288/2 1392/292/2
f 1392/292/2 1447/288/2 1457/289/2
f 1392/292/2 1457/289/2 1391/293/2
f 1391/293/2 1457/289/2 1458/294/2
f 1446/290/2 1393/291/2 1394/295/2
f 1390/296/2 1391/293/2 1458/294/2
f 1446/290/2 1394/295/2 1395/297/2
f 1389/298/2 1390/296/2 1458/294/2
f 1446/290/2 1395/297/2 1396/299/2
f 1388/300/2 1389/298/2 1458/294/2
f 1446/290/2 1396/299/2 1397/301/2
f 1387/302/2 1388/300/2 1458/294/2
f 1446/290/2 1397/301/2 1398/303/2
f 1445/304/2 1446/290/2 1398/303/2
f 1445/304/2 1398/303/2 1399/305/2
f 1386/306/2 1387/302/2 1458/294/2
f 1386/306/2 1458/294/2 1459/307/2
f 1445/304/2 1399/305/2 1400/308/2
f 1445/304/2 1400/308/2 1401/309/2
f 1385/310/2 1386/306/2 1459/307/2
f 1445/304/2 1401/309/2 1402/311/2
f 1444/312/2 1445/304/2 1402/311/2
f 1444/312/2 1402/311/2 1403/313/2
f 1385/310/2 1459/307/2 1460/314/2
f 1384/315/2 1385/310/2 1460/314/2
f 1444/312/2 1403/313/2 1404/316/2
f 1444/312/2 1404/316/2 1405/317/2
f 1444/312/2 1405/317/2 1406/318/2
f 1444/312/2 1406/318/2 1407/319/2
f 1443/320/2 1444/312/2 1407/319/2
f 1383/321/2 1384/315/2 1460/314/2
f 1443/320/2 1407/319/2 1408/322/2
f 1383/321/2 1460/314/2 1461/323/2
f 1443/320/2 1408/322/2 1409/324/2
f 1443/320/2 1409/324/2 1410/325/2
f 1443/320/2 1410/325/2 1411/326/2
f 1382/327/2 1383/321/2 1461/323/2
f 1442/328/2 1443/320/2 1411/326/2
f 1442/328/2 1411/326/2 1412/329/2
f 1442/328/2 1412/329/2 1413/330/2
f 1382/327/2 1461/323/2 1462/331/2
f 1442/328/2 1413/330/2 1414/332/2
f 1442/328/2 1414/332/2 1415/333/2
f 1381/334/2 1382/327/2 1462/331/2
f 1441/335/2 1442/328/2 1415/333/2
f 1441/335/2 1415/333/2 1416/336/2
f 1441/335/2 1416/336/2 1417/337/2
f 1381/334/2 1462/331/2 1463/338/2
f 1441/335/2 1417/337/2 1418/339/2
f 1440/340/2 1441/335/2 1418/339/2
f 1380/276/2 1381/334/2 1463/338/2
f 1440/340/2 1418/339/2 1419/341/2
f 1380/276/2 1463/338/2 1464/342/2
f 1440/340/2 1419/341/2 1420/343/2
f 1439/344/2 1440/340/2 1420/343/2
f 1439/344/2 1420/343/2 1421/345/2
f 1438/346/2 1439/344/2 1421/345/2
f 1437/347/2 1438/346/2 1421/345/2
f 1437/347/2 1421/345/2 1422/348/2
f 1561/349/2 1380/276/2 1464/342/2
f 1561/349/2 1464/342/2 1465/350/2
f 1436/351/2 1437/347/2 1422/348/2
f 1436/351/2 1422/348/2 1423/352/2
f 1435/353/2 1436/351/2 1423/352/2
f 1435/353/2 1423/352/2 1424/354/2
f 1434/355/2 1435/353/2 1424/354/2
f 1433/356/2 1434/355/2 1424/354/2
f 1433/356/2 1424/354/2 1425/357/2
f 1432/358/2 1433/356/2 1425/357/2
f 1432/358/2 1425/357/2 1426/359/2
f 1431/360/2 1432/358/2 1426/359/2
f 1430/361/2 1431/360/2 1426/359/2
f 1430/361/2 1426/359/2 1427/362/2
f 1429/363/2 1430/361/2 1427/362/2
f 1429/363/2 1427/362/2 1428/364/2
f 1559/365/2 1560/366/2 1561/349/2
f 1558/367/2 1559/365/2 1561/349/2
f 1558/367/2 1561/349/2 1562/368/2
f 1562/368/2 1561/349/2 1465/350/2
f 1557/369/2 1558/367/2 1562/368/2
f 1556/370/2 1557/369/2 1562/368/2
f 1555/371/2 1556/370/2 1562/368/2
f 1554/372/2 1555/371/2 1563/373/2
f 1563/373/2 1555/371/2 1562/368/2
f 1554/372/2 1563/373/2 1564/374/2
f 1554/372/2 1564/374/2 1565/375/2
f 1610/277/2 1562/368/2 1465/350/2
f 1553/376/2 1554/372/2 1565/375/2
f 1553/376/2 1565/375/2 1566/377/2
f 1553/376/2 1566/377/2 1567/378/2
f 1553/376/2 1567/378/2 1568/379/2
f 1552/380/2 1553/376/2 1568/379/2
f 1552/380/2 1568/379/2 1569/381/2
f 1552/380/2 1569/381/2 1570/382/2
f 1551/383/2 1552/380/2 1570/382/2
f 1551/383/2 1570/382/2 1571/384/2
f 1551/383/2 1571/384/2 1572/385/2
f 1550/386/2 1551/383/2 1572/385/2
f 1609/387/2 1610/277/2 1465/350/2
f 1609/387/2 1465/350/2 1466/388/2
f 1608/389/2 1609/387/2 1466/388/2
f 1607/390/2 1608/389/2 1466/388/2
f 1606/391/2 1607/390/2 1466/388/2
f 1605/392/2 1606/391/2 1466/388/2
f 1604/393/2 1605/392/2 1466/388/2
f 1603/394/2 1604/393/2 1466/388/2
f 1550/386/2 1572/385/2 1573/395/2
f 1602/396/2 1603/394/2 1466/388/2
f 1601/397/2 1602/396/2 1466/388/2
f 1601/397/2 1466/388/2 1467/398/2
f 1600/399/2 1601/397/2 1467/398/2
f 1599/400/2 1600/399/2 1467/398/2
f 1598/401/2 1599/400/2 1467/398/2
f 1597/402/2 1598/401/2 1467/398/2
f 1549/403/2 1550/386/2 1573/395/2
f 1549/403/2 1573/395/2 1574/404/2
f 1597/402/2 1467/398/2 1468/405/2
f 1596/406/2 1597/402/2 1468/405/2
f 1549/403/2 1574/404/2 1575/407/2
f 1596/406/2 1468/405/2 1469/408/2
f 1548/409/2 1549/403/2 1575/407/2
f 1548/409/2 1575/407/2 1576/410/2
f 1595/411/2 1596/406/2 1469/408/2
f 1595/411/2 1469/408/2 1470/412/2
f 1548/409/2 1576/410/2 1577/413/2
f 1594/414/2 1595/411/2 1470/412/2
f 1594/414/2 1470/412/2 1471/415/2
f 1548/409/2 1577/413/2 1578/416/2
f 1547/417/2 1548/409/2 1578/416/2
f 1593/418/2 1594/414/2 1471/415/2
f 1593/418/2 1471/415/2 1472/419/2
f 1547/417/2 1578/416/2 1579/420/2
f 1593/418/2 1472/419/2 1473/421/2
f 1592/422/2 1593/418/2 1473/421/2
f 1480/423/2 1481/425/2 1482/424/2
f 1479/426/2 1480/423/2 1482/424/2
f 1547/417/2 1579/420/2 1580/427/2
f 1479/426/2 1482/424/2 1483/428/2
f 1592/422/2 1473/421/2 1474/429/2
f 1478/430/2 1479/426/2 1483/428/2
f 1478/430/2 1483/428/2 1484/431/2
f 1477/432/2 1478/430/2 1484/431/2
f 1477/432/2 1484/431/2 1485/433/2
f 1546/434/2 1547/417/2 1580/427/2
f 1476/435/2 1477/432/2 1485/433/2
f 1476/435/2 1485/433/2 1486/436/2
f 1592/422/2 1474/429/2 1475/437/2
f 1476/435/2 1486/436/2 1487/438/2
f 1475/437/2 1476/435/2 1487/438/2
f 1592/422/2 1475/437/2 1487/438/2
f 1591/439/2 1592/422/2 1487/438/2
f 1591/439/2 1487/438/2 1488/440/2
f 1546/434/2 1580/427/2 1581/441/2
f 1591/439/2 1488/440/2 1489/442/2
f 1591/439/2 1489/442/2 1490/443/2
f 1590/444/2 1591/439/2 1490/443/2
f 1546/434/2 1581/441/2 1582/445/2
f 1590/444/2 1490/443/2 1525/446/2
f 1525/446/2 1490/443/2 1491/447/2
f 1525/446/2 1491/447/2 1492/448/2
f 1590/444/2 1525/446/2 1526/449/2
f 1524/450/2 1525/446/2 1492/448/2
f 1589/451/2 1590/444/2 1526/449/2
f 1546/434/2 1582/445/2 1583/452/2
f 1545/453/2 1546/434/2 1583/452/2
f 1524/450/2 1492/448/2 1493/454/2
f 1588/455/2 1589/451/2 1526/449/2
f 1545/453/2 1583/452/2 1584/456/2
f 1524/450/2 1493/454/2 1494/457/2
f 1523/458/2 1524/450/2 1494/457/2
f 1545/453/2 1584/456/2 1585/459/2
f 1587/460/2 1588/455/2 1526/449/2
f 1523/458/2 1494/457/2 1495/461/2
f 1545/453/2 1585/459/2 1586/462/2
f 1586/462/2 1587/460/2 1526/449/2
f 1545/453/2 1586/462/2 1526/449/2
f 1545/453/2 1526/449/2 1527/463/2
f 1523/458/2 1495/461/2 1496/464/2
f 1522/465/2 1523/458/2 1496/464/2
f 1522/465/2 1496/464/2 1497/466/2
f 1544/467/2 1545/453/2 1527/463/2
f 1521/468/2 1522/465/2 1497/466/2
f 1521/468/2 1497/466/2 1498/469/2
f 1544/467/2 1527/463/2 1528/470/2
f 1521/468/2 1498/469/2 1499/471/2
f 1520/472/2 1521/468/2 1499/471/2
f 1520/472/2 1499/471/2 1500/473/2
f 1520/472/2 1500/473/2 1501/474/2
f 1519/475/2 1520/472/2 1501/474/2
f 1543/476/2 1544/467/2 1528/470/2
f 1543/476/2 1528/470/2 1529/477/2
f 1519/475/2 1501/474/2 1502/478/2
f 1518/479/2 1519/475/2 1502/478/2
f 1543/476/2 1529/477/2 1530/480/2
f 1517/481/2 1518/479/2 1502/478/2
f 1517/481/2 1502/478/2 1503/482/2
f 1542/483/2 1543/476/2 1530/480/2
f 1516/484/2 1517/481/2 1503/482/2
f 1542/483/2 1530/480/2 1531/485/2
f 1515/486/2 1516/484/2 1503/482/2
f 1515/486/2 1503/482/2 1504/487/2
f 1541/488/2 1542/483/2 1531/485/2
f 1514/489/2 1515/486/2 1504/487/2
f 1541/488/2 1531/485/2 1532/490/2
f 1514/489/2 1504/487/2 1505/491/2
f 1513/492/2 1514/489/2 1505/491/2
f 1540/493/2 1541/488/2 1532/490/2
f 1512/494/2 1513/492/2 1505/491/2
f 1540/493/2 1532/490/2 1533/495/2
f 1512/494/2 1505/491/2 1506/496/2
f 1511/497/2 1512/494/2 1506/496/2
f 1511/497/2 1506/496/2 1507/498/2
f 1540/493/2 1533/495/2 1534/499/2
f 1539/500/2 1540/493/2 1534/499/2
f 1510/501/2 1511/497/2 1507/498/2
f 1510/501/2 1507/498/2 1508/502/2
f 1509/503/2 1510/501/2 1508/502/2
f 1539/500/2 1534/499/2 1535/504/2
f 1538/505/2 1539/500/2 1535/504/2
f 1538/505/2 1535/504/2 1536/506/2
f 1537/507/2 1538/505/2 1536/506/2
f 1693/508/2 1694/510/2 1695/509/2
f 1693/508/2 1695/509/2 1696/511/2
f 1692/512/2 1693/508/2 1696/511/2
f 1692/512/2 1696/511/2 1697/513/2
f 1691/514/2 1692/512/2 1697/513/2
f 1691/514/2 1697/513/2 1698/515/2
f 1690/516/2 1691/514/2 1698/515/2
f 1690/516/2 1698/515/2 1699/517/2
f 1689/518/2 1690/516/2 1699/517/2
f 1689/518/2 1699/517/2 1732/519/2
f 1732/519/2 1699/517/2 1700/520/2
f 1688/521/2 1689/518/2 1733/522/2
f 1733/522/2 1689/518/2 1732/519/2
f 1731/523/2 1732/519/2 1700/520/2
f 1730/524/2 1731/523/2 1700/520/2
f 1688/521/2 1733/522/2 1734/525/2
f 1729/526/2 1730/524/2 1700/520/2
f 1688/521/2 1734/525/2 1735/527/2
f 1728/528/2 1729/526/2 1700/520/2
f 1728/528/2 1700/520/2 1701/529/2
f 1688/521/2 1735/527/2 1736/530/2
f 1727/531/2 1728/528/2 1701/529/2
f 1687/532/2 1688/521/2 1736/530/2
f 1687/532/2 1736/530/2 1737/533/2
f 1726/534/2 1727/531/2 1701/529/2
f 1687/532/2 1737/533/2 1738/535/2
f 1726/534/2 1701/529/2 1702/536/2
f 1725/537/2 1726/534/2 1702/536/2
f 1687/532/2 1738/535/2 1739/538/2
f 1724/539/2 1725/537/2 1702/536/2
f 1686/540/2 1687/532/2 1739/538/2
f 1723/541/2 1724/539/2 1702/536/2
f 1686/540/2 1739/538/2 1740/542/2
f 1723/541/2 1702/536/2 1703/543/2
f 1722/544/2 1723/541/2 1703/543/2
f 1686/540/2 1740/542/2 1741/545/2
f 1685/546/2 1686/540/2 1741/545/2
f 1721/547/2 1722/544/2 1703/543/2
f 1721/547/2 1703/543/2 1704/548/2
f 1685/546/2 1741/545/2 1742/549/2
f 1720/550/2 1721/547/2 1704/548/2
f 1684/551/2 1685/546/2 1742/549/2
f 1684/551/2 1742/549/2 1743/552/2
f 1719/553/2 1720/550/2 1704/548/2
f 1718/554/2 1719/553/2 1704/548/2
f 1718/554/2 1704/548/2 1705/555/2
f 1717/556/2 1718/554/2 1705/555/2
f 1684/551/2 1743/552/2 1744/277/2
f 1716/557/2 1717/556/2 1705/555/2
f 1715/558/2 1716/557/2 1705/555/2
f 1714/559/2 1715/558/2 1705/555/2
f 1713/560/2 1714/559/2 1705/555/2
f 1683/561/2 1684/551/2 1744/277/2
f 1712/562/2 1713/560/2 1705/555/2
f 1711/563/2 1712/562/2 1705/555/2
f 1710/564/2 1711/563/2 1705/555/2
f 1709/565/2 1710/564/2 1705/555/2
f 1708/566/2 1709/565/2 1705/555/2
f 1683/561/2 1744/277/2 1708/566/2
f 1683/561/2 1708/566/2 1705/555/2
f 1683/561/2 1705/555/2 1706/567/2
f 1682/568/2 1683/561/2 1707/569/2
f 1707/569/2 1683/561/2 1706/567/2
f 1682/568/2 1707/569/2 1611/276/2
f 1681/570/2 1682/568/2 1611/276/2
f 1681/570/2 1611/276/2 1612/571/2
f 1680/572/2 1681/570/2 1612/571/2
f 1680/572/2 1612/571/2 1613/573/2
f 1679/574/2 1680/572/2 1613/573/2
f 1679/574/2 1613/573/2 1614/575/2
f 1642/576/2 1643/578/2 1644/577/2
f 1642/576/2 1644/577/2 1645/579/2
f 1641/580/2 1642/576/2 1645/579/2
f 1640/581/2 1641/580/2 1645/579/2
f 1640/581/2 1645/579/2 1646/582/2
f 1639/583/2 1640/581/2 1646/582/2
f 1639/583/2 1646/582/2 1647/584/2
f 1638/585/2 1639/583/2 1647/584/2
f 1638/585/2 1647/584/2 1648/586/2
f 1638/585/2 1648/586/2 1649/587/2
f 1637/588/2 1638/585/2 1649/587/2
f 1637/588/2 1649/587/2 1650/589/2
f 1636/590/2 1637/588/2 1650/589/2
f 1636/590/2 1650/589/2 1651/591/2
f 1635/592/2 1636/590/2 1651/591/2
f 1635/592/2 1651/591/2 1652/593/2
f 1634/594/2 1635/592/2 1652/593/2
f 1634/594/2 1652/593/2 1653/595/2
f 1633/596/2 1634/594/2 1653/595/2
f 1633/596/2 1653/595/2 1654/597/2
f 1678/598/2 1679/574/2 1614/575/2
f 1633/596/2 1654/597/2 1655/599/2
f 1678/598/2 1614/575/2 1615/600/2
f 1633/596/2 1655/599/2 1656/601/2
f 1633/596/2 1656/601/2 1657/602/2
f 1633/596/2 1657/602/2 1658/603/2
f 1633/596/2 1658/603/2 1659/604/2
f 1632/605/2 1633/596/2 1659/604/2
f 1678/598/2 1615/600/2 1616/606/2
f 1677/607/2 1678/598/2 1616/606/2
f 1631/608/2 1632/605/2 1659/604/2
f 1631/608/2 1659/604/2 1660/609/2
f 1630/610/2 1631/608/2 1660/609/2
f 1677/607/2 1616/606/2 1617/611/2
f 1676/612/2 1677/607/2 1617/611/2
f 1629/613/2 1630/610/2 1660/609/2
f 1629/613/2 1660/609/2 1661/614/2
f 1676/612/2 1617/611/2 1618/615/2
f 1628/616/2 1629/613/2 1661/614/2
f 1676/612/2 1618/615/2 1619/617/2
f 1628/616/2 1661/614/2 1662/618/2
f 1675/619/2 1676/612/2 1619/617/2
f 1627/620/2 1628/616/2 1662/618/2
f 1626/621/2 1627/620/2 1662/618/2
f 1675/619/2 1619/617/2 1620/622/2
f 1625/623/2 1626/621/2 1662/618/2
f 1625/623/2 1662/618/2 1663/624/2
f 1675/619/2 1620/622/2 1621/625/2
f 1624/626/2 1625/623/2 1663/624/2
f 1674/627/2 1675/619/2 1621/625/2
f 1623/628/2 1624/626/2 1663/624/2
f 1674/627/2 1621/625/2 1622/629/2
f 1622/629/2 1623/628/2 1663/624/2
f 1674/627/2 1622/629/2 1663/624/2
f 1674/627/2 1663/624/2 1664/630/2
f 1673/631/2 1674/627/2 1664/630/2
f 1673/631/2 1664/630/2 1665/632/2
f 1673/631/2 1665/632/2 1666/633/2
f 1672/634/2 1673/631/2 1666/633/2
f 1672/634/2 1666/633/2 1667/635/2
f 1671/636/2 1672/634/2 1667/635/2
f 1671/636/2 1667/635/2 1668/637/2
f 1671/636/2 1668/637/2 1669/638/2
f 1670/639/2 1671/636/2 1669/638/2
f 1808/640/2 1809/642/2 1810/641/2
f 1807/643/2 1808/640/2 1810/641/2
f 1807/643/2 1810/641/2 1811/644/2
f 1806/645/2 1807/643/2 1811/644/2
f 1806/645/2 1811/644/2 1812/646/2
f 1805/647/2 1806/645/2 1812/646/2
f 1805/647/2 1812/646/2 1813/648/2
f 1804/649/2 1805/647/2 1813/648/2
f 1804/649/2 1813/648/2 1814/650/2
f 1803/651/2 1804/649/2 1814/650/2
f 1803/651/2 1814/650/2 1815/652/2
f 1802/653/2 1803/651/2 1815/652/2
f 1802/653/2 1815/652/2 1816/654/2
f 1801/655/2 1802/653/2 1816/654/2
f 1801/655/2 1816/654/2 1817/656/2
f 1800/657/2 1801/655/2 1817/656/2
f 1800/657/2 1817/656/2 1818/658/2
f 1799/659/2 1800/657/2 1818/658/2
f 1798/660/2 1799/659/2 1818/658/2
f 1798/660/2 1818/658/2 1819/661/2
f 1797/662/2 1798/660/2 1819/661/2
f 1797/662/2 1819/661/2 1820/663/2
f 1796/664/2 1797/662/2 1820/663/2
f 1796/664/2 1820/663/2 1821/665/2
f 1795/666/2 1796/664/2 1821/665/2
f 1794/667/2 1795/666/2 1821/665/2
f 1794/667/2 1821/665/2 1822/668/2
f 1793/669/2 1794/667/2 1822/668/2
f 1779/670/2 1780/672/2 1781/671/2
f 1779/670/2 1781/671/2 1782/673/2
f 1778/674/2 1779/670/2 1782/673/2
f 1778/674/2 1782/673/2 1783/675/2
f 1793/669/2 1822/668/2 1823/676/2
f 1792/677/2 1793/669/2 1823/676/2
f 1778/674/2 1783/675/2 1784/678/2
f 1777/679/2 1778/674/2 1784/678/2
f 1777/679/2 1784/678/2 1785/680/2
f 1791/681/2 1792/677/2 1823/676/2
f 1777/679/2 1785/680/2 1786/682/2
f 1791/681/2 1823/676/2 1824/683/2
f 1777/679/2 1786/682/2 1787/684/2
f 1790/685/2 1791/681/2 1824/683/2
f 1776/686/2 1777/679/2 1787/684/2
f 1776/686/2 1787/684/2 1788/687/2
f 1789/688/2 1790/685/2 1824/683/2
f 1776/686/2 1788/687/2 1789/688/2
f 1776/686/2 1789/688/2 1824/683/2
f 1776/686/2 1824/683/2 1825/689/2
f 1775/690/2 1776/686/2 1825/689/2
f 1775/690/2 1825/689/2 1826/691/2
f 1774/692/2 1775/690/2 1826/691/2
f 1774/692/2 1826/691/2 1827/693/2
f 1774/692/2 1827/693/2 1828/694/2
f 1773/695/2 1774/692/2 1828/694/2
f 1773/695/2 1828/694/2 1829/696/2
f 1773/695/2 1829/696/2 1830/697/2
f 1772/698/2 1773/695/2 1830/697/2
f 1772/698/2 1830/697/2 1831/699/2
f 1771/700/2 1772/698/2 1831/699/2
f 1771/700/2 1831/699/2 1832/701/2
f 1770/702/2 1771/700/2 1832/701/2
f 1770/702/2 1832/701/2 1833/703/2
f 1769/704/2 1770/702/2 1833/703/2
f 1769/704/2 1833/703/2 1834/705/2
f 1768/706/2 1769/704/2 1834/705/2
f 1768/706/2 1834/705/2 1835/707/2
f 1767/708/2 1768/706/2 1835/707/2
f 1767/708/2 1835/707/2 1836/709/2
f 1766/710/2 1767/708/2 1836/709/2
f 1766/710/2 1836/709/2 1837/711/2
f 1765/712/2 1766/710/2 1837/711/2
f 1764/713/2 1765/712/2 1837/711/2
f 1764/713/2 1837/711/2 1838/714/2
f 1763/715/2 1764/713/2 1838/714/2
f 1762/716/2 1763/715/2 1838/714/2
f 1762/716/2 1838/714/2 1839/717/2
f 1761/718/2 1762/716/2 1839/717/2
f 1760/719/2 1761/718/2 1839/717/2
f 1759/720/2 1760/719/2 1839/717/2
f 1759/720/2 1839/717/2 1840/721/2
f 1758/722/2 1759/720/2 1840/721/2
f 1757/723/2 1758/722/2 1840/721/2
f 1756/724/2 1757/723/2 1840/721/2
f 1755/725/2 1756/724/2 1840/721/2
f 1754/726/2 1755/725/2 1840/721/2
f 1753/727/2 1754/726/2 1840/721/2
f 1752/728/2 1753/727/2 1840/721/2
f 1751/729/2 1752/728/2 1840/721/2
f 1751/729/2 1840/721/2 1841/730/2
f 1750/731/2 1751/729/2 1841/730/2
f 1749/732/2 1750/731/2 1841/730/2
f 1749/732/2 1841/730/2 1748/733/2
f 1748/733/2 1841/730/2 1747/734/2
f 1747/734/2 1841/730/2 1842/735/2
f 1746/736/2 1747/734/2 1842/735/2
f 1745/276/2 1746/736/2 1842/735/2
f 1938/277/2 1745/276/2 1842/735/2
f 1937/737/2 1938/277/2 1842/735/2
f 1937/737/2 1842/735/2 1843/738/2
f 1936/739/2 1937/737/2 1843/738/2
f 1936/739/2 1843/738/2 1844/740/2
f 1935/741/2 1936/739/2 1844/740/2
f 1935/741/2 1844/740/2 1845/742/2
f 1934/743/2 1935/741/2 1845/742/2
f 1934/743/2 1845/742/2 1846/744/2
f 1933/745/2 1934/743/2 1846/744/2
f 1933/745/2 1846/744/2 1847/746/2
f 1932/747/2 1933/745/2 1847/746/2
f 1932/747/2 1847/746/2 1848/748/2
f 1931/749/2 1932/747/2 1848/748/2
f 1931/749/2 1848/748/2 1849/750/2
f 1930/751/2 1931/749/2 1849/750/2
f 1930/751/2 1849/750/2 1850/752/2
f 1929/753/2 1930/751/2 1850/752/2
f 1929/753/2 1850/752/2 1851/754/2
f 1928/755/2 1929/753/2 1851/754/2
f 1928/755/2 1851/754/2 1852/756/2
f 1927/757/2 1928/755/2 1852/756/2
f 1927/757/2 1852/756/2 1853/758/2
f 1926/759/2 1927/757/2 1853/758/2
f 1926/759/2 1853/758/2 1854/760/2
f 1925/761/2 1926/759/2 1854/760/2
f 1925/761/2 1854/760/2 1855/762/2
f 1924/763/2 1925/761/2 1855/762/2
f 1924/763/2 1855/762/2 1856/764/2
f 1923/765/2 1924/763/2 1856/764/2
f 1923/765/2 1856/764/2 1857/766/2
f 1922/767/2 1923/765/2 1857/766/2
f 1922/767/2 1857/766/2 1858/768/2
f 1921/769/2 1922/767/2 1858/768/2
f 1921/769/2 1858/768/2 1859/770/2
f 1920/771/2 1921/769/2 1859/770/2
f 1920/771/2 1859/770/2 1860/772/2
f 1919/773/2 1920/771/2 1860/772/2
f 1919/773/2 1860/772/2 1861/774/2
f 1918/775/2 1919/773/2 1861/774/2
f 1918/775/2 1861/774/2 1862/776/2
f 1917/777/2 1918/775/2 1862/776/2
f 1917/777/2 1862/776/2 1863/778/2
f 1916/779/2 1917/777/2 1863/778/2
f 1916/779/2 1863/778/2 1864/780/2
f 1915/781/2 1916/779/2 1864/780/2
f 1915/781/2 1864/780/2 1865/782/2
f 1914/783/2 1915/781/2 1865/782/2
f 1914/783/2 1865/782/2 1866/784/2
f 1913/785/2 1914/783/2 1866/784/2
f 1913/785/2 1866/784/2 1867/786/2
f 1913/785/2 1867/786/2 1868/787/2
f 1912/788/2 1913/785/2 1868/787/2
f 1912/788/2 1868/787/2 1869/789/2
f 1911/790/2 1912/788/2 1869/789/2
f 1911/790/2 1869/789/2 1870/791/2
f 1910/792/2 1911/790/2 1870/791/2
f 1910/792/2 1870/791/2 1871/793/2
f 1909/794/2 1910/792/2 1871/793/2
f 1909/794/2 1871/793/2 1872/795/2
f 1908/796/2 1909/794/2 1872/795/2
f 1908/796/2 1872/795/2 1873/797/2
f 1907/798/2 1908/796/2 1873/797/2
f 1907/798/2 1873/797/2 1874/799/2
f 1906/800/2 1907/798/2 1890/801/2
f 1890/801/2 1907/798/2 1874/799/2
f 1906/800/2 1890/801/2 1891/802/2
f 1889/803/2 1890/801/2 1874/799/2
f 1906/800/2 1891/802/2 1892/804/2
f 1888/805/2 1889/803/2 1874/799/2
f 1906/800/2 1892/804/2 1893/806/2
f 1887/807/2 1888/805/2 1874/799/2
f 1906/800/2 1893/806/2 1894/808/2
f 1886/809/2 1887/807/2 1874/799/2
f 1886/809/2 1874/799/2 1875/810/2
f 1905/811/2 1906/800/2 1894/808/2
f 1905/811/2 1894/808/2 1895/812/2
f 1885/813/2 1886/809/2 1875/810/2
f 1905/811/2 1895/812/2 1896/814/2
f 1884/815/2 1885/813/2 1875/810/2
f 1905/811/2 1896/814/2 1897/816/2
f 1883/817/2 1884/815/2 1875/810/2
f 1905/811/2 1897/816/2 1898/818/2
f 1882/819/2 1883/817/2 1875/810/2
f 1882/819/2 1875/810/2 1876/820/2
f 1904/821/2 1905/811/2 1898/818/2
f 1904/821/2 1898/818/2 1899/822/2
f 1881/823/2 1882/819/2 1876/820/2
f 1904/821/2 1899/822/2 1900/824/2
f 1880/825/2 1881/823/2 1876/820/2
f 1904/821/2 1900/824/2 1901/826/2
f 1879/827/2 1880/825/2 1876/820/2
f 1879/827/2 1876/820/2 1877/828/2
f 1903/829/2 1904/821/2 1901/826/2
f 1903/829/2 1901/826/2 1902/830/2
f 1878/831/2 1879/827/2 1877/828/2
f 1949/832/2 1950/834/2 1951/833/2
f 1949/832/2 1951/833/2 1952/835/2
f 1949/832/2 1952/835/2 1953/836/2
f 1948/837/2 1949/832/2 1953/836/2
f 1948/837/2 1953/836/2 1954/838/2
f 1948/837/2 1954/838/2 1955/839/2
f 1948/837/2 1955/839/2 1956/840/2
f 1947/841/2 1948/837/2 1956/840/2
f 1947/841/2 1956/840/2 1957/842/2
f 1947/841/2 1957/842/2 1958/843/2
f 1947/841/2 1958/843/2 1959/844/2
f 1946/845/2 1947/841/2 1959/844/2
f 1984/846/2 1985/848/2 1986/847/2
f 1983/849/2 1984/846/2 1986/847/2
f 1983/849/2 1986/847/2 1987/850/2
f 1983/849/2 1987/850/2 1988/851/2
f 1982/852/2 1983/849/2 1988/851/2
f 1981/853/2 1982/852/2 1988/851/2
f 1981/853/2 1988/851/2 1989/854/2
f 1946/845/2 1959/844/2 1960/855/2
f 1980/856/2 1981/853/2 1989/854/2
f 1980/856/2 1989/854/2 1990/857/2
f 1979/858/2 1980/856/2 1990/857/2
f 1978/859/2 1979/858/2 1990/857/2
f 1978/859/2 1990/857/2 1991/860/2
f 1977/861/2 1978/859/2 1991/860/2
f 1946/845/2 1960/855/2 1961/862/2
f 1977/861/2 1991/860/2 1992/863/2
f 1976/864/2 1977/861/2 1992/863/2
f 1975/865/2 1976/864/2 1992/863/2
f 1975/865/2 1992/863/2 1993/866/2
f 1974/867/2 1975/865/2 1993/866/2
f 1946/845/2 1961/862/2 1962/868/2
f 1974/867/2 1993/866/2 1994/869/2
f 1973/870/2 1974/867/2 1994/869/2
f 1945/871/2 1946/845/2 1962/868/2
f 1973/870/2 1994/869/2 1995/872/2
f 1972/873/2 1973/870/2 1995/872/2
f 1945/871/2 1962/868/2 1963/874/2
f 1945/871/2 1963/874/2 1964/875/2
f 1971/876/2 1972/873/2 1995/872/2
f 1971/876/2 1995/872/2 1996/877/2
f 1945/871/2 1964/875/2 1965/878/2
f 1970/879/2 1971/876/2 1996/877/2
f 1945/871/2 1965/878/2 1966/880/2
f 1969/881/2 1970/879/2 1996/877/2
f 1945/871/2 1966/880/2 1967/882/2
f 1969/881/2 1996/877/2 1997/883/2
f 1968/884/2 1969/881/2 1997/883/2
f 1945/871/2 1967/882/2 1968/884/2
f 1945/871/2 1968/884/2 2058/885/2
f 2058/885/2 1968/884/2 1997/883/2
f 2058/885/2 1997/883/2 1998/886/2
f 2058/885/2 1998/886/2 1999/887/2
f 1945/871/2 2058/885/2 2059/888/2
f 2057/889/2 2058/885/2 1999/887/2
f 2056/890/2 2057/889/2 1999/887/2
f 1945/871/2 2059/888/2 2060/891/2
f 2056/890/2 1999/887/2 2000/892/2
f 1944/893/2 1945/871/2 2060/891/2
f 2055/894/2 2056/890/2 2000/892/2
f 1944/893/2 2060/891/2 2061/895/2
f 2055/894/2 2000/892/2 2001/896/2
f 2055/894/2 2001/896/2 2002/897/2
f 2054/898/2 2055/894/2 2002/897/2
f 1944/893/2 2061/895/2 2062/899/2
f 2054/898/2 2002/897/2 2003/900/2
f 2054/898/2 2003/900/2 2004/901/2
f 1943/902/2 1944/893/2 2062/899/2
f 2053/903/2 2054/898/2 2004/901/2
f 1943/902/2 2062/899/2 2063/904/2
f 2053/903/2 2004/901/2 2005/905/2
f 2053/903/2 2005/905/2 2006/906/2
f 2052/907/2 2053/903/2 2006/906/2
f 2052/907/2 2006/906/2 2007/908/2
f 1943/902/2 2063/904/2 2064/909/2
f 1942/910/2 1943/902/2 2064/909/2
f 2052/907/2 2007/908/2 2008/911/2
f 2051/912/2 2052/907/2 2008/911/2
f 2051/912/2 2008/911/2 2009/913/2
f 2051/912/2 2009/913/2 2010/914/2
f 1942/910/2 2064/909/2 2065/915/2
f 2050/916/2 2051/912/2 2010/914/2
f 2050/916/2 2010/914/2 2011/917/2
f 2050/916/2 2011/917/2 2012/918/2
f 1941/919/2 1942/910/2 2065/915/2
f 2049/920/2 2050/916/2 2012/918/2
f 2049/920/2 2012/918/2 2013/921/2
f 1941/919/2 2065/915/2 2066/922/2
f 2049/920/2 2013/921/2 2014/923/2
f 2048/924/2 2049/920/2 2014/923/2
f 2048/924/2 2014/923/2 2015/925/2
f 2048/924/2 2015/925/2 2016/926/2
f 2048/924/2 2016/926/2 2017/927/2
f 2047/928/2 2048/924/2 2017/927/2
f 1941/919/2 2066/922/2 2067/929/2
f 1940/930/2 1941/919/2 2067/929/2
f 2047/928/2 2017/927/2 2018/931/2
f 2047/928/2 2018/931/2 2019/932/2
f 2046/933/2 2047/928/2 2019/932/2
f 2046/933/2 2019/932/2 2020/934/2
f 2046/933/2 2020/934/2 2021/935/2
f 2046/933/2 2021/935/2 2022/936/2
f 2045/937/2 2046/933/2 2022/936/2
f 2045/937/2 2022/936/2 2023/938/2
f 1940/930/2 2067/929/2 2068/939/2
f 2044/940/2 2045/937/2 2023/938/2
f 2044/940/2 2023/938/2 2024/941/2
f 2043/942/2 2044/940/2 2024/941/2
f 2043/942/2 2024/941/2 2025/943/2
f 2042/944/2 2043/942/2 2025/943/2
f 2042/944/2 2025/943/2 2026/945/2
f 2041/946/2 2042/944/2 2026/945/2
f 2041/946/2 2026/945/2 2027/947/2
f 2040/948/2 2041/946/2 2027/947/2
f 2040/948/2 2027/947/2 2028/949/2
f 1939/276/2 1940/930/2 2068/939/2
f 2039/950/2 2040/948/2 2028/949/2
f 2039/950/2 2028/949/2 2029/951/2
f 2038/952/2 2039/950/2 2029/951/2
f 2038/952/2 2029/951/2 2030/953/2
f 2037/954/2 2038/952/2 2030/953/2
f 2037/954/2 2030/953/2 2031/955/2
f 2036/956/2 2037/954/2 2031/955/2
f 2036/956/2 2031/955/2 2032/957/2
f 2035/958/2 2036/956/2 2032/957/2
f 2035/958/2 2032/957/2 2033/959/2
f 2034/960/2 2035/958/2 2033/959/2
f 1939/276/2 2068/939/2 2069/961/2
f 2202/277/2 1939/276/2 2069/961/2
f 2202/277/2 2069/961/2 2070/962/2
f 2201/963/2 2202/277/2 2070/962/2
f 2201/963/2 2070/962/2 2071/964/2
f 2201/963/2 2071/964/2 2072/965/2
f 2200/966/2 2201/963/2 2072/965/2
f 2105/967/2 2106/969/2 2107/968/2
f 2105/967/2 2107/968/2 2108/970/2
f 2104/971/2 2105/967/2 2108/970/2
f 2104/971/2 2108/970/2 2109/972/2
f 2103/973/2 2104/971/2 2109/972/2
f 2103/973/2 2109/972/2 2110/974/2
f 2102/975/2 2103/973/2 2110/974/2
f 2102/975/2 2110/974/2 2111/976/2
f 2101/977/2 2102/975/2 2111/976/2
f 2101/977/2 2111/976/2 2112/978/2
f 2100/979/2 2101/977/2 2112/978/2
f 2100/979/2 2112/978/2 2113/980/2
f 2099/981/2 2100/979/2 2113/980/2
f 2099/981/2 2113/980/2 2114/982/2
f 2098/983/2 2099/981/2 2114/982/2
f 2098/983/2 2114/982/2 2115/984/2
f 2097/985/2 2098/983/2 2115/984/2
f 2097/985/2 2115/984/2 2116/986/2
f 2096/987/2 2097/985/2 2116/986/2
f 2096/987/2 2116/986/2 2117/988/2
f 2095/989/2 2096/987/2 2117/988/2
f 2095/989/2 2117/988/2 2118/990/2
f 2094/991/2 2095/989/2 2118/990/2
f 2094/991/2 2118/990/2 2119/992/2
f 2093/993/2 2094/991/2 2119/992/2
f 2200/966/2 2072/965/2 2073/994/2
f 2093/993/2 2119/992/2 2120/995/2
f 2093/993/2 2120/995/2 2121/996/2
f 2093/993/2 2121/996/2 2122/997/2
f 2199/998/2 2200/966/2 2073/994/2
f 2093/993/2 2122/997/2 2123/999/2
f 2092/1000/2 2093/993/2 2123/999/2
f 2092/1000/2 2123/999/2 2124/1001/2
f 2092/1000/2 2124/1001/2 2125/1002/2
f 2199/998/2 2073/994/2 2074/1003/2
f 2092/1000/2 2125/1002/2 2126/1004/2
f 2091/1005/2 2092/1000/2 2126/1004/2
f 2091/1005/2 2126/1004/2 2127/1006/2
f 2091/1005/2 2127/1006/2 2128/1007/2
f 2198/1008/2 2199/998/2 2074/1003/2
f 2091/1005/2 2128/1007/2 2129/1009/2
f 2198/1008/2 2074/1003/2 2075/1010/2
f 2090/1011/2 2091/1005/2 2129/1009/2
f 2090/1011/2 2129/1009/2 2130/1012/2
f 2090/1011/2 2130/1012/2 2131/1013/2
f 2090/1011/2 2131/1013/2 2132/1014/2
f 2089/1015/2 2090/1011/2 2132/1014/2
f 2198/1008/2 2075/1010/2 2076/1016/2
f 2089/1015/2 2132/1014/2 2133/1017/2
f 2197/1018/2 2198/1008/2 2076/1016/2
f 2089/1015/2 2133/1017/2 2134/1019/2
f 2088/1020/2 2089/1015/2 2134/1019/2
f 2088/1020/2 2134/1019/2 2135/1021/2
f 2088/1020/2 2135/1021/2 2136/1022/2
f 2197/1018/2 2076/1016/2 2077/1023/2
f 2088/1020/2 2136/1022/2 2137/1024/2
f 2087/1025/2 2088/1020/2 2137/1024/2
f 2196/1026/2 2197/1018/2 2077/1023/2
f 2087/1025/2 2137/1024/2 2138/1027/2
f 2087/1025/2 2138/1027/2 2139/1028/2
f 2196/1026/2 2077/1023/2 2078/1029/2
f 2087/1025/2 2139/1028/2 2140/1030/2
f 2086/1031/2 2087/1025/2 2140/1030/2
f 2086/1031/2 2140/1030/2 2141/1032/2
f 2196/1026/2 2078/1029/2 2079/1033/2
f 2195/1034/2 2196/1026/2 2079/1033/2
f 2086/1031/2 2141/1032/2 2142/1035/2
f 2085/1036/2 2086/1031/2 2142/1035/2
f 2085/1036/2 2142/1035/2 2143/1037/2
f 2085/1036/2 2143/1037/2 2144/1038/2
f 2085/1036/2 2144/1038/2 2173/1039/2
f 2173/1039/2 2144/1038/2 2145/1040/2
f 2195/1034/2 2079/1033/2 2080/1041/2
f 2085/1036/2 2173/1039/2 2174/1042/2
f 2172/1043/2 2173/1039/2 2145/1040/2
f 2085/1036/2 2174/1042/2 2175/1044/2
f 2171/1045/2 2172/1043/2 2145/1040/2
f 2171/1045/2 2145/1040/2 2146/1046/2
f 2170/1047/2 2171/1045/2 2146/1046/2
f 2085/1036/2 2175/1044/2 2176/1048/2
f 2084/1049/2 2085/1036/2 2176/1048/2
f 2169/1050/2 2170/1047/2 2146/1046/2
f 2084/1049/2 2176/1048/2 2177/1051/2
f 2169/1050/2 2146/1046/2 2147/1052/2
f 2168/1053/2 2169/1050/2 2147/1052/2
f 2084/1049/2 2177/1051/2 2178/1054/2
f 2167/1055/2 2168/1053/2 2147/1052/2
f 2167/1055/2 2147/1052/2 2148/1056/2
f 2166/1057/2 2167/1055/2 2148/1056/2
f 2084/1049/2 2178/1054/2 2179/1058/2
f 2166/1057/2 2148/1056/2 2149/1059/2
f 2165/1060/2 2166/1057/2 2149/1059/2
f 2164/1061/2 2165/1060/2 2149/1059/2
f 2194/1062/2 2195/1034/2 2080/1041/2
f 2164/1061/2 2149/1059/2 2150/1063/2
f 2194/1062/2 2080/1041/2 2081/1064/2
f 2083/1065/2 2084/1049/2 2179/1058/2
f 2163/1066/2 2164/1061/2 2150/1063/2
f 2162/1067/2 2163/1066/2 2150/1063/2
f 2162/1067/2 2150/1063/2 2151/1068/2
f 2161/1069/2 2162/1067/2 2151/1068/2
f 2161/1069/2 2151/1068/2 2152/1070/2
f 2160/1071/2 2161/1069/2 2152/1070/2
f 2159/1072/2 2160/1071/2 2152/1070/2
f 2159/1072/2 2152/1070/2 2153/1073/2
f 2083/1065/2 2179/1058/2 2180/1074/2
f 2158/1075/2 2159/1072/2 2153/1073/2
f 2157/1076/2 2158/1075/2 2153/1073/2
f 2157/1076/2 2153/1073/2 2154/1077/2
f 2156/1078/2 2157/1076/2 2154/1077/2
f 2156/1078/2 2154/1077/2 2155/1079/2
f 2194/1062/2 2081/1064/2 2082/1080/2
f 2082/1080/2 2083/1065/2 2180/1074/2
f 2194/1062/2 2082/1080/2 2180/1074/2
f 2194/1062/2 2180/1074/2 2181/1081/2
f 2194/1062/2 2181/1081/2 2182/1082/2
f 2193/1083/2 2194/1062/2 2182/1082/2
f 2193/1083/2 2182/1082/2 2183/1084/2
f 2193/1083/2 2183/1084/2 2184/1085/2
f 2192/1086/2 2193/1083/2 2184/1085/2
f 2192/1086/2 2184/1085/2 2185/1087/2
f 2192/1086/2 2185/1087/2 2186/1088/2
f 2191/1089/2 2192/1086/2 2186/1088/2
f 2191/1089/2 2186/1088/2 2187/1090/2
f 2191/1089/2 2187/1090/2 2188/1091/2
f 2190/1092/2 2191/1089/2 2188/1091/2
f 2190/1092/2 2188/1091/2 2189/1093/2
s 1
f 2204/1094/3 2206/1095/4 2205/1096/4 2203/276/3
f 2206/1095/4 2208/1097/5 2207/1098/5 2205/1096/4
f 2208/1097/5 2210/1099/6 2209/1100/6 2207/1098/5
f 2210/1099/6 2212/1101/7 2211/1102/7 2209/1100/6
f 2212/1101/7 2214/1103/8 2213/1104/8 2211/1102/7
f 2214/1103/8 2216/1105/9 2215/1106/9 2213/1104/8
f 2216/1105/9 2218/1107/10 2217/1108/10 2215/1106/9
f 2218/1107/10 2220/1109/11 2219/1110/11 2217/1108/10
f 2220/1109/11 2222/1111/12 2221/1112/12 2219/1110/11
f 2222/1111/12 2224/1113/13 2223/1114/13 2221/1112/12
f 2224/1113/13 2226/1115/14 2225/1116/14 2223/1114/13
f 2226/1115/14 2228/1117/15 2227/1118/15 2225/1116/14
f 2228/1117/15 2230/1119/16 2229/1120/16 2227/1118/15
f 2230/1119/16 2232/1121/17 2231/1122/17 2229/1120/16
f 2232/1121/17 2234/1123/18 2233/1124/18 2231/1122/17
f 2234/1123/18 2236/1125/19 2235/1126/19 2233/1124/18
f 2236/1125/19 2238/1127/20 2237/1128/20 2235/1126/19
f 2238/1127/20 2240/1129/21 2239/1130/21 2237/1128/20
f 2240/1129/21 2242/1131/22 2241/1132/22 2239/1130/21
f 2242/1131/22 2244/1133/23 2243/1134/23 2241/1132/22
f 2244/1133/23 2246/1135/24 2245/1136/24 2243/1134/23
f 2246/1135/24 2248/1137/25 2247/1138/25 2245/1136/24
f 2248/1137/25 2250/1139/26 2249/1140/26 2247/1138/25
f 2250/1139/26 2252/1141/27 2251/1142/27 2249/1140/26
f 2252/1141/27 2254/1143/28 2253/1144/28 2251/1142/27
f 2254/1143/28 2256/1145/29 2255/1146/29 2253/1144/28
f 2256/1145/29 2258/1147/30 2257/1148/30 2255/1146/29
f 2258/1147/30 2260/1149/31 2259/1150/31 2257/1148/30
f 2260/1149/31 2262/1151/32 2261/1152/32 2259/1150/31
f 2262/1151/32 2264/1153/33 2263/1154/33 2261/1152/32
f 2264/1153/33 2266/1155/34 2265/1156/34 2263/1154/33
f 2266/1155/34 2268/1157/35 2267/1158/35 2265/1156/34
f 2268/1157/35 2270/1159/36 2269/1160/36 2267/1158/35
f 2270/1159/36 2272/1161/37 2271/1162/37 2269/1160/36
f 2272/1161/37 2274/1163/38 2273/1164/38 2271/1162/37
f 2274/1163/38 2276/1165/39 2275/1166/39 2273/1164/38
f 2276/1165/39 2278/1167/40 2277/1168/40 2275/1166/39
f 2278/1167/40 2280/1169/41 2279/1170/41 2277/1168/40
f 2280/1169/41 2282/1171/42 2281/1172/42 2279/1170/41
f 2282/1171/42 2284/1173/43 2283/1174/43 2281/1172/42
f 2284/1173/43 2286/1175/44 2285/1176/44 2283/1174/43
f 2286/1175/44 2288/1177/45 2287/1178/45 2285/1176/44
f 2288/1177/45 2290/1179/46 2289/1180/46 2287/1178/45
f 2290/1179/46 2292/1181/47 2291/1182/47 2289/1180/46
f 2292/1181/47 2294/1183/48 2293/1184/48 2291/1182/47
f 2294/1183/48 2296/1185/49 2295/1186/49 2293/1184/48
f 2296/1185/49 2298/1187/50 2297/1188/50 2295/1186/49
f 2298/1187/50 2300/1189/51 2299/1190/51 2297/1188/50
f 2300/1189/51 2302/1191/52 2301/1192/52 2299/1190/51
f 2302/1191/52 2304/1193/53 2303/1194/53 2301/1192/52
f 2304/1193/53 2306/1195/54 2305/1196/54 2303/1194/53
f 2306/1195/54 2308/1197/55 2307/1198/55 2305/1196/54
f 2308/1197/55 2310/1199/56 2309/1200/56 2307/1198/55
f 2310/1199/56 2312/1201/57 2311/1202/57 2309/1200/56
f 2312/1201/57 2314/1203/58 2313/1204/58 2311/1202/57
f 2314/1203/58 2316/1205/59 2315/1206/59 2313/1204/58
f 2316/1205/59 2318/1207/60 2317/1208/60 2315/1206/59
f 2318/1207/60 2320/1209/61 2319/1210/61 2317/1208/60
f 2320/1209/61 2322/1211/62 2321/1212/62 2319/1210/61
f 2322/1211/62 2324/1213/63 2323/1214/63 2321/1212/62
f 2324/1213/63 2326/1215/64 2325/1216/64 2323/1214/63
f 2326/1215/64 2328/1217/65 2327/1218/65 2325/1216/64
f 2328/1217/65 2330/1219/66 2329/1220/66 2327/1218/65
f 2330/1219/66 2332/1221/67 2331/1222/67 2329/1220/66
f 2332/1221/67 2334/1223/68 2333/1224/68 2331/1222/67
f 2334/1223/68 2336/1225/69 2335/1226/69 2333/1224/68
f 2336/1225/69 2338/1227/70 2337/1228/70 2335/1226/69
f 2338/1227/70 2340/1229/71 2339/1230/71 2337/1228/70
f 2340/1229/71 2342/1231/72 2341/1232/72 2339/1230/71
f 2342/1231/72 2344/1233/73 2343/1234/73 2341/1232/72
f 2344/1233/73 2346/1235/74 2345/1236/74 2343/1234/73
f 2346/1235/74 2348/1237/75 2347/1238/75 2345/1236/74
f 2348/1237/75 2350/1239/76 2349/1240/76 2347/1238/75
f 2350/1239/76 2352/1241/77 2351/1242/77 2349/1240/76
f 2352/1241/77 2354/1243/78 2353/1244/78 2351/1242/77
f 2354/1243/78 2356/1245/79 2355/1246/79 2353/1244/78
f 2356/1245/79 2358/1247/80 2357/1248/80 2355/1246/79
f 2358/1247/80 2360/1249/81 2359/1250/81 2357/1248/80
f 2360/1249/81 2362/1251/82 2361/1252/82 2359/1250/81
f 2362/1251/82 2364/1253/83 2363/1254/83 2361/1252/82
f 2364/1253/83 2366/1255/84 2365/1256/84 2363/1254/83
f 2366/1255/84 2368/1257/85 2367/1258/85 2365/1256/84
f 2368/1257/85 2370/1259/86 2369/1260/86 2367/1258/85
f 2370/1259/86 2372/1261/87 2371/1262/87 2369/1260/86
f 2372/1261/87 2374/1263/88 2373/1264/88 2371/1262/87
f 2374/1263/88 2376/1265/89 2375/1266/89 2373/1264/88
f 2376/1265/89 2378/1267/90 2377/1268/90 2375/1266/89
f 2378/1267/90 2380/1269/91 2379/1270/91 2377/1268/90
f 2380/1269/91 2382/1271/92 2381/1272/92 2379/1270/91
f 2382/1271/92 2384/1273/93 2383/1274/93 2381/1272/92
f 2384/1273/93 2386/1275/94 2385/1276/94 2383/1274/93
f 2386/1275/94 2388/1277/95 2387/1278/95 2385/1276/94
f 2388/1277/95 2390/1279/96 2389/1280/96 2387/1278/95
f 2390/1279/96 2392/1281/97 2391/1282/97 2389/1280/96
f 2392/1281/97 2394/1283/98 2393/1284/98 2391/1282/97
f 2394/1283/98 2396/1285/99 2395/1286/99 2393/1284/98
f 2396/1285/99 2398/1287/100 2397/1288/100 2395/1286/99
f 2398/1287/100 2400/1289/101 2399/1290/101 2397/1288/100
f 2400/1289/101 2402/1291/102 2401/1292/102 2399/1290/101
f 2402/1291/102 2404/1293/103 2403/1294/103 2401/1292/102
f 2404/1293/103 2406/1295/104 2405/1296/104 2403/1294/103
f 2406/1295/104 2408/1297/105 2407/1298/105 2405/1296/104
f 2408/1297/105 2410/1299/106 2409/1300/106 2407/1298/105
f 2410/1299/106 2412/1301/107 2411/1302/107 2409/1300/106
f 2412/1301/107 2414/1303/108 2413/1304/108 2411/1302/107
f 2414/1303/108 2416/1305/109 2415/1306/109 2413/1304/108
f 2416/1305/109 2418/1307/110 2417/1308/110 2415/1306/109
f 2418/1307/110 2420/1309/111 2419/1310/111 2417/1308/110
f 2420/1309/111 2422/1311/112 2421/1312/112 2419/1310/111
f 2422/1311/112 2424/1313/113 2423/1314/113 2421/1312/112
f 2424/1313/113 2426/1315/114 2425/1316/114 2423/1314/113
f 2426/1315/114 2428/1317/115 2427/1318/115 2425/1316/114
f 2428/1317/115 2430/1319/116 2429/1320/116 2427/1318/115
f 2430/1319/116 2432/1321/117 2431/1322/117 2429/1320/116
f 2432/1321/117 2434/1323/118 2433/1324/118 2431/1322/117
f 2434/1323/118 2436/1325/119 2435/1326/119 2433/1324/118
f 2436/1325/119 2438/1327/120 2437/1328/120 2435/1326/119
f 2438/1327/120 2440/1329/121 2439/1330/121 2437/1328/120
f 2440/1329/121 2442/1331/122 2441/1332/122 2439/1330/121
f 2442/1331/122 2444/1333/123 2443/1334/123 2441/1332/122
f 2444/1333/123 2446/1335/124 2445/1336/124 2443/1334/123
f 2446/1335/124 2448/1337/125 2447/1338/125 2445/1336/124
f 2448/1337/125 2450/1339/126 2449/1340/126 2447/1338/125
f 2450/1339/126 2452/1341/127 2451/1342/127 2449/1340/126
f 2452/1341/127 2454/1343/128 2453/1344/128 2451/1342/127
f 2454/1343/128 2456/1345/129 2455/1346/129 2453/1344/128
f 2456/1345/129 2458/1347/130 2457/1348/130 2455/1346/129
f 2458/1347/130 2460/1349/131 2459/1350/131 2457/1348/130
f 2460/1349/131 2462/1351/132 2461/1352/132 2459/1350/131
f 2462/1351/132 2464/1353/133 2463/1354/133 2461/1352/132
f 2464/1353/133 2466/1355/134 2465/1356/134 2463/1354/133
f 2466/1355/134 2468/1357/135 2467/461/135 2465/1356/134
f 2468/1357/135 2470/1358/136 2469/1359/136 2467/461/135
f 2470/1358/136 2472/1360/137 2471/1361/137 2469/1359/136
f 2472/1360/137 2474/1362/138 2473/1363/138 2471/1361/137
f 2474/1362/138 2476/1364/139 2475/1365/139 2473/1363/138
f 2476/1364/139 2478/1366/140 2477/1367/140 2475/1365/139
f 2478/1366/140 2480/1368/141 2479/1369/141 2477/1367/140
f 2480/1368/141 2482/1370/142 2481/1371/142 2479/1369/141
f 2482/1370/142 2484/1372/143 2483/1373/143 2481/1371/142
f 2484/1372/143 2486/1374/144 2485/1375/144 2483/1373/143
f 2486/1374/144 2488/1376/145 2487/1377/145 2485/1375/144
f 2488/1376/145 2490/1378/146 2489/1379/146 2487/1377/145
f 2490/1378/146 2492/1380/147 2491/1381/147 2489/1379/146
f 2492/1380/147 2494/1382/148 2493/1383/148 2491/1381/147
f 2494/1382/148 2496/1384/149 2495/1385/149 2493/1383/148
f 2496/1384/149 2498/1386/150 2497/1387/150 2495/1385/149
f 2498/1386/150 2500/1388/151 2499/1389/151 2497/1387/150
f 2500/1388/151 2502/1390/152 2501/1391/152 2499/1389/151
f 2502/1390/152 2504/1392/153 2503/1393/153 2501/1391/152
f 2504/1392/153 2506/1394/154 2505/1395/154 2503/1393/153
f 2506/1394/154 2508/1396/155 2507/1397/155 2505/1395/154
f 2508/1396/155 2510/1398/156 2509/1399/156 2507/1397/155
f 2510/1398/156 2512/1400/157 2511/1401/157 2509/1399/156
f 2512/1400/157 2514/1402/158 2513/1403/158 2511/1401/157
f 2514/1402/158 2516/1404/159 2515/1405/159 2513/1403/158
f 2516/1404/159 2518/1406/160 2517/1407/160 2515/1405/159
f 2518/1406/160 2520/1408/161 2519/1409/161 2517/1407/160
f 2520/1408/161 2522/1410/162 2521/1411/162 2519/1409/161
f 2522/1410/162 2524/1412/163 2523/1413/163 2521/1411/162
f 2524/1412/163 2526/1414/164 2525/1415/164 2523/1413/163
f 2526/1414/164 2528/1416/165 2527/1417/165 2525/1415/164
f 2528/1416/165 2530/1418/166 2529/1419/166 2527/1417/165
f 2530/1418/166 2532/1420/167 2531/1421/167 2529/1419/166
f 2532/1420/167 2534/1422/168 2533/1423/168 2531/1421/167
f 2534/1422/168 2536/1424/169 2535/1425/169 2533/1423/168
f 2536/1424/169 2538/1426/170 2537/1427/170 2535/1425/169
f 2538/1426/170 2540/1428/171 2539/1429/171 2537/1427/170
f 2540/1428/171 2542/1430/172 2541/1431/172 2539/1429/171
f 2542/1430/172 2544/1432/173 2543/1433/173 2541/1431/172
f 2544/1432/173 2546/1434/174 2545/1435/174 2543/1433/173
f 2546/1434/174 2548/1436/175 2547/1437/175 2545/1435/174
f 2548/1436/175 2550/1438/176 2549/1439/176 2547/1437/175
f 2550/1438/176 2552/1440/177 2551/1441/177 2549/1439/176
f 2552/1440/177 2554/1442/178 2553/1443/178 2551/1441/177
f 2554/1442/178 2556/1444/179 2555/1445/179 2553/1443/178
f 2556/1444/179 2558/1446/180 2557/1447/180 2555/1445/179
f 2558/1446/180 2560/1448/181 2559/1449/181 2557/1447/180
f 2560/1448/181 2562/1450/182 2561/1451/182 2559/1449/181
f 2562/1450/182 2564/1452/183 2563/1453/183 2561/1451/182
f 2564/1452/183 2566/1454/184 2565/1455/184 2563/1453/183
f 2566/1454/184 2568/1456/185 2567/1457/185 2565/1455/184
f 2568/1456/185 2570/1458/186 2569/1459/186 2567/1457/185
f 2570/1458/186 2572/1460/187 2571/1461/187 2569/1459/186
f 2572/1460/187 2574/1462/188 2573/1463/188 2571/1461/187
f 2574/1462/188 2576/1464/189 2575/1465/189 2573/1463/188
f 2576/1464/189 2578/1466/190 2577/1467/190 2575/1465/189
f 2578/1466/190 2580/1468/191 2579/1469/191 2577/1467/190
f 2580/1468/191 2582/1470/192 2581/1471/192 2579/1469/191
f 2582/1470/192 2584/1472/193 2583/1473/193 2581/1471/192
f 2584/1472/193 2586/1474/194 2585/1475/194 2583/1473/193
f 2586/1474/194 2588/1476/195 2587/1477/195 2585/1475/194
f 2588/1476/195 2590/1478/196 2589/1479/196 2587/1477/195
f 2590/1478/196 2592/1480/197 2591/1481/197 2589/1479/196
f 2592/1480/197 2594/1482/198 2593/1483/198 2591/1481/197
f 2594/1482/198 2596/1484/199 2595/1485/199 2593/1483/198
f 2596/1484/199 2598/1486/200 2597/1487/200 2595/1485/199
f 2598/1486/200 2600/1488/201 2599/1489/201 2597/1487/200
f 2600/1488/201 2602/1490/202 2601/1491/202 2599/1489/201
f 2602/1490/202 2604/1492/203 2603/1493/203 2601/1491/202
f 2604/1492/203 2606/1494/204 2605/1495/204 2603/1493/203
f 2606/1494/204 2608/1496/205 2607/1497/205 2605/1495/204
f 2608/1496/205 2610/1498/206 2609/1499/206 2607/1497/205
f 2610/1498/206 2612/1500/207 2611/1501/207 2609/1499/206
f 2612/1500/207 2614/1502/208 2613/1503/208 2611/1501/207
f 2614/1502/208 2616/1504/209 2615/1505/209 2613/1503/208
f 2616/1504/209 2618/1506/210 2617/1507/210 2615/1505/209
f 2618/1506/210 2620/1508/211 2619/1509/211 2617/1507/210
f 2620/1508/211 2622/1510/212 2621/1511/212 2619/1509/211
f 2622/1510/212 2624/1512/213 2623/1513/213 2621/1511/212
f 2624/1512/213 2626/1514/214 2625/1515/214 2623/1513/213
f 2626/1514/214 2628/1516/215 2627/1517/215 2625/1515/214
f 2628/1516/215 2630/1518/216 2629/1519/216 2627/1517/215
f 2630/1518/216 2632/1520/217 2631/1521/217 2629/1519/216
f 2632/1520/217 2634/1522/218 2633/1523/218 2631/1521/217
f 2634/1522/218 2636/1524/219 2635/1525/219 2633/1523/218
f 2636/1524/219 2638/1526/220 2637/1527/220 2635/1525/219
f 2638/1526/220 2640/1528/221 2639/1529/221 2637/1527/220
f 2640/1528/221 2642/1530/222 2641/1531/222 2639/1529/221
f 2642/1530/222 2644/1532/223 2643/1533/223 2641/1531/222
f 2644/1532/223 2646/1534/224 2645/1535/224 2643/1533/223
f 2646/1534/224 2648/1536/225 2647/1537/225 2645/1535/224
f 2648/1536/225 2650/1538/226 2649/1539/226 2647/1537/225
f 2650/1538/226 2652/1540/227 2651/1541/227 2649/1539/226
f 2652/1540/227 2654/1542/228 2653/1543/228 2651/1541/227
f 2654/1542/228 2656/1544/229 2655/1545/229 2653/1543/228
f 2656/1544/229 2658/1546/230 2657/1547/230 2655/1545/229
f 2658/1546/230 2660/1548/231 2659/1549/231 2657/1547/230
f 2660/1548/231 2662/1550/232 2661/1551/232 2659/1549/231
f 2662/1550/232 2664/1552/233 2663/1553/233 2661/1551/232
f 2664/1552/233 2666/1554/234 2665/1555/234 2663/1553/233
f 2666/1554/234 2668/1556/235 2667/1557/235 2665/1555/234
f 2668/1556/235 2670/1558/236 2669/1559/236 2667/1557/235
f 2670/1558/236 2672/1560/237 2671/1561/237 2669/1559/236
f 2672/1560/237 2674/1562/238 2673/1563/238 2671/1561/237
f 2674/1562/238 2676/1564/239 2675/1565/239 2673/1563/238
f 2676/1564/239 2678/1566/240 2677/1567/240 2675/1565/239
f 2678/1566/240 2680/1568/241 2679/1569/241 2677/1567/240
f 2680/1568/241 2682/1570/242 2681/1571/242 2679/1569/241
f 2682/1570/242 2684/1572/243 2683/1573/243 2681/1571/242
f 2684/1572/243 2686/1574/244 2685/1575/244 2683/1573/243
f 2686/1574/244 2688/1576/245 2687/1577/245 2685/1575/244
f 2688/1576/245 2690/1578/246 2689/1579/246 2687/1577/245
f 2690/1578/246 2692/1580/247 2691/1581/247 2689/1579/246
f 2692/1580/247 2694/1582/248 2693/1583/248 2691/1581/247
f 2694/1582/248 2696/1584/249 2695/1585/249 2693/1583/248
f 2696/1584/249 2698/1586/250 2697/1587/250 2695/1585/249
f 2698/1586/250 2700/1588/251 2699/1589/251 2697/1587/250
f 2700/1588/251 2702/1590/252 2701/1591/252 2699/1589/251
f 2702/1590/252 2704/1592/253 2703/1593/253 2701/1591/252
f 2704/1592/253 2706/1594/254 2705/1595/254 2703/1593/253
f 2706/1594/254 2708/1596/255 2707/1597/255 2705/1595/254
f 2708/1596/255 2710/1598/256 2709/1599/256 2707/1597/255
f 2710/1598/256 2712/1600/257 2711/1601/257 2709/1599/256
f 2712/1600/257 2714/1602/258 2713/1603/258 2711/1601/257
f 2714/1602/258 2716/1604/259 2715/1605/259 2713/1603/258
f 2716/1604/259 2718/1606/260 2717/1607/260 2715/1605/259
f 2718/1606/260 2720/1608/261 2719/1609/261 2717/1607/260
f 2720/1608/261 2722/1610/262 2721/1611/262 2719/1609/261
f 2722/1610/262 2724/1612/263 2723/1613/263 2721/1611/262
f 2724/1612/263 2726/1614/264 2725/1615/264 2723/1613/263
f 2726/1614/264 2728/1616/265 2727/1617/265 2725/1615/264
f 2728/1616/265 2730/1618/266 2729/1619/266 2727/1617/265
f 2730/1618/266 2204/1620/3 2203/277/3 2729/1619/266
f 2732/1094/267 2734/1621/268 2733/1622/268 2731/276/267
f 2734/1621/268 2736/1623/269 2735/1624/269 2733/1622/268
f 2736/1623/269 2738/1625/270 2737/1626/270 2735/1624/269
f 2738/1625/270 2740/1627/271 2739/1628/271 2737/1626/270
f 2740/1627/271 2742/1629/272 2741/1630/272 2739/1628/271
f 2742/1629/272 2744/1631/273 2743/1632/273 2741/1630/272
f 2744/1631/273 2746/1633/274 2745/1634/274 2743/1632/273
f 2746/1633/274 2748/1635/275 2747/1636/275 2745/1634/274
f 2748/1635/275 2750/1637/276 2749/1638/276 2747/1636/275
f 2750/1637/276 2752/1639/277 2751/1640/277 2749/1638/276
f 2752/1639/277 2754/1641/278 2753/1642/278 2751/1640/277
f 2754/1641/278 2756/1643/279 2755/1644/279 2753/1642/278
f 2756/1643/279 2758/1645/280 2757/1646/280 2755/1644/279
f 2758/1645/280 2760/1647/281 2759/1648/281 2757/1646/280
f 2760/1647/281 2762/1649/282 2761/1650/282 2759/1648/281
f 2762/1649/282 2764/1651/283 2763/1652/283 2761/1650/282
f 2764/1651/283 2766/1653/284 2765/1654/284 2763/1652/283
f 2766/1653/284 2768/1655/285 2767/1656/285 2765/1654/284
f 2768/1655/285 2770/1657/286 2769/1658/286 2767/1656/285
f 2770/1657/286 2772/1659/287 2771/1660/287 2769/1658/286
f 2772/1659/287 2774/1661/288 2773/1662/288 2771/1660/287
f 2774/1661/288 2776/1663/289 2775/1664/289 2773/1662/288
f 2776/1663/289 2778/1665/290 2777/1666/290 2775/1664/289
f 2778/1665/290 2780/1667/291 2779/1668/291 2777/1666/290
f 2780/1667/291 2782/1669/292 2781/1670/292 2779/1668/291
f 2782/1669/292 2784/1671/293 2783/1672/293 2781/1670/292
f 2784/1671/293 2786/1673/294 2785/1674/294 2783/1672/293
f 2786/1673/294 2788/1675/295 2787/1676/295 2785/1674/294
f 2788/1675/295 2790/1677/296 2789/1678/296 2787/1676/295
f 2790/1677/296 2792/1679/297 2791/1680/297 2789/1678/296
f 2792/1679/297 2794/1681/298 2793/1682/298 2791/1680/297
f 2794/1681/298 2796/1683/299 2795/1684/299 2793/1682/298
f 2796/1683/299 2798/1685/300 2797/1686/300 2795/1684/299
f 2798/1685/300 2800/1687/301 2799/1688/301 2797/1686/300
f 2800/1687/301 2802/1689/302 2801/1690/302 2799/1688/301
f 2802/1689/302 2804/1691/303 2803/1692/303 2801/1690/302
f 2804/1691/303 2806/1693/304 2805/1694/304 2803/1692/303
f 2806/1693/304 2808/1695/305 2807/1696/305 2805/1694/304
f 2808/1695/305 2810/1697/306 2809/1698/306 2807/1696/305
f 2810/1697/306 2812/1699/307 2811/1700/307 2809/1698/306
f 2812/1699/307 2814/1701/308 2813/1702/308 2811/1700/307
f 2814/1701/308 2816/1703/309 2815/1704/309 2813/1702/308
f 2816/1703/309 2818/1705/310 2817/1706/310 2815/1704/309
f 2818/1705/310 2820/1707/311 2819/1708/311 2817/1706/310
f 2820/1707/311 2822/1709/312 2821/1710/312 2819/1708/311
f 2822/1709/312 2824/1711/302 2823/1712/302 2821/1710/312
f 2824/1711/302 2826/1713/313 2825/1714/313 2823/1712/302
f 2826/1713/313 2828/1715/314 2827/1716/314 2825/1714/313
f 2828/1715/314 2830/1717/315 2829/1718/315 2827/1716/314
f 2830/1717/315 2832/1719/316 2831/1720/316 2829/1718/315
f 2832/1719/316 2834/1721/317 2833/1722/317 2831/1720/316
f 2834/1721/317 2836/1723/318 2835/1724/318 2833/1722/317
f 2836/1723/318 2838/1725/319 2837/1726/319 2835/1724/318
f 2838/1725/319 2840/1727/320 2839/1728/320 2837/1726/319
f 2840/1727/320 2842/1729/321 2841/1730/321 2839/1728/320
f 2842/1729/321 2844/1731/322 2843/1732/322 2841/1730/321
f 2844/1731/322 2846/1733/323 2845/1734/323 2843/1732/322
f 2846/1733/323 2848/1735/324 2847/1736/324 2845/1734/323
f 2848/1735/324 2850/1737/325 2849/1738/325 2847/1736/324
f 2850/1737/325 2852/1739/326 2851/1740/326 2849/1738/325
f 2852/1739/326 2854/1741/327 2853/1742/327 2851/1740/326
f 2854/1741/327 2856/1743/328 2855/1744/328 2853/1742/327
f 2856/1743/328 2858/1745/329 2857/1746/329 2855/1744/328
f 2858/1745/329 2860/1747/330 2859/1748/330 2857/1746/329
f 2860/1747/330 2862/1749/331 2861/1750/331 2859/1748/330
f 2862/1749/331 2864/1751/332 2863/1752/332 2861/1750/331
f 2864/1751/332 2866/1753/333 2865/1754/333 2863/1752/332
f 2866/1753/333 2868/1755/334 2867/1756/334 2865/1754/333
f 2868/1755/334 2870/1757/335 2869/1758/335 2867/1756/334
f 2870/1757/335 2872/1759/336 2871/1760/336 2869/1758/335
f 2872/1759/336 2874/1761/337 2873/1762/337 2871/1760/336
f 2874/1761/337 2876/1763/338 2875/1764/338 2873/1762/337
f 2876/1763/338 2878/1765/339 2877/1766/339 2875/1764/338
f 2878/1765/339 2880/1767/340 2879/1768/340 2877/1766/339
f 2880/1767/340 2882/1769/341 2881/1770/341 2879/1768/340
f 2882/1769/341 2884/1771/342 2883/1772/342 2881/1770/341
f 2884/1771/342 2886/1773/343 2885/1774/343 2883/1772/342
f 2886/1773/343 2888/1775/344 2887/1776/344 2885/1774/343
f 2888/1775/344 2890/1777/345 2889/1778/345 2887/1776/344
f 2890/1777/345 2892/1779/346 2891/1780/346 2889/1778/345
f 2892/1779/346 2894/1781/347 2893/1782/347 2891/1780/346
f 2894/1781/347 2896/1783/348 2895/1784/348 2893/1782/347
f 2896/1783/348 2898/1785/349 2897/1786/349 2895/1784/348
f 2898/1785/349 2900/1787/350 2899/1788/350 2897/1786/349
f 2900/1787/350 2902/1789/351 2901/1790/351 2899/1788/350
f 2902/1789/351 2904/1791/352 2903/1792/352 2901/1790/351
f 2904/1791/352 2906/1793/353 2905/1794/353 2903/1792/352
f 2906/1793/353 2908/1795/354 2907/1796/354 2905/1794/353
f 2908/1795/354 2910/1797/355 2909/1798/355 2907/1796/354
f 2910/1797/355 2912/1799/356 2911/1800/356 2909/1798/355
f 2912/1799/356 2914/1801/357 2913/1802/357 2911/1800/356
f 2914/1801/357 2916/1803/358 2915/1804/358 2913/1802/357
f 2916/1803/358 2918/1805/359 2917/1806/359 2915/1804/358
f 2918/1805/359 2920/1807/360 2919/1808/360 2917/1806/359
f 2920/1807/360 2922/1809/361 2921/1810/361 2919/1808/360
f 2922/1809/361 2924/1811/362 2923/1812/362 2921/1810/361
f 2924/1811/362 2926/1357/363 2925/461/363 2923/1812/362
f 2926/1357/363 2928/1813/364 2927/1814/364 2925/461/363
f 2928/1813/364 2930/1815/365 2929/1816/365 2927/1814/364
f 2930/1815/365 2932/1817/366 2931/1818/366 2929/1816/365
f 2932/1817/366 2934/1819/367 2933/1820/367 2931/1818/366
f 2934/1819/367 2936/1821/368 2935/1822/368 2933/1820/367
f 2936/1821/368 2938/1823/369 2937/1824/369 2935/1822/368
f 2938/1823/369 2940/1825/370 2939/1826/370 2937/1824/369
f 2940/1825/370 2942/1827/371 2941/1828/371 2939/1826/370
f 2942/1827/371 2944/1829/372 2943/1830/372 2941/1828/371
f 2944/1829/372 2946/1831/373 2945/1832/373 2943/1830/372
f 2946/1831/373 2948/1833/374 2947/1834/374 2945/1832/373
f 2948/1833/374 2950/1835/375 2949/1836/375 2947/1834/374
f 2950/1835/375 2952/1837/376 2951/1838/376 2949/1836/375
f 2952/1837/376 2954/1839/377 2953/1840/377 2951/1838/376
f 2954/1839/377 2956/1841/378 2955/1842/378 2953/1840/377
f 2956/1841/378 2958/1843/379 2957/1844/379 2955/1842/378
f 2958/1843/379 2960/1845/380 2959/1846/380 2957/1844/379
f 2960/1845/380 2962/1847/381 2961/1848/381 2959/1846/380
f 2962/1847/381 2964/1849/382 2963/1850/382 2961/1848/381
f 2964/1849/382 2966/1851/383 2965/1852/383 2963/1850/382
f 2966/1851/383 2968/1853/384 2967/1854/384 2965/1852/383
f 2968/1853/384 2970/1855/385 2969/1856/385 2967/1854/384
f 2970/1855/385 2972/1857/386 2971/1858/386 2969/1856/385
f 2972/1857/386 2974/1859/387 2973/1860/387 2971/1858/386
f 2974/1859/387 2976/1861/388 2975/1862/388 2973/1860/387
f 2976/1861/388 2978/1863/389 2977/1864/389 2975/1862/388
f 2978/1863/389 2980/1865/390 2979/1866/390 2977/1864/389
f 2980/1865/390 2982/1867/128 2981/1868/128 2979/1866/390
f 2982/1867/128 2984/1869/391 2983/1870/391 2981/1868/128
f 2984/1869/391 2986/1871/392 2985/1872/392 2983/1870/391
f 2986/1871/392 2988/1873/393 2987/1874/393 2985/1872/392
f 2988/1873/393 2990/1875/394 2989/1876/394 2987/1874/393
f 2990/1875/394 2992/1877/395 2991/1878/395 2989/1876/394
f 2992/1877/395 2994/1879/396 2993/1880/396 2991/1878/395
f 2994/1879/396 2996/1881/397 2995/1882/397 2993/1880/396
f 2996/1881/397 2998/1883/398 2997/1884/398 2995/1882/397
f 2998/1883/398 3000/1885/399 2999/1886/399 2997/1884/398
f 3000/1885/399 3002/1887/400 3001/1888/400 2999/1886/399
f 3002/1887/400 3004/1889/401 3003/1890/401 3001/1888/400
f 3004/1889/401 3006/1891/402 3005/1892/402 3003/1890/401
f 3006/1891/402 3008/1893/403 3007/1894/403 3005/1892/402
f 3008/1893/403 3010/1895/404 3009/1896/404 3007/1894/403
f 3010/1895/404 3012/1897/405 3011/1898/405 3009/1896/404
f 3012/1897/405 3014/1899/406 3013/1900/406 3011/1898/405
f 3014/1899/406 3016/1901/407 3015/1902/407 3013/1900/406
f 3016/1901/407 3018/1903/408 3017/1904/408 3015/1902/407
f 3018/1903/408 3020/1905/409 3019/1906/409 3017/1904/408
f 3020/1905/409 3022/1907/410 3021/1908/410 3019/1906/409
f 3022/1907/410 3024/1909/411 3023/1910/411 3021/1908/410
f 3024/1909/411 3026/1911/412 3025/1912/412 3023/1910/411
f 3026/1911/412 3028/1913/413 3027/1914/413 3025/1912/412
f 3028/1913/413 3030/1915/414 3029/1916/414 3027/1914/413
f 3030/1915/414 3032/1917/415 3031/1918/415 3029/1916/414
f 3032/1917/415 3034/1919/416 3033/1920/416 3031/1918/415
f 3034/1919/416 3036/1921/417 3035/1922/417 3033/1920/416
f 3036/1921/417 3038/1923/418 3037/1924/418 3035/1922/417
f 3038/1923/418 3040/1925/419 3039/1926/419 3037/1924/418
f 3040/1925/419 3042/1927/420 3041/1928/420 3039/1926/419
f 3042/1927/420 3044/1929/421 3043/1930/421 3041/1928/420
f 3044/1929/421 3046/1931/422 3045/1932/422 3043/1930/421
f 3046/1931/422 3048/1933/423 3047/1934/423 3045/1932/422
f 3048/1933/423 3050/1935/424 3049/1936/424 3047/1934/423
f 3050/1935/424 3052/1937/425 3051/1938/425 3049/1936/424
f 3052/1937/425 3054/1939/426 3053/1940/426 3051/1938/425
f 3054/1939/426 3056/1941/427 3055/1942/427 3053/1940/426
f 3056/1941/427 3058/1943/428 3057/1944/428 3055/1942/427
f 3058/1943/428 3060/1945/429 3059/1946/429 3057/1944/428
f 3060/1945/429 3062/1947/430 3061/1948/430 3059/1946/429
f 3062/1947/430 3064/1949/431 3063/1950/431 3061/1948/430
f 3064/1949/431 3066/1951/432 3065/1952/432 3063/1950/431
f 3066/1951/432 3068/1953/433 3067/1954/433 3065/1952/432
f 3068/1953/433 3070/1955/434 3069/1956/434 3067/1954/433
f 3070/1955/434 3072/1957/435 3071/1958/435 3069/1956/434
f 3072/1957/435 3074/1959/436 3073/1960/436 3071/1958/435
f 3074/1959/436 3076/1961/437 3075/1962/437 3073/1960/436
f 3076/1961/437 3078/1963/438 3077/1964/438 3075/1962/437
f 3078/1963/438 3080/1965/439 3079/1966/439 3077/1964/438
f 3080/1965/439 3082/1967/440 3081/1968/440 3079/1966/439
f 3082/1967/440 3084/1969/441 3083/1970/441 3081/1968/440
f 3084/1969/441 3086/1971/442 3085/1972/442 3083/1970/441
f 3086/1971/442 3088/1973/443 3087/1974/443 3085/1972/442
f 3088/1973/443 3090/1975/444 3089/1976/444 3087/1974/443
f 3090/1975/444 3092/1977/445 3091/1978/445 3089/1976/444
f 3092/1977/445 3094/1979/446 3093/1980/446 3091/1978/445
f 3094/1979/446 3096/1981/447 3095/1982/447 3093/1980/446
f 3096/1981/447 3098/1983/448 3097/1984/448 3095/1982/447
f 3098/1983/448 3100/1985/449 3099/1986/449 3097/1984/448
f 3100/1985/449 3102/1987/450 3101/1988/450 3099/1986/449
f 3102/1987/450 3104/1989/451 3103/1990/451 3101/1988/450
f 3104/1989/451 3106/1991/452 3105/1992/452 3103/1990/451
f 3106/1991/452 3108/1993/453 3107/1994/453 3105/1992/452
f 3108/1993/453 3110/1995/454 3109/1996/454 3107/1994/453
f 3110/1995/454 3112/1997/455 3111/1998/455 3109/1996/454
f 3112/1997/455 3114/1999/456 3113/2000/456 3111/1998/455
f 3114/1999/456 3116/2001/457 3115/2002/457 3113/2000/456
f 3116/2001/457 3118/2003/458 3117/2004/458 3115/2002/457
f 3118/2003/458 2732/1620/267 2731/277/267 3117/2004/458
f 3120/1094/459 3122/1623/460 3121/1624/460 3119/276/459
f 3122/1623/460 3124/1627/461 3123/1628/461 3121/1624/460
f 3124/1627/461 3126/1631/462 3125/1632/462 3123/1628/461
f 3126/1631/462 3128/1635/463 3127/1636/463 3125/1632/462
f 3128/1635/463 3130/1639/464 3129/1640/464 3127/1636/463
f 3130/1639/464 3132/1643/465 3131/1644/465 3129/1640/464
f 3132/1643/465 3134/1647/466 3133/1648/466 3131/1644/465
f 3134/1647/466 3136/1651/467 3135/1652/467 3133/1648/466
f 3136/1651/467 3138/1655/468 3137/1656/468 3135/1652/467
f 3138/1655/468 3140/1659/469 3139/1660/469 3137/1656/468
f 3140/1659/469 3142/1663/470 3141/1664/470 3139/1660/469
f 3142/1663/470 3144/1667/471 3143/1668/471 3141/1664/470
f 3144/1667/471 3146/1671/472 3145/1672/472 3143/1668/471
f 3146/1671/472 3148/1675/473 3147/1676/473 3145/1672/472
f 3148/1675/473 3150/1679/474 3149/1680/474 3147/1676/473
f 3150/1679/474 3152/1683/475 3151/1684/475 3149/1680/474
f 3152/1683/475 3154/1687/476 3153/1688/476 3151/1684/475
f 3154/1687/476 3156/1691/477 3155/1692/477 3153/1688/476
f 3156/1691/477 3158/1695/478 3157/1696/478 3155/1692/477
f 3158/1695/478 3160/1699/479 3159/1700/479 3157/1696/478
f 3160/1699/479 3162/1703/480 3161/1704/480 3159/1700/479
f 3162/1703/480 3164/1707/481 3163/1708/481 3161/1704/480
f 3164/1707/481 3166/1711/482 3165/1712/482 3163/1708/481
f 3166/1711/482 3168/1715/483 3167/1716/483 3165/1712/482
f 3168/1715/483 3170/1719/484 3169/1720/484 3167/1716/483
f 3170/1719/484 3172/1723/485 3171/1724/485 3169/1720/484
f 3172/1723/485 3174/1727/486 3173/1728/486 3171/1724/485
f 3174/1727/486 3176/1731/487 3175/1732/487 3173/1728/486
f 3176/1731/487 3178/1735/488 3177/1736/488 3175/1732/487
f 3178/1735/488 3180/1739/489 3179/1740/489 3177/1736/488
f 3180/1739/489 3182/1743/490 3181/1744/490 3179/1740/489
f 3182/1743/490 3184/1747/491 3183/1748/491 3181/1744/490
f 3184/1747/491 3186/1751/492 3185/1752/492 3183/1748/491
f 3186/1751/492 3188/1755/493 3187/1756/493 3185/1752/492
f 3188/1755/493 3190/1759/494 3189/1760/494 3187/1756/493
f 3190/1759/494 3192/1763/495 3191/1764/495 3189/1760/494
f 3192/1763/495 3194/1767/496 3193/1768/496 3191/1764/495
f 3194/1767/496 3196/1771/497 3195/1772/497 3193/1768/496
f 3196/1771/497 3198/1775/498 3197/1776/498 3195/1772/497
f 3198/1775/498 3200/1779/499 3199/1780/499 3197/1776/498
f 3200/1779/499 3202/1783/500 3201/1784/500 3199/1780/499
f 3202/1783/500 3204/1787/501 3203/1788/501 3201/1784/500
f 3204/1787/501 3206/1791/502 3205/1792/502 3203/1788/501
f 3206/1791/502 3208/1795/503 3207/1796/503 3205/1792/502
f 3208/1795/503 3210/1799/504 3209/1800/504 3207/1796/503
f 3210/1799/504 3212/1803/505 3211/1804/505 3209/1800/504
f 3212/1803/505 3214/1807/506 3213/1808/506 3211/1804/505
f 3214/1807/506 3216/1811/507 3215/1812/507 3213/1808/506
f 3216/1811/507 3218/1813/508 3217/1814/508 3215/1812/507
f 3218/1813/508 3220/1817/509 3219/1818/509 3217/1814/508
f 3220/1817/509 3222/1821/510 3221/1822/510 3219/1818/509
f 3222/1821/510 3224/1825/511 3223/1826/511 3221/1822/510
f 3224/1825/511 3226/1829/512 3225/1830/512 3223/1826/511
f 3226/1829/512 3228/1833/513 3227/1834/513 3225/1830/512
f 3228/1833/513 3230/1837/514 3229/1838/514 3227/1834/513
f 3230/1837/514 3232/1841/515 3231/1842/515 3229/1838/514
f 3232/1841/515 3234/1845/516 3233/1846/516 3231/1842/515
f 3234/1845/516 3236/1849/517 3235/1850/517 3233/1846/516
f 3236/1849/517 3238/1853/518 3237/1854/518 3235/1850/517
f 3238/1853/518 3240/1857/519 3239/1858/519 3237/1854/518
f 3240/1857/519 3242/1861/520 3241/1862/520 3239/1858/519
f 3242/1861/520 3244/1865/521 3243/1866/521 3241/1862/520
f 3244/1865/521 3246/1869/522 3245/1870/522 3243/1866/521
f 3246/1869/522 3248/1873/523 3247/1874/523 3245/1870/522
f 3248/1873/523 3250/1877/524 3249/1878/524 3247/1874/523
f 3250/1877/524 3252/1881/525 3251/1882/525 3249/1878/524
f 3252/1881/525 3254/1885/526 3253/1886/526 3251/1882/525
f 3254/1885/526 3256/1889/527 3255/1890/527 3253/1886/526
f 3256/1889/527 3258/1893/528 3257/1894/528 3255/1890/527
f 3258/1893/528 3260/1897/529 3259/1898/529 3257/1894/528
f 3260/1897/529 3262/1901/530 3261/1902/530 3259/1898/529
f 3262/1901/530 3264/1905/531 3263/1906/531 3261/1902/530
f 3264/1905/531 3266/1909/532 3265/1910/532 3263/1906/531
f 3266/1909/532 3268/1913/533 3267/1914/533 3265/1910/532
f 3268/1913/533 3270/1917/534 3269/1918/534 3267/1914/533
f 3270/1917/534 3272/1921/535 3271/1922/535 3269/1918/534
f 3272/1921/535 3274/1925/536 3273/1926/536 3271/1922/535
f 3274/1925/536 3276/1929/537 3275/1930/537 3273/1926/536
f 3276/1929/537 3278/1933/538 3277/1934/538 3275/1930/537
f 3278/1933/538 3280/1937/539 3279/1938/539 3277/1934/538
f 3280/1937/539 3282/1941/540 3281/1942/540 3279/1938/539
f 3282/1941/540 3284/1945/541 3283/1946/541 3281/1942/540
f 3284/1945/541 3286/1949/542 3285/1950/542 3283/1946/541
f 3286/1949/542 3288/1953/543 3287/1954/543 3285/1950/542
f 3288/1953/543 3290/1957/544 3289/1958/544 3287/1954/543
f 3290/1957/544 3292/1961/545 3291/1962/545 3289/1958/544
f 3292/1961/545 3294/1965/546 3293/1966/546 3291/1962/545
f 3294/1965/546 3296/1969/547 3295/1970/547 3293/1966/546
f 3296/1969/547 3298/1973/548 3297/1974/548 3295/1970/547
f 3298/1973/548 3300/1977/549 3299/1978/549 3297/1974/548
f 3300/1977/549 3302/1981/550 3301/1982/550 3299/1978/549
f 3302/1981/550 3304/1985/551 3303/1986/551 3301/1982/550
f 3304/1985/551 3306/1989/552 3305/1990/552 3303/1986/551
f 3306/1989/552 3308/1993/553 3307/1994/553 3305/1990/552
f 3308/1993/553 3310/1997/554 3309/1998/554 3307/1994/553
f 3310/1997/554 3312/2001/555 3311/2002/555 3309/1998/554
f 3312/2001/555 3120/1620/459 3119/277/459 3311/2002/555
f 3314/1094/556 3316/2005/557 3315/2006/557 3313/276/556
f 3316/2005/557 3318/2007/558 3317/2008/558 3315/2006/557
f 3318/2007/558 3320/2009/559 3319/2010/559 3317/2008/558
f 3320/2009/559 3322/2011/560 3321/2012/560 3319/2010/559
f 3322/2011/560 3324/2013/561 3323/2014/561 3321/2012/560
f 3324/2013/561 3326/2015/562 3325/2016/562 3323/2014/561
f 3326/2015/562 3328/2017/563 3327/2018/563 3325/2016/562
f 3328/2017/563 3330/2019/564 3329/2020/564 3327/2018/563
f 3330/2019/564 3332/2021/565 3331/2022/565 3329/2020/564
f 3332/2021/565 3334/2023/566 3333/2024/566 3331/2022/565
f 3334/2023/566 3336/2025/567 3335/2026/567 3333/2024/566
f 3336/2025/567 3338/2027/568 3337/2028/568 3335/2026/567
f 3338/2027/568 3340/2029/569 3339/2030/569 3337/2028/568
f 3340/2029/569 3342/2031/570 3341/2032/570 3339/2030/569
f 3342/2031/570 3344/2033/571 3343/2034/571 3341/2032/570
f 3344/2033/571 3346/2035/572 3345/2036/572 3343/2034/571
f 3346/2035/572 3348/2037/573 3347/2038/573 3345/2036/572
f 3348/2037/573 3350/2039/574 3349/2040/574 3347/2038/573
f 3350/2039/574 3352/2041/575 3351/2042/575 3349/2040/574
f 3352/2041/575 3354/2043/576 3353/2044/576 3351/2042/575
f 3354/2043/576 3356/2045/577 3355/2046/577 3353/2044/576
f 3356/2045/577 3358/2047/578 3357/2048/578 3355/2046/577
f 3358/2047/578 3360/2049/579 3359/2050/579 3357/2048/578
f 3360/2049/579 3362/2051/580 3361/2052/580 3359/2050/579
f 3362/2051/580 3364/2053/581 3363/2054/581 3361/2052/580
f 3364/2053/581 3366/2055/582 3365/2056/582 3363/2054/581
f 3366/2055/582 3368/2057/583 3367/2058/583 3365/2056/582
f 3368/2057/583 3370/2059/584 3369/2060/584 3367/2058/583
f 3370/2059/584 3372/2061/585 3371/2062/585 3369/2060/584
f 3372/2061/585 3374/2063/586 3373/2064/586 3371/2062/585
f 3374/2063/586 3376/2065/587 3375/2066/587 3373/2064/586
f 3376/2065/587 3378/2067/588 3377/2068/588 3375/2066/587
f 3378/2067/588 3380/2069/589 3379/2070/589 3377/2068/588
f 3380/2069/589 3382/2071/590 3381/2072/590 3379/2070/589
f 3382/2071/590 3384/2073/591 3383/2074/591 3381/2072/590
f 3384/2073/591 3386/2075/592 3385/2076/592 3383/2074/591
f 3386/2075/592 3314/1620/556 3313/277/556 3385/2076/592
f 3388/1094/593 3390/2077/594 3389/2078/594 3387/276/593
f 3390/2077/594 3392/2079/595 3391/2080/595 3389/2078/594
f 3392/2079/595 3394/2081/596 3393/2082/596 3391/2080/595
f 3394/2081/596 3396/2083/597 3395/2084/597 3393/2082/596
f 3396/2083/597 3398/2085/598 3397/2086/598 3395/2084/597
f 3398/2085/598 3400/2087/599 3399/2088/599 3397/2086/598
f 3400/2087/599 3402/2089/600 3401/2090/600 3399/2088/599
f 3402/2089/600 3404/2091/601 3403/2092/601 3401/2090/600
f 3404/2091/601 3406/2093/602 3405/2094/602 3403/2092/601
f 3406/2093/602 3408/2095/603 3407/2096/603 3405/2094/602
f 3408/2095/603 3410/2097/604 3409/2098/604 3407/2096/603
f 3410/2097/604 3412/2099/605 3411/2100/605 3409/2098/604
f 3412/2099/605 3414/2101/606 3413/2102/606 3411/2100/605
f 3414/2101/606 3416/2103/607 3415/2104/607 3413/2102/606
f 3416/2103/607 3418/2105/608 3417/2106/608 3415/2104/607
f 3418/2105/608 3420/2107/609 3419/2108/609 3417/2106/608
f 3420/2107/609 3422/2109/610 3421/2110/610 3419/2108/609
f 3422/2109/610 3424/2111/611 3423/2112/611 3421/2110/610
f 3424/2111/611 3426/2113/612 3425/2114/612 3423/2112/611
f 3426/2113/612 3428/2115/613 3427/2116/613 3425/2114/612
f 3428/2115/613 3430/2117/614 3429/2118/614 3427/2116/613
f 3430/2117/614 3432/2119/615 3431/2120/615 3429/2118/614
f 3432/2119/615 3434/2121/616 3433/2122/616 3431/2120/615
f 3434/2121/616 3436/2123/617 3435/2124/617 3433/2122/616
f 3436/2123/617 3438/2125/618 3437/2126/618 3435/2124/617
f 3438/2125/618 3440/2127/619 3439/610/619 3437/2126/618
f 3440/2127/619 3442/2128/620 3441/2129/620 3439/610/619
f 3442/2128/620 3444/2130/621 3443/2131/621 3441/2129/620
f 3444/2130/621 3446/2132/622 3445/2133/622 3443/2131/621
f 3446/2132/622 3448/2134/623 3447/2135/623 3445/2133/622
f 3448/2134/623 3450/2136/384 3449/2137/384 3447/2135/623
f 3450/2136/384 3452/2138/624 3451/2139/624 3449/2137/384
f 3452/2138/624 3454/2140/625 3453/2141/625 3451/2139/624
f 3454/2140/625 3456/2142/626 3455/2143/626 3453/2141/625
f 3456/2142/626 3458/2144/627 3457/2145/627 3455/2143/626
f 3458/2144/627 3460/2146/628 3459/2147/628 3457/2145/627
f 3460/2146/628 3462/2148/629 3461/2149/629 3459/2147/628
f 3462/2148/629 3464/2150/630 3463/2151/630 3461/2149/629
f 3464/2150/630 3466/2152/631 3465/2153/631 3463/2151/630
f 3466/2152/631 3468/2154/632 3467/2155/632 3465/2153/631
f 3468/2154/632 3470/2156/633 3469/2157/633 3467/2155/632
f 3470/2156/633 3472/2158/634 3471/2159/634 3469/2157/633
f 3472/2158/634 3474/2160/635 3473/2161/635 3471/2159/634
f 3474/2160/635 3476/2162/636 3475/2163/636 3473/2161/635
f 3476/2162/636 3478/2164/637 3477/2165/637 3475/2163/636
f 3478/2164/637 3480/2166/638 3479/2167/638 3477/2165/637
f 3480/2166/638 3482/2168/639 3481/2169/639 3479/2167/638
f 3482/2168/639 3484/2170/640 3483/2171/640 3481/2169/639
f 3484/2170/640 3486/2172/641 3485/2173/641 3483/2171/640
f 3486/2172/641 3488/2174/642 3487/2175/642 3485/2173/641
f 3488/2174/642 3490/2176/643 3489/2177/643 3487/2175/642
f 3490/2176/643 3492/2178/644 3491/587/644 3489/2177/643
f 3492/2178/644 3494/2179/645 3493/2180/645 3491/587/644
f 3494/2179/645 3496/2181/646 3495/2182/646 3493/2180/645
f 3496/2181/646 3498/2183/647 3497/2184/647 3495/2182/646
f 3498/2183/647 3500/2185/648 3499/2186/648 3497/2184/647
f 3500/2185/648 3502/2187/649 3501/2188/649 3499/2186/648
f 3502/2187/649 3504/2189/650 3503/2190/650 3501/2188/649
f 3504/2189/650 3506/2191/651 3505/2192/651 3503/2190/650
f 3506/2191/651 3508/2193/652 3507/2194/652 3505/2192/651
f 3508/2193/652 3510/2195/653 3509/2196/653 3507/2194/652
f 3510/2195/653 3512/2197/654 3511/2198/654 3509/2196/653
f 3512/2197/654 3514/2199/655 3513/2200/655 3511/2198/654
f 3514/2199/655 3516/2201/656 3515/2202/656 3513/2200/655
f 3516/2201/656 3518/2203/657 3517/2204/657 3515/2202/656
f 3518/2203/657 3520/2205/658 3519/2206/658 3517/2204/657
f 3520/2205/658 3522/2207/659 3521/2208/659 3519/2206/658
f 3522/2207/659 3524/2209/660 3523/2210/660 3521/2208/659
f 3524/2209/660 3526/2211/661 3525/2212/661 3523/2210/660
f 3526/2211/661 3528/2213/662 3527/2214/662 3525/2212/661
f 3528/2213/662 3530/2215/663 3529/2216/663 3527/2214/662
f 3530/2215/663 3532/2217/664 3531/2218/664 3529/2216/663
f 3532/2217/664 3534/2219/665 3533/2220/665 3531/2218/664
f 3534/2219/665 3536/2221/666 3535/2222/666 3533/2220/665
f 3536/2221/666 3538/2223/667 3537/2224/667 3535/2222/666
f 3538/2223/667 3540/2225/668 3539/2226/668 3537/2224/667
f 3540/2225/668 3542/2227/669 3541/2228/669 3539/2226/668
f 3542/2227/669 3544/2229/670 3543/637/670 3541/2228/669
f 3544/2229/670 3546/2230/671 3545/2231/671 3543/637/670
f 3546/2230/671 3548/2232/672 3547/2233/672 3545/2231/671
f 3548/2232/672 3550/2234/673 3549/2235/673 3547/2233/672
f 3550/2234/673 3552/2236/674 3551/2237/674 3549/2235/673
f 3552/2236/674 3554/2238/675 3553/2239/675 3551/2237/674
f 3554/2238/675 3556/2240/363 3555/2241/363 3553/2239/675
f 3556/2240/363 3558/2242/676 3557/2243/676 3555/2241/363
f 3558/2242/676 3560/2244/677 3559/2245/677 3557/2243/676
f 3560/2244/677 3562/2246/678 3561/2247/678 3559/2245/677
f 3562/2246/678 3564/2248/679 3563/2249/679 3561/2247/678
f 3564/2248/679 3566/2250/680 3565/2251/680 3563/2249/679
f 3566/2250/680 3568/2252/681 3567/2253/681 3565/2251/680
f 3568/2252/681 3570/1357/682 3569/461/682 3567/2253/681
f 3570/1357/682 3572/2254/683 3571/2255/683 3569/461/682
f 3572/2254/683 3574/2256/684 3573/2257/684 3571/2255/683
f 3574/2256/684 3576/2258/685 3575/2259/685 3573/2257/684
f 3576/2258/685 3578/2260/686 3577/2261/686 3575/2259/685
f 3578/2260/686 3580/2262/687 3579/2263/687 3577/2261/686
f 3580/2262/687 3582/2264/688 3581/2265/688 3579/2263/687
f 3582/2264/688 3584/2266/689 3583/2267/689 3581/2265/688
f 3584/2266/689 3586/2268/690 3585/2269/690 3583/2267/689
f 3586/2268/690 3588/2270/691 3587/2271/691 3585/2269/690
f 3588/2270/691 3590/2272/692 3589/2273/692 3587/2271/691
f 3590/2272/692 3592/2274/693 3591/2275/693 3589/2273/692
f 3592/2274/693 3594/2276/694 3593/2277/694 3591/2275/693
f 3594/2276/694 3596/2278/695 3595/532/695 3593/2277/694
f 3596/2278/695 3598/2279/696 3597/2280/696 3595/532/695
f 3598/2279/696 3600/2281/697 3599/2282/697 3597/2280/696
f 3600/2281/697 3602/2283/698 3601/2284/698 3599/2282/697
f 3602/2283/698 3604/2285/699 3603/2286/699 3601/2284/698
f 3604/2285/699 3606/2287/700 3605/2288/700 3603/2286/699
f 3606/2287/700 3608/2289/701 3607/2290/701 3605/2288/700
f 3608/2289/701 3610/2291/702 3609/2292/702 3607/2290/701
f 3610/2291/702 3612/2293/703 3611/2294/703 3609/2292/702
f 3612/2293/703 3614/2295/704 3613/2296/704 3611/2294/703
f 3614/2295/704 3616/2297/705 3615/2298/705 3613/2296/704
f 3616/2297/705 3618/2299/706 3617/2300/706 3615/2298/705
f 3618/2299/706 3620/2301/707 3619/2302/707 3617/2300/706
f 3620/2301/707 3622/2303/708 3621/2304/708 3619/2302/707
f 3622/2303/708 3624/2305/709 3623/2306/709 3621/2304/708
f 3624/2305/709 3626/2307/710 3625/2308/710 3623/2306/709
f 3626/2307/710 3628/2309/711 3627/2310/711 3625/2308/710
f 3628/2309/711 3630/2311/712 3629/2312/712 3627/2310/711
f 3630/2311/712 3632/2313/713 3631/2314/713 3629/2312/712
f 3632/2313/713 3634/2315/714 3633/2316/714 3631/2314/713
f 3634/2315/714 3636/2317/715 3635/2318/715 3633/2316/714
f 3636/2317/715 3638/2319/716 3637/2320/716 3635/2318/715
f 3638/2319/716 3640/2321/717 3639/2322/717 3637/2320/716
f 3640/2321/717 3642/2323/718 3641/2324/718 3639/2322/717
f 3642/2323/718 3644/2325/719 3643/2326/719 3641/2324/718
f 3644/2325/719 3646/2327/720 3645/2328/720 3643/2326/719
f 3646/2327/720 3648/2329/721 3647/567/721 3645/2328/720
f 3648/2329/721 3650/2330/722 3649/2331/722 3647/567/721
f 3650/2330/722 3652/2332/723 3651/2333/723 3649/2331/722
f 3652/2332/723 3654/2334/724 3653/2335/724 3651/2333/723
f 3654/2334/724 3656/2336/725 3655/2337/725 3653/2335/724
f 3656/2336/725 3658/2338/726 3657/2339/726 3655/2337/725
f 3658/2338/726 3660/2340/727 3659/2341/727 3657/2339/726
f 3660/2340/727 3662/2342/232 3661/2343/232 3659/2341/727
f 3662/2342/232 3664/2344/728 3663/2345/728 3661/2343/232
f 3664/2344/728 3666/2346/729 3665/2347/729 3663/2345/728
f 3666/2346/729 3668/2348/730 3667/2349/730 3665/2347/729
f 3668/2348/730 3670/2350/731 3669/2351/731 3667/2349/730
f 3670/2350/731 3672/2352/732 3671/2353/732 3669/2351/731
f 3672/2352/732 3674/2354/733 3673/2355/733 3671/2353/732
f 3674/2354/733 3676/2356/734 3675/2357/734 3673/2355/733
f 3676/2356/734 3678/2358/735 3677/2359/735 3675/2357/734
f 3678/2358/735 3680/2360/736 3679/2361/736 3677/2359/735
f 3680/2360/736 3682/2362/737 3681/2363/737 3679/2361/736
f 3682/2362/737 3684/2364/738 3683/2365/738 3681/2363/737
f 3684/2364/738 3686/2366/739 3685/2367/739 3683/2365/738
f 3686/2366/739 3688/2368/740 3687/2369/740 3685/2367/739
f 3688/2368/740 3690/2370/741 3689/2371/741 3687/2369/740
f 3690/2370/741 3692/2372/742 3691/2373/742 3689/2371/741
f 3692/2372/742 3694/2374/743 3693/2375/743 3691/2373/742
f 3694/2374/743 3696/2376/744 3695/2377/744 3693/2375/743
f 3696/2376/744 3698/2378/745 3697/2379/745 3695/2377/744
f 3698/2378/745 3700/2380/606 3699/537/606 3697/2379/745
f 3700/2380/606 3702/2381/746 3701/2382/746 3699/537/606
f 3702/2381/746 3704/2383/747 3703/2384/747 3701/2382/746
f 3704/2383/747 3706/2385/748 3705/2386/748 3703/2384/747
f 3706/2385/748 3708/2387/749 3707/2388/749 3705/2386/748
f 3708/2387/749 3710/2389/750 3709/2390/750 3707/2388/749
f 3710/2389/750 3712/2391/751 3711/2392/751 3709/2390/750
f 3712/2391/751 3714/2393/752 3713/2394/752 3711/2392/751
f 3714/2393/752 3716/2395/753 3715/2396/753 3713/2394/752
f 3716/2395/753 3718/2397/754 3717/2398/754 3715/2396/753
f 3718/2397/754 3720/2399/755 3719/2400/755 3717/2398/754
f 3720/2399/755 3722/2401/756 3721/2402/756 3719/2400/755
f 3722/2401/756 3724/2403/757 3723/2404/757 3721/2402/756
f 3724/2403/757 3726/2405/758 3725/2406/758 3723/2404/757
f 3726/2405/758 3728/2407/759 3727/2408/759 3725/2406/758
f 3728/2407/759 3730/2409/760 3729/2410/760 3727/2408/759
f 3730/2409/760 3732/2411/761 3731/2412/761 3729/2410/760
f 3732/2411/761 3734/2413/762 3733/2414/762 3731/2412/761
f 3734/2413/762 3736/2415/763 3735/2416/763 3733/2414/762
f 3736/2415/763 3738/2417/764 3737/2418/764 3735/2416/763
f 3738/2417/764 3740/2419/765 3739/2420/765 3737/2418/764
f 3740/2419/765 3742/2421/766 3741/2422/766 3739/2420/765
f 3742/2421/766 3744/2423/767 3743/2424/767 3741/2422/766
f 3744/2423/767 3746/2425/768 3745/2426/768 3743/2424/767
f 3746/2425/768 3748/2427/769 3747/2428/769 3745/2426/768
f 3748/2427/769 3750/2429/770 3749/2430/770 3747/2428/769
f 3750/2429/770 3388/1620/593 3387/277/593 3749/2430/770
f 3752/1094/771 3754/2431/772 3753/2432/772 3751/276/771
f 3754/2431/772 3756/2433/773 3755/2434/773 3753/2432/772
f 3756/2433/773 3758/2435/774 3757/2436/774 3755/2434/773
f 3758/2435/774 3760/2437/775 3759/2438/775 3757/2436/774
f 3760/2437/775 3762/2439/776 3761/2440/776 3759/2438/775
f 3762/2439/776 3764/2441/777 3763/2442/777 3761/2440/776
f 3764/2441/777 3766/2127/778 3765/610/778 3763/2442/777
f 3766/2127/778 3768/2443/779 3767/2444/779 3765/610/778
f 3768/2443/779 3770/2445/780 3769/2446/780 3767/2444/779
f 3770/2445/780 3772/2447/781 3771/2448/781 3769/2446/780
f 3772/2447/781 3774/2449/782 3773/2450/782 3771/2448/781
f 3774/2449/782 3776/2451/783 3775/2452/783 3773/2450/782
f 3776/2451/783 3778/2453/784 3777/2454/784 3775/2452/783
f 3778/2453/784 3780/2178/785 3779/587/785 3777/2454/784
f 3780/2178/785 3782/2455/786 3781/2456/786 3779/587/785
f 3782/2455/786 3784/2457/622 3783/2458/622 3781/2456/786
f 3784/2457/622 3786/2459/787 3785/2460/787 3783/2458/622
f 3786/2459/787 3788/2461/788 3787/2462/788 3785/2460/787
f 3788/2461/788 3790/2463/789 3789/2464/789 3787/2462/788
f 3790/2463/789 3792/2465/790 3791/2466/790 3789/2464/789
f 3792/2465/790 3794/2229/791 3793/637/791 3791/2466/790
f 3794/2229/791 3796/2467/792 3795/2468/792 3793/637/791
f 3796/2467/792 3798/2469/793 3797/2470/793 3795/2468/792
f 3798/2469/793 3800/2471/794 3799/2472/794 3797/2470/793
f 3800/2471/794 3802/2473/795 3801/2474/795 3799/2472/794
f 3802/2473/795 3804/2475/796 3803/2476/796 3801/2474/795
f 3804/2475/796 3806/2477/797 3805/2478/797 3803/2476/796
f 3806/2477/797 3808/2278/798 3807/532/798 3805/2478/797
f 3808/2278/798 3810/2479/799 3809/2480/799 3807/532/798
f 3810/2479/799 3812/2481/800 3811/2482/800 3809/2480/799
f 3812/2481/800 3814/2483/801 3813/2484/801 3811/2482/800
f 3814/2483/801 3816/2485/802 3815/2486/802 3813/2484/801
f 3816/2485/802 3818/2487/803 3817/2488/803 3815/2486/802
f 3818/2487/803 3820/2489/804 3819/2490/804 3817/2488/803
f 3820/2489/804 3822/2329/805 3821/567/805 3819/2490/804
f 3822/2329/805 3824/2491/806 3823/2492/806 3821/567/805
f 3824/2491/806 3826/2493/807 3825/2494/807 3823/2492/806
f 3826/2493/807 3828/2495/808 3827/2496/808 3825/2494/807
f 3828/2495/808 3830/2497/809 3829/2498/809 3827/2496/808
f 3830/2497/809 3832/2499/810 3831/2500/810 3829/2498/809
f 3832/2499/810 3834/2501/811 3833/2502/811 3831/2500/810
f 3834/2501/811 3836/2380/812 3835/537/812 3833/2502/811
f 3836/2380/812 3838/2503/813 3837/2504/813 3835/537/812
f 3838/2503/813 3840/2505/814 3839/2506/814 3837/2504/813
f 3840/2505/814 3842/2507/815 3841/2508/815 3839/2506/814
f 3842/2507/815 3844/2509/816 3843/2510/816 3841/2508/815
f 3844/2509/816 3846/2511/817 3845/2512/817 3843/2510/816
f 3846/2511/817 3848/2513/818 3847/2514/818 3845/2512/817
f 3848/2513/818 3752/1620/771 3751/277/771 3847/2514/818
f 3850/1094/819 3852/2515/820 3851/2516/820 3849/276/819
f 3852/2515/820 3854/2517/821 3853/2518/821 3851/2516/820
f 3854/2517/821 3856/2519/822 3855/2520/822 3853/2518/821
f 3856/2519/822 3858/2521/823 3857/2522/823 3855/2520/822
f 3858/2521/823 3860/2523/824 3859/2524/824 3857/2522/823
f 3860/2523/824 3862/2525/825 3861/2526/825 3859/2524/824
f 3862/2525/825 3864/2527/826 3863/2528/826 3861/2526/825
f 3864/2527/826 3866/2529/827 3865/2530/827 3863/2528/826
f 3866/2529/827 3868/2531/828 3867/2532/828 3865/2530/827
f 3868/2531/828 3870/2533/829 3869/2534/829 3867/2532/828
f 3870/2533/829 3872/2535/830 3871/2536/830 3869/2534/829
f 3872/2535/830 3874/2537/831 3873/2538/831 3871/2536/830
f 3874/2537/831 3876/2539/832 3875/2540/832 3873/2538/831
f 3876/2539/832 3878/2541/833 3877/2542/833 3875/2540/832
f 3878/2541/833 3880/2543/834 3879/2544/834 3877/2542/833
f 3880/2543/834 3882/2545/835 3881/2546/835 3879/2544/834
f 3882/2545/835 3884/2547/836 3883/2548/836 3881/2546/835
f 3884/2547/836 3886/2549/837 3885/2550/837 3883/2548/836
f 3886/2549/837 3888/2551/838 3887/2552/838 3885/2550/837
f 3888/2551/838 3890/2553/839 3889/2554/839 3887/2552/838
f 3890/2553/839 3892/2555/840 3891/2556/840 3889/2554/839
f 3892/2555/840 3894/2557/841 3893/2558/841 3891/2556/840
f 3894/2557/841 3896/2559/842 3895/2560/842 3893/2558/841
f 3896/2559/842 3898/2561/843 3897/2562/843 3895/2560/842
f 3898/2561/843 3900/2563/844 3899/2564/844 3897/2562/843
f 3900/2563/844 3902/2565/845 3901/2566/845 3899/2564/844
f 3902/2565/845 3904/2567/846 3903/2568/846 3901/2566/845
f 3904/2567/846 3906/2569/847 3905/2570/847 3903/2568/846
f 3906/2569/847 3908/2571/848 3907/2572/848 3905/2570/847
f 3908/2571/848 3910/2573/849 3909/2574/849 3907/2572/848
f 3910/2573/849 3912/2575/850 3911/2576/850 3909/2574/849
f 3912/2575/850 3914/2577/851 3913/2578/851 3911/2576/850
f 3914/2577/851 3916/2579/852 3915/2580/852 3913/2578/851
f 3916/2579/852 3918/2581/853 3917/2582/853 3915/2580/852
f 3918/2581/853 3920/2583/854 3919/2584/854 3917/2582/853
f 3920/2583/854 3922/2585/267 3921/2586/267 3919/2584/854
f 3922/2585/267 3924/2587/855 3923/2588/855 3921/2586/267
f 3924/2587/855 3926/2589/856 3925/2590/856 3923/2588/855
f 3926/2589/856 3928/2591/857 3927/2592/857 3925/2590/856
f 3928/2591/857 3930/2593/858 3929/2594/858 3927/2592/857
f 3930/2593/858 3932/2595/859 3931/2596/859 3929/2594/858
f 3932/2595/859 3934/2597/860 3933/2598/860 3931/2596/859
f 3934/2597/860 3936/2599/861 3935/2600/861 3933/2598/860
f 3936/2599/861 3938/2601/862 3937/2602/862 3935/2600/861
f 3938/2601/862 3940/2603/863 3939/2604/863 3937/2602/862
f 3940/2603/863 3942/2605/864 3941/2606/864 3939/2604/863
f 3942/2605/864 3944/2607/865 3943/2608/865 3941/2606/864
f 3944/2607/865 3946/2609/866 3945/2610/866 3943/2608/865
f 3946/2609/866 3948/2611/867 3947/2612/867 3945/2610/866
f 3948/2611/867 3950/2613/868 3949/2614/868 3947/2612/867
f 3950/2613/868 3952/2615/869 3951/2616/869 3949/2614/868
f 3952/2615/869 3954/2617/870 3953/2618/870 3951/2616/869
f 3954/2617/870 3956/2619/871 3955/2620/871 3953/2618/870
f 3956/2619/871 3958/2621/872 3957/2622/872 3955/2620/871
f 3958/2621/872 3960/2623/873 3959/2624/873 3957/2622/872
f 3960/2623/873 3962/2625/874 3961/2626/874 3959/2624/873
f 3962/2625/874 3964/2627/875 3963/2628/875 3961/2626/874
f 3964/2627/875 3966/2629/876 3965/2630/876 3963/2628/875
f 3966/2629/876 3968/2631/877 3967/2632/877 3965/2630/876
f 3968/2631/877 3970/2633/878 3969/2634/878 3967/2632/877
f 3970/2633/878 3972/2635/879 3971/2636/879 3969/2634/878
f 3972/2635/879 3974/2637/880 3973/2638/880 3971/2636/879
f 3974/2637/880 3976/2639/881 3975/2640/881 3973/2638/880
f 3976/2639/881 3978/2641/882 3977/2642/882 3975/2640/881
f 3978/2641/882 3980/2643/883 3979/2644/883 3977/2642/882
f 3980/2643/883 3982/2645/884 3981/2646/884 3979/2644/883
f 3982/2645/884 3984/2647/885 3983/2648/885 3981/2646/884
f 3984/2647/885 3986/2649/886 3985/2650/886 3983/2648/885
f 3986/2649/886 3988/2651/887 3987/2652/887 3985/2650/886
f 3988/2651/887 3990/2653/888 3989/2654/888 3987/2652/887
f 3990/2653/888 3992/2655/889 3991/2656/889 3989/2654/888
f 3992/2655/889 3994/2657/303 3993/2658/303 3991/2656/889
f 3994/2657/303 3996/2659/890 3995/2660/890 3993/2658/303
f 3996/2659/890 3998/2661/891 3997/2662/891 3995/2660/890
f 3998/2661/891 4000/2663/891 3999/2664/891 3997/2662/891
f 4000/2663/891 4002/2665/892 4001/2666/892 3999/2664/891
f 4002/2665/892 4004/2667/893 4003/2668/893 4001/2666/892
f 4004/2667/893 4006/2669/894 4005/2670/894 4003/2668/893
f 4006/2669/894 4008/2671/895 4007/2672/895 4005/2670/894
f 4008/2671/895 4010/2673/896 4009/2674/896 4007/2672/895
f 4010/2673/896 4012/2675/897 4011/2676/897 4009/2674/896
f 4012/2675/897 4014/2677/898 4013/2678/898 4011/2676/897
f 4014/2677/898 4016/2679/899 4015/2680/899 4013/2678/898
f 4016/2679/899 4018/2681/900 4017/2682/900 4015/2680/899
f 4018/2681/900 4020/2683/901 4019/2684/901 4017/2682/900
f 4020/2683/901 4022/2685/902 4021/2686/902 4019/2684/901
f 4022/2685/902 4024/2687/903 4023/2688/903 4021/2686/902
f 4024/2687/903 4026/2689/904 4025/2690/904 4023/2688/903
f 4026/2689/904 4028/2691/905 4027/2692/905 4025/2690/904
f 4028/2691/905 4030/2693/906 4029/2694/906 4027/2692/905
f 4030/2693/906 4032/2695/907 4031/2696/907 4029/2694/906
f 4032/2695/907 4034/2697/908 4033/2698/908 4031/2696/907
f 4034/2697/908 4036/2699/909 4035/2700/909 4033/2698/908
f 4036/2699/909 4038/2701/910 4037/2702/910 4035/2700/909
f 4038/2701/910 4040/2703/911 4039/2704/911 4037/2702/910
f 4040/2703/911 4042/2705/912 4041/2706/912 4039/2704/911
f 4042/2705/912 4044/2707/913 4043/2708/913 4041/2706/912
f 4044/2707/913 4046/2709/914 4045/2710/914 4043/2708/913
f 4046/2709/914 4048/2711/915 4047/2712/915 4045/2710/914
f 4048/2711/915 4050/2713/916 4049/2714/916 4047/2712/915
f 4050/2713/916 4052/2715/917 4051/2716/917 4049/2714/916
f 4052/2715/917 4054/2717/918 4053/2718/918 4051/2716/917
f 4054/2717/918 4056/2719/919 4055/2720/919 4053/2718/918
f 4056/2719/919 4058/2721/920 4057/2722/920 4055/2720/919
f 4058/2721/920 4060/2723/921 4059/2724/921 4057/2722/920
f 4060/2723/921 4062/2725/922 4061/2726/922 4059/2724/921
f 4062/2725/922 4064/2727/923 4063/2728/923 4061/2726/922
f 4064/2727/923 4066/2729/924 4065/2730/924 4063/2728/923
f 4066/2729/924 4068/2731/925 4067/2732/925 4065/2730/924
f 4068/2731/925 4070/2733/926 4069/2734/926 4067/2732/925
f 4070/2733/926 4072/2735/927 4071/2736/927 4069/2734/926
f 4072/2735/927 4074/2737/928 4073/2738/928 4071/2736/927
f 4074/2737/928 4076/2739/929 4075/2740/929 4073/2738/928
f 4076/2739/929 4078/2741/675 4077/2742/675 4075/2740/929
f 4078/2741/675 4080/2743/930 4079/2744/930 4077/2742/675
f 4080/2743/930 4082/2745/931 4081/2746/931 4079/2744/930
f 4082/2745/931 4084/2747/932 4083/2748/932 4081/2746/931
f 4084/2747/932 4086/2749/933 4085/2750/933 4083/2748/932
f 4086/2749/933 4088/2751/934 4087/2752/934 4085/2750/933
f 4088/2751/934 4090/2753/935 4089/2754/935 4087/2752/934
f 4090/2753/935 4092/2755/936 4091/2756/936 4089/2754/935
f 4092/2755/936 4094/2757/937 4093/2758/937 4091/2756/936
f 4094/2757/937 4096/2759/938 4095/2760/938 4093/2758/937
f 4096/2759/938 4098/2761/939 4097/2762/939 4095/2760/938
f 4098/2761/939 4100/2763/940 4099/2764/940 4097/2762/939
f 4100/2763/940 4102/2765/941 4101/2766/941 4099/2764/940
f 4102/2765/941 4104/2767/942 4103/2768/942 4101/2766/941
f 4104/2767/942 4106/2769/943 4105/2770/943 4103/2768/942
f 4106/2769/943 4108/2771/944 4107/2772/944 4105/2770/943
f 4108/2771/944 4110/2773/945 4109/2774/945 4107/2772/944
f 4110/2773/945 4112/2775/946 4111/2776/946 4109/2774/945
f 4112/2775/946 4114/2777/947 4113/2778/947 4111/2776/946
f 4114/2777/947 4116/2779/948 4115/2780/948 4113/2778/947
f 4116/2779/948 4118/2781/949 4117/2782/949 4115/2780/948
f 4118/2781/949 4120/2783/950 4119/2784/950 4117/2782/949
f 4120/2783/950 4122/2785/951 4121/2786/951 4119/2784/950
f 4122/2785/951 4124/2787/952 4123/2788/952 4121/2786/951
f 4124/2787/952 4126/2789/953 4125/2790/953 4123/2788/952
f 4126/2789/953 4128/1357/954 4127/461/954 4125/2790/953
f 4128/1357/954 4130/2791/955 4129/2792/955 4127/461/954
f 4130/2791/955 4132/2793/956 4131/2794/956 4129/2792/955
f 4132/2793/956 4134/2795/957 4133/2796/957 4131/2794/956
f 4134/2795/957 4136/2797/958 4135/2798/958 4133/2796/957
f 4136/2797/958 4138/2799/959 4137/2800/959 4135/2798/958
f 4138/2799/959 4140/2801/960 4139/2802/960 4137/2800/959
f 4140/2801/960 4142/2803/961 4141/2804/961 4139/2802/960
f 4142/2803/961 4144/2805/962 4143/2806/962 4141/2804/961
f 4144/2805/962 4146/2807/963 4145/2808/963 4143/2806/962
f 4146/2807/963 4148/2809/964 4147/2810/964 4145/2808/963
f 4148/2809/964 4150/2811/965 4149/2812/965 4147/2810/964
f 4150/2811/965 4152/2813/966 4151/2814/966 4149/2812/965
f 4152/2813/966 4154/2815/967 4153/2816/967 4151/2814/966
f 4154/2815/967 4156/2817/968 4155/2818/968 4153/2816/967
f 4156/2817/968 4158/2819/969 4157/2820/969 4155/2818/968
f 4158/2819/969 4160/2821/970 4159/2822/970 4157/2820/969
f 4160/2821/970 4162/2823/971 4161/2824/971 4159/2822/970
f 4162/2823/971 4164/2825/972 4163/2826/972 4161/2824/971
f 4164/2825/972 4166/2827/973 4165/2828/973 4163/2826/972
f 4166/2827/973 4168/2829/974 4167/2830/974 4165/2828/973
f 4168/2829/974 4170/2831/975 4169/2832/975 4167/2830/974
f 4170/2831/975 4172/2833/976 4171/2834/976 4169/2832/975
f 4172/2833/976 4174/2835/977 4173/2836/977 4171/2834/976
f 4174/2835/977 4176/2837/978 4175/2838/978 4173/2836/977
f 4176/2837/978 4178/2839/979 4177/2840/979 4175/2838/978
f 4178/2839/979 4180/2841/980 4179/2842/980 4177/2840/979
f 4180/2841/980 4182/2843/981 4181/2844/981 4179/2842/980
f 4182/2843/981 4184/2845/982 4183/2846/982 4181/2844/981
f 4184/2845/982 4186/2847/983 4185/2848/983 4183/2846/982
f 4186/2847/983 4188/2849/984 4187/2850/984 4185/2848/983
f 4188/2849/984 4190/2851/985 4189/2852/985 4187/2850/984
f 4190/2851/985 4192/2853/986 4191/2854/986 4189/2852/985
f 4192/2853/986 4194/2855/987 4193/2856/987 4191/2854/986
f 4194/2855/987 4196/2857/988 4195/2858/988 4193/2856/987
f 4196/2857/988 4198/2859/989 4197/2860/989 4195/2858/988
f 4198/2859/989 4200/2861/990 4199/2862/990 4197/2860/989
f 4200/2861/990 4202/2863/991 4201/2864/991 4199/2862/990
f 4202/2863/991 4204/2865/992 4203/2866/992 4201/2864/991
f 4204/2865/992 4206/2867/993 4205/2868/993 4203/2866/992
f 4206/2867/993 4208/2869/994 4207/2870/994 4205/2868/993
f 4208/2869/994 4210/2871/995 4209/2872/995 4207/2870/994
f 4210/2871/995 4212/2873/996 4211/2874/996 4209/2872/995
f 4212/2873/996 4214/2875/997 4213/2876/997 4211/2874/996
f 4214/2875/997 4216/2877/998 4215/2878/998 4213/2876/997
f 4216/2877/998 4218/2879/999 4217/2880/999 4215/2878/998
f 4218/2879/999 4220/2881/1000 4219/2882/1000 4217/2880/999
f 4220/2881/1000 4222/2883/1001 4221/2884/1001 4219/2882/1000
f 4222/2883/1001 4224/2885/1002 4223/2886/1002 4221/2884/1001
f 4224/2885/1002 4226/2887/1003 4225/2888/1003 4223/2886/1002
f 4226/2887/1003 4228/2889/1004 4227/2890/1004 4225/2888/1003
f 4228/2889/1004 4230/2891/1005 4229/2892/1005 4227/2890/1004
f 4230/2891/1005 4232/2893/440 4231/2894/440 4229/2892/1005
f 4232/2893/440 4234/2895/1006 4233/2896/1006 4231/2894/440
f 4234/2895/1006 4236/2897/1007 4235/2898/1007 4233/2896/1006
f 4236/2897/1007 4238/2899/1008 4237/2900/1008 4235/2898/1007
f 4238/2899/1008 4240/2901/1009 4239/2902/1009 4237/2900/1008
f 4240/2901/1009 4242/2903/1010 4241/2904/1010 4239/2902/1009
f 4242/2903/1010 4244/2905/1011 4243/2906/1011 4241/2904/1010
f 4244/2905/1011 4246/2907/1012 4245/2908/1012 4243/2906/1011
f 4246/2907/1012 4248/2909/1013 4247/2910/1013 4245/2908/1012
f 4248/2909/1013 4250/2911/1014 4249/2912/1014 4247/2910/1013
f 4250/2911/1014 4252/2913/1015 4251/2914/1015 4249/2912/1014
f 4252/2913/1015 4254/2915/1016 4253/2916/1016 4251/2914/1015
f 4254/2915/1016 4256/2917/1017 4255/2918/1017 4253/2916/1016
f 4256/2917/1017 4258/2919/1018 4257/2920/1018 4255/2918/1017
f 4258/2919/1018 4260/2921/1019 4259/2922/1019 4257/2920/1018
f 4260/2921/1019 4262/2923/1020 4261/2924/1020 4259/2922/1019
f 4262/2923/1020 4264/2925/1021 4263/2926/1021 4261/2924/1020
f 4264/2925/1021 4266/2927/1022 4265/2928/1022 4263/2926/1021
f 4266/2927/1022 4268/2929/1023 4267/2930/1023 4265/2928/1022
f 4268/2929/1023 4270/2931/1024 4269/2932/1024 4267/2930/1023
f 4270/2931/1024 4272/2933/1025 4271/2934/1025 4269/2932/1024
f 4272/2933/1025 4274/2935/1026 4273/2936/1026 4271/2934/1025
f 4274/2935/1026 4276/2937/1027 4275/2938/1027 4273/2936/1026
f 4276/2937/1027 4278/2939/1028 4277/2940/1028 4275/2938/1027
f 4278/2939/1028 4280/2941/1029 4279/2942/1029 4277/2940/1028
f 4280/2941/1029 4282/2943/1030 4281/2944/1030 4279/2942/1029
f 4282/2943/1030 4284/2945/363 4283/2946/363 4281/2944/1030
f 4284/2945/363 4286/2947/364 4285/2948/364 4283/2946/363
f 4286/2947/364 4288/2949/365 4287/2950/365 4285/2948/364
f 4288/2949/365 4290/2951/1031 4289/2952/1031 4287/2950/365
f 4290/2951/1031 4292/2953/367 4291/2954/367 4289/2952/1031
f 4292/2953/367 4294/2955/368 4293/2956/368 4291/2954/367
f 4294/2955/368 4296/2957/1032 4295/2958/1032 4293/2956/368
f 4296/2957/1032 4298/2959/370 4297/2960/370 4295/2958/1032
f 4298/2959/370 4300/2961/371 4299/2962/371 4297/2960/370
f 4300/2961/371 4302/2963/372 4301/2964/372 4299/2962/371
f 4302/2963/372 4304/2965/373 4303/2966/373 4301/2964/372
f 4304/2965/373 4306/2967/374 4305/2968/374 4303/2966/373
f 4306/2967/374 4308/2969/1033 4307/2970/1033 4305/2968/374
f 4308/2969/1033 4310/2971/1034 4309/2972/1034 4307/2970/1033
f 4310/2971/1034 4312/2973/1035 4311/2974/1035 4309/2972/1034
f 4312/2973/1035 4314/2975/1036 4313/2976/1036 4311/2974/1035
f 4314/2975/1036 4316/2977/1037 4315/2978/1037 4313/2976/1036
f 4316/2977/1037 4318/2979/1038 4317/2980/1038 4315/2978/1037
f 4318/2979/1038 4320/2981/1039 4319/2982/1039 4317/2980/1038
f 4320/2981/1039 4322/2983/1040 4321/2984/1040 4319/2982/1039
f 4322/2983/1040 4324/2985/1041 4323/2986/1041 4321/2984/1040
f 4324/2985/1041 4326/2987/1042 4325/2988/1042 4323/2986/1041
f 4326/2987/1042 4328/2989/1043 4327/2990/1043 4325/2988/1042
f 4328/2989/1043 4330/2991/1044 4329/2992/1044 4327/2990/1043
f 4330/2991/1044 4332/2993/387 4331/2994/387 4329/2992/1044
f 4332/2993/387 4334/2995/87 4333/2996/87 4331/2994/387
f 4334/2995/87 4336/2997/88 4335/2998/88 4333/2996/87
f 4336/2997/88 4338/2999/89 4337/3000/89 4335/2998/88
f 4338/2999/89 4340/3001/90 4339/3002/90 4337/3000/89
f 4340/3001/90 4342/3003/91 4341/3004/91 4339/3002/90
f 4342/3003/91 4344/3005/92 4343/3006/92 4341/3004/91
f 4344/3005/92 4346/3007/93 4345/3008/93 4343/3006/92
f 4346/3007/93 4348/3009/94 4347/3010/94 4345/3008/93
f 4348/3009/94 4350/3011/95 4349/3012/95 4347/3010/94
f 4350/3011/95 4352/3013/96 4351/3014/96 4349/3012/95
f 4352/3013/96 4354/3015/97 4353/3016/97 4351/3014/96
f 4354/3015/97 4356/3017/1045 4355/3018/1045 4353/3016/97
f 4356/3017/1045 4358/3019/399 4357/3020/399 4355/3018/1045
f 4358/3019/399 4360/3021/400 4359/3022/400 4357/3020/399
f 4360/3021/400 4362/3023/401 4361/3024/401 4359/3022/400
f 4362/3023/401 4364/3025/402 4363/3026/402 4361/3024/401
f 4364/3025/402 4366/3027/403 4365/3028/403 4363/3026/402
f 4366/3027/403 4368/3029/404 4367/3030/404 4365/3028/403
f 4368/3029/404 4370/3031/405 4369/3032/405 4367/3030/404
f 4370/3031/405 4372/3033/406 4371/3034/406 4369/3032/405
f 4372/3033/406 4374/3035/407 4373/3036/407 4371/3034/406
f 4374/3035/407 4376/3037/408 4375/3038/408 4373/3036/407
f 4376/3037/408 4378/3039/409 4377/3040/409 4375/3038/408
f 4378/3039/409 4380/3041/410 4379/3042/410 4377/3040/409
f 4380/3041/410 4382/3043/411 4381/3044/411 4379/3042/410
f 4382/3043/411 4384/3045/1046 4383/3046/1046 4381/3044/411
f 4384/3045/1046 4386/3047/1047 4385/3048/1047 4383/3046/1046
f 4386/3047/1047 4388/3049/1048 4387/3050/1048 4385/3048/1047
f 4388/3049/1048 4390/3051/1049 4389/3052/1049 4387/3050/1048
f 4390/3051/1049 4392/3053/1050 4391/3054/1050 4389/3052/1049
f 4392/3053/1050 4394/3055/1051 4393/3056/1051 4391/3054/1050
f 4394/3055/1051 4396/3057/418 4395/3058/418 4393/3056/1051
f 4396/3057/418 4398/3059/1052 4397/3060/1052 4395/3058/418
f 4398/3059/1052 4400/3061/1053 4399/3062/1053 4397/3060/1052
f 4400/3061/1053 4402/3063/1054 4401/3064/1054 4399/3062/1053
f 4402/3063/1054 4404/3065/1055 4403/3066/1055 4401/3064/1054
f 4404/3065/1055 3850/1620/819 3849/277/819 4403/3066/1055
